2026-07-23 14:16:59 | INFO     | ─── Phase 0: Dependency Check ───
2026-07-23 14:16:59 | INFO     |   ✓  AutoDock Vina binary found on PATH (version: AutoDock Vina v1.2.7)
2026-07-23 14:16:59 | INFO     |   ✓  OpenBabel binary found on PATH (version: Open Babel 3.1.0 -- Feb 17 2026 -- 07:27:20
Usage:
obabel [-i<input-type>] <infilename> [-o<output-type>] -O<outfilename> [Options]
Try  -H option for more information.)
2026-07-23 14:16:59 | INFO     |   ✓  All required Python packages found.
2026-07-23 14:16:59 | INFO     | ─── Phase 1: Target Preparation & Centroid Calculation ───
2026-07-23 14:16:59 | INFO     |   NOTE: bundled tests/data/*.pdb files are minimal mock structures for offline CI runs — they are NOT real crystallographic models. Any redocking RMSD computed against them is non-physical and must not be interpreted as a protocol-quality metric.
2026-07-23 14:16:59 | INFO     |   Run mode (from config): science
2026-07-23 14:16:59 | INFO     |   Structure 3ZG0 already local: output/pdb/3ZG0.pdb
2026-07-23 14:16:59 | INFO     |   Structure 1VQQ already local: output/pdb/1VQQ.pdb
2026-07-23 14:16:59 | INFO     |   Structure 1UTN already local: output/pdb/1UTN.pdb
2026-07-23 14:16:59 | INFO     |   Structure 1YAH already local: output/pdb/1YAH.pdb
2026-07-23 14:16:59 | INFO     |   Structure 1VQQ already local: output/pdb/1VQQ.pdb
2026-07-23 14:16:59 | INFO     |   Structure 3ZG0 already local: output/pdb/3ZG0.pdb
2026-07-23 14:16:59 | INFO     |   Structure 4DKI already local: output/pdb/4DKI.pdb
2026-07-23 14:16:59 | INFO     | Science mode: real scientific validation expected.
2026-07-23 14:16:59 | INFO     |   Cleaning PBP2a (apo)…
2026-07-23 14:17:00 | INFO     |   Polar hydrogens added to output/workdir/PBP2a_clean.pdb
2026-07-23 14:18:04 | INFO     |   Receptor PDBQT written via obabel (-xr): output/workdir/PBP2a_clean.pdbqt
2026-07-23 14:18:04 | INFO     |   Cleaning PBP2a (holo, protein-only)…
2026-07-23 14:18:04 | WARNING  |   Could not read PDB via RDKit. Skipping hydrogen addition.
2026-07-23 14:18:05 | INFO     |   Receptor PDBQT written via obabel (-xr): output/workdir/PBP2a_holo_clean.pdbqt
2026-07-23 14:18:05 | WARNING  |   Could not read PDB via RDKit. Skipping hydrogen addition.
2026-07-23 14:18:05 | INFO     |   Receptor PDBQT written via obabel (-xr): output/workdir/PBP2a_3ZG0_clean.pdbqt
2026-07-23 14:18:05 | INFO     |   Added PBP2a conformer 3ZG0 receptor PDBQT: output/workdir/PBP2a_3ZG0_clean.pdbqt
2026-07-23 14:18:06 | INFO     |   Polar hydrogens added to output/workdir/PBP2a_4DKI_clean.pdb
2026-07-23 14:19:12 | INFO     |   Receptor PDBQT written via obabel (-xr): output/workdir/PBP2a_4DKI_clean.pdbqt
2026-07-23 14:19:12 | INFO     |   Added PBP2a conformer 4DKI receptor PDBQT: output/workdir/PBP2a_4DKI_clean.pdbqt
2026-07-23 14:19:12 | INFO     |   Computing active site centroid (conserved residues SER403, LYS406, TYR446)…
2026-07-23 14:19:12 | INFO     |     Active site center: [23.75833321 25.94333394 87.42066956]
2026-07-23 14:19:12 | INFO     |   Computing allosteric site centroid (TYR105, GLN199, GLU237) using side-chain atoms…
2026-07-23 14:19:12 | INFO     |     Allosteric site center: [24.97548178 30.9366667  28.8698331 ]
2026-07-23 14:19:12 | INFO     |   Cleaning Human Trypsin (1UTN)…
2026-07-23 14:19:12 | INFO     |   Polar hydrogens added to output/workdir/trypsin_clean.pdb
2026-07-23 14:19:12 | INFO     |   Receptor PDBQT written via obabel (-xr): output/workdir/trypsin_clean.pdbqt
2026-07-23 14:19:12 | INFO     |   Computing trypsin active site centroid (His57, Asp102, Ser195) using side-chain atoms…
2026-07-23 14:19:13 | INFO     |     Trypsin active site center: [22.54101663 14.86204433 22.53591386]
2026-07-23 14:19:13 | INFO     |   Cleaning Human Carboxylesterase 1 (1YAH)…
2026-07-23 14:19:13 | INFO     |   Polar hydrogens added to output/workdir/CES1_clean.pdb
2026-07-23 14:21:11 | INFO     |   Receptor PDBQT written via obabel (-xr): output/workdir/CES1_clean.pdbqt
2026-07-23 14:21:11 | INFO     |   Computing CES1 active site centroid (Ser221, His468, Glu354) using side-chain atoms…
2026-07-23 14:21:11 | INFO     |     CES1 active site center: [-7.13865188 43.85391877 37.96102563]
2026-07-23 14:21:11 | INFO     |   Grid config saved: output/workdir/grid_configs/grid_active.txt
2026-07-23 14:21:11 | INFO     | ─── Phase 1 complete ───
2026-07-23 14:21:11 | INFO     | ─── Phase 0: Redocking Validation ───
2026-07-23 14:21:11 | INFO     |   Native ligand (resname override 'AI8'): chain A, residue AI8
2026-07-23 14:21:11 | INFO     |   Native ligand SMILES: CCONC(C(O)N[C@H](CO)[C@@H]1NC(C(O)O)[C@@H](SC2NC(C3CCN(C)CC3)CS2)CS1)[C@@H]1NSC(N)N1
2026-07-23 14:21:11 | INFO     |   Native ligand PDBQT written to output/workdir/native_ligand.pdbqt
2026-07-23 14:21:11 | INFO     |   Redocking native ligand into PBP2a…
2026-07-23 14:21:11 | INFO     |   Redocking box: 18.7 x 29.1 x 21.4 Å (auto-sized from native ligand).
2026-07-23 14:22:43 | INFO     |   [Vina stdout, conformer 0 seed 1] AutoDock Vina v1.2.7
#################################################################
# If you used AutoDock Vina in your work, please cite:          #
#                                                               #
# J. Eberhardt, D. Santos-Martins, A. F. Tillack, and S. Forli  #
# AutoDock Vina 1.2.0: New Docking Methods, Expanded Force      #
# Field, and Python Bindings, J. Chem. Inf. Model. (2021)       #
# DOI 10.1021/acs.jcim.1c00203                                  #
#                                                               #
# O. Trott, A. J. Olson,                                        #
# AutoDock Vina: improving the speed and accuracy of docking    #
# with a new scoring function, efficient optimization and       #
# multithreading, J. Comp. Chem. (2010)                         #
# DOI 10.1002/jcc.21334                                         #
#                                                               #
# Please see https://github.com/ccsb-scripps/AutoDock-Vina for  #
# more information.                                             #
#################################################################

Scoring function : vina
Rigid receptor: output/workdir/PBP2a_clean.pdbqt
Ligand: output/workdir/native_ligand.pdbqt
Grid center: X 27.902 Y 29.847 Z 88.317
Grid size  : X 18.7 Y 29.1 Z 21.4
Grid space : 0.375
Exhaustiveness: 32
CPU: 0
Verbosity: 1

Computing Vina grid ... done.
Performing docking (random seed: 1) ... 
0%   10   20   30   40   50   60   70   80   90   100%
|----|----|----|----|----|----|----|----|----|----|
***************************************************

mode |   affinity | dist from best mode
     | (kcal/mol) | rmsd l.b.| rmsd u.b.
-----+------------+----------+----------
   1       -6.952          0          0
   2       -6.791      3.637      9.872
   3        -6.77      3.405      7.121
2026-07-23 14:22:44 | INFO     |   RMSD (Kabsch, 27 atoms) = 1.937 Å
2026-07-23 14:22:44 | INFO     |   Core RMSD (ring scaffold, 12 atoms) = 1.251 Å
2026-07-23 14:22:44 | INFO     |   Redocking RMSD (conformer 0, seed 1) = 1.937 Å (core 1.251 Å)
2026-07-23 14:24:10 | INFO     |   [Vina stdout, conformer 0 seed 2] AutoDock Vina v1.2.7
#################################################################
# If you used AutoDock Vina in your work, please cite:          #
#                                                               #
# J. Eberhardt, D. Santos-Martins, A. F. Tillack, and S. Forli  #
# AutoDock Vina 1.2.0: New Docking Methods, Expanded Force      #
# Field, and Python Bindings, J. Chem. Inf. Model. (2021)       #
# DOI 10.1021/acs.jcim.1c00203                                  #
#                                                               #
# O. Trott, A. J. Olson,                                        #
# AutoDock Vina: improving the speed and accuracy of docking    #
# with a new scoring function, efficient optimization and       #
# multithreading, J. Comp. Chem. (2010)                         #
# DOI 10.1002/jcc.21334                                         #
#                                                               #
# Please see https://github.com/ccsb-scripps/AutoDock-Vina for  #
# more information.                                             #
#################################################################

Scoring function : vina
Rigid receptor: output/workdir/PBP2a_clean.pdbqt
Ligand: output/workdir/native_ligand.pdbqt
Grid center: X 27.902 Y 29.847 Z 88.317
Grid size  : X 18.7 Y 29.1 Z 21.4
Grid space : 0.375
Exhaustiveness: 32
CPU: 0
Verbosity: 1

Computing Vina grid ... done.
Performing docking (random seed: 2) ... 
0%   10   20   30   40   50   60   70   80   90   100%
|----|----|----|----|----|----|----|----|----|----|
***************************************************

mode |   affinity | dist from best mode
     | (kcal/mol) | rmsd l.b.| rmsd u.b.
-----+------------+----------+----------
   1       -6.857          0          0
   2       -6.817      3.164      6.962
   3       -6.515      12.27      15.95
2026-07-23 14:24:11 | INFO     |   RMSD (Kabsch, 27 atoms) = 2.091 Å
2026-07-23 14:24:11 | INFO     |   Core RMSD (ring scaffold, 12 atoms) = 1.235 Å
2026-07-23 14:24:11 | INFO     |   Redocking RMSD (conformer 0, seed 2) = 2.091 Å (core 1.235 Å)
2026-07-23 14:25:38 | INFO     |   [Vina stdout, conformer 0 seed 3] AutoDock Vina v1.2.7
#################################################################
# If you used AutoDock Vina in your work, please cite:          #
#                                                               #
# J. Eberhardt, D. Santos-Martins, A. F. Tillack, and S. Forli  #
# AutoDock Vina 1.2.0: New Docking Methods, Expanded Force      #
# Field, and Python Bindings, J. Chem. Inf. Model. (2021)       #
# DOI 10.1021/acs.jcim.1c00203                                  #
#                                                               #
# O. Trott, A. J. Olson,                                        #
# AutoDock Vina: improving the speed and accuracy of docking    #
# with a new scoring function, efficient optimization and       #
# multithreading, J. Comp. Chem. (2010)                         #
# DOI 10.1002/jcc.21334                                         #
#                                                               #
# Please see https://github.com/ccsb-scripps/AutoDock-Vina for  #
# more information.                                             #
#################################################################

Scoring function : vina
Rigid receptor: output/workdir/PBP2a_clean.pdbqt
Ligand: output/workdir/native_ligand.pdbqt
Grid center: X 27.902 Y 29.847 Z 88.317
Grid size  : X 18.7 Y 29.1 Z 21.4
Grid space : 0.375
Exhaustiveness: 32
CPU: 0
Verbosity: 1

Computing Vina grid ... done.
Performing docking (random seed: 3) ... 
0%   10   20   30   40   50   60   70   80   90   100%
|----|----|----|----|----|----|----|----|----|----|
***************************************************

mode |   affinity | dist from best mode
     | (kcal/mol) | rmsd l.b.| rmsd u.b.
-----+------------+----------+----------
   1       -6.917          0          0
   2       -6.581      1.606      2.145
   3       -6.443      11.11      15.51
2026-07-23 14:25:38 | INFO     |   RMSD (Kabsch, 27 atoms) = 2.069 Å
2026-07-23 14:25:38 | INFO     |   Core RMSD (ring scaffold, 12 atoms) = 1.223 Å
2026-07-23 14:25:38 | INFO     |   Redocking RMSD (conformer 0, seed 3) = 2.069 Å (core 1.223 Å)
2026-07-23 14:25:38 | INFO     |   Multi-start RMSDs (conformer 0) = 1.937, 2.091, 2.069 Å; best = 1.937 Å
2026-07-23 14:27:07 | INFO     |   [Vina stdout, conformer 1 seed 1] AutoDock Vina v1.2.7
#################################################################
# If you used AutoDock Vina in your work, please cite:          #
#                                                               #
# J. Eberhardt, D. Santos-Martins, A. F. Tillack, and S. Forli  #
# AutoDock Vina 1.2.0: New Docking Methods, Expanded Force      #
# Field, and Python Bindings, J. Chem. Inf. Model. (2021)       #
# DOI 10.1021/acs.jcim.1c00203                                  #
#                                                               #
# O. Trott, A. J. Olson,                                        #
# AutoDock Vina: improving the speed and accuracy of docking    #
# with a new scoring function, efficient optimization and       #
# multithreading, J. Comp. Chem. (2010)                         #
# DOI 10.1002/jcc.21334                                         #
#                                                               #
# Please see https://github.com/ccsb-scripps/AutoDock-Vina for  #
# more information.                                             #
#################################################################

Scoring function : vina
Rigid receptor: output/workdir/PBP2a_3ZG0_clean.pdbqt
Ligand: output/workdir/native_ligand.pdbqt
Grid center: X 27.902 Y 29.847 Z 88.317
Grid size  : X 18.7 Y 29.1 Z 21.4
Grid space : 0.375
Exhaustiveness: 32
CPU: 0
Verbosity: 1

Computing Vina grid ... done.
Performing docking (random seed: 1) ... 
0%   10   20   30   40   50   60   70   80   90   100%
|----|----|----|----|----|----|----|----|----|----|
***************************************************

mode |   affinity | dist from best mode
     | (kcal/mol) | rmsd l.b.| rmsd u.b.
-----+------------+----------+----------
   1       -6.699          0          0
   2       -6.482      1.962      2.954
   3       -6.448       3.17       12.5
2026-07-23 14:27:07 | INFO     |   RMSD (Kabsch, 27 atoms) = 2.071 Å
2026-07-23 14:27:07 | INFO     |   Core RMSD (ring scaffold, 12 atoms) = 1.114 Å
2026-07-23 14:27:07 | INFO     |   Redocking RMSD (conformer 1, seed 1) = 2.071 Å (core 1.114 Å)
2026-07-23 14:28:31 | INFO     |   [Vina stdout, conformer 1 seed 2] AutoDock Vina v1.2.7
#################################################################
# If you used AutoDock Vina in your work, please cite:          #
#                                                               #
# J. Eberhardt, D. Santos-Martins, A. F. Tillack, and S. Forli  #
# AutoDock Vina 1.2.0: New Docking Methods, Expanded Force      #
# Field, and Python Bindings, J. Chem. Inf. Model. (2021)       #
# DOI 10.1021/acs.jcim.1c00203                                  #
#                                                               #
# O. Trott, A. J. Olson,                                        #
# AutoDock Vina: improving the speed and accuracy of docking    #
# with a new scoring function, efficient optimization and       #
# multithreading, J. Comp. Chem. (2010)                         #
# DOI 10.1002/jcc.21334                                         #
#                                                               #
# Please see https://github.com/ccsb-scripps/AutoDock-Vina for  #
# more information.                                             #
#################################################################

Scoring function : vina
Rigid receptor: output/workdir/PBP2a_3ZG0_clean.pdbqt
Ligand: output/workdir/native_ligand.pdbqt
Grid center: X 27.902 Y 29.847 Z 88.317
Grid size  : X 18.7 Y 29.1 Z 21.4
Grid space : 0.375
Exhaustiveness: 32
CPU: 0
Verbosity: 1

Computing Vina grid ... done.
Performing docking (random seed: 2) ... 
0%   10   20   30   40   50   60   70   80   90   100%
|----|----|----|----|----|----|----|----|----|----|
***************************************************

mode |   affinity | dist from best mode
     | (kcal/mol) | rmsd l.b.| rmsd u.b.
-----+------------+----------+----------
   1       -6.832          0          0
   2         -6.6      3.476      12.54
   3       -6.597      3.647      7.467
2026-07-23 14:28:31 | INFO     |   RMSD (Kabsch, 27 atoms) = 2.146 Å
2026-07-23 14:28:31 | INFO     |   Core RMSD (ring scaffold, 12 atoms) = 1.215 Å
2026-07-23 14:28:31 | INFO     |   Redocking RMSD (conformer 1, seed 2) = 2.146 Å (core 1.215 Å)
2026-07-23 14:29:56 | INFO     |   [Vina stdout, conformer 1 seed 3] AutoDock Vina v1.2.7
#################################################################
# If you used AutoDock Vina in your work, please cite:          #
#                                                               #
# J. Eberhardt, D. Santos-Martins, A. F. Tillack, and S. Forli  #
# AutoDock Vina 1.2.0: New Docking Methods, Expanded Force      #
# Field, and Python Bindings, J. Chem. Inf. Model. (2021)       #
# DOI 10.1021/acs.jcim.1c00203                                  #
#                                                               #
# O. Trott, A. J. Olson,                                        #
# AutoDock Vina: improving the speed and accuracy of docking    #
# with a new scoring function, efficient optimization and       #
# multithreading, J. Comp. Chem. (2010)                         #
# DOI 10.1002/jcc.21334                                         #
#                                                               #
# Please see https://github.com/ccsb-scripps/AutoDock-Vina for  #
# more information.                                             #
#################################################################

Scoring function : vina
Rigid receptor: output/workdir/PBP2a_3ZG0_clean.pdbqt
Ligand: output/workdir/native_ligand.pdbqt
Grid center: X 27.902 Y 29.847 Z 88.317
Grid size  : X 18.7 Y 29.1 Z 21.4
Grid space : 0.375
Exhaustiveness: 32
CPU: 0
Verbosity: 1

Computing Vina grid ... done.
Performing docking (random seed: 3) ... 
0%   10   20   30   40   50   60   70   80   90   100%
|----|----|----|----|----|----|----|----|----|----|
***************************************************

mode |   affinity | dist from best mode
     | (kcal/mol) | rmsd l.b.| rmsd u.b.
-----+------------+----------+----------
   1        -6.83          0          0
   2       -6.593      3.473      12.56
   3       -6.506      4.095      9.202
2026-07-23 14:29:56 | INFO     |   RMSD (Kabsch, 27 atoms) = 2.119 Å
2026-07-23 14:29:56 | INFO     |   Core RMSD (ring scaffold, 12 atoms) = 1.187 Å
2026-07-23 14:29:56 | INFO     |   Redocking RMSD (conformer 1, seed 3) = 2.119 Å (core 1.187 Å)
2026-07-23 14:29:56 | INFO     |   Multi-start RMSDs (conformer 1) = 2.071, 2.146, 2.119 Å; best = 2.071 Å
2026-07-23 14:31:20 | INFO     |   [Vina stdout, conformer 2 seed 1] AutoDock Vina v1.2.7
#################################################################
# If you used AutoDock Vina in your work, please cite:          #
#                                                               #
# J. Eberhardt, D. Santos-Martins, A. F. Tillack, and S. Forli  #
# AutoDock Vina 1.2.0: New Docking Methods, Expanded Force      #
# Field, and Python Bindings, J. Chem. Inf. Model. (2021)       #
# DOI 10.1021/acs.jcim.1c00203                                  #
#                                                               #
# O. Trott, A. J. Olson,                                        #
# AutoDock Vina: improving the speed and accuracy of docking    #
# with a new scoring function, efficient optimization and       #
# multithreading, J. Comp. Chem. (2010)                         #
# DOI 10.1002/jcc.21334                                         #
#                                                               #
# Please see https://github.com/ccsb-scripps/AutoDock-Vina for  #
# more information.                                             #
#################################################################

Scoring function : vina
Rigid receptor: output/workdir/PBP2a_4DKI_clean.pdbqt
Ligand: output/workdir/native_ligand.pdbqt
Grid center: X 27.902 Y 29.847 Z 88.317
Grid size  : X 18.7 Y 29.1 Z 21.4
Grid space : 0.375
Exhaustiveness: 32
CPU: 0
Verbosity: 1

Computing Vina grid ... done.
Performing docking (random seed: 1) ... 
0%   10   20   30   40   50   60   70   80   90   100%
|----|----|----|----|----|----|----|----|----|----|
***************************************************

mode |   affinity | dist from best mode
     | (kcal/mol) | rmsd l.b.| rmsd u.b.
-----+------------+----------+----------
   1       -7.884          0          0
   2       -7.843      2.742      4.296
   3       -7.709      2.962      6.506
2026-07-23 14:31:20 | INFO     |   RMSD (Kabsch, 27 atoms) = 2.795 Å
2026-07-23 14:31:20 | INFO     |   Core RMSD (ring scaffold, 12 atoms) = 1.154 Å
2026-07-23 14:31:20 | INFO     |   Redocking RMSD (conformer 2, seed 1) = 2.795 Å (core 1.154 Å)
2026-07-23 14:32:40 | INFO     |   [Vina stdout, conformer 2 seed 2] AutoDock Vina v1.2.7
#################################################################
# If you used AutoDock Vina in your work, please cite:          #
#                                                               #
# J. Eberhardt, D. Santos-Martins, A. F. Tillack, and S. Forli  #
# AutoDock Vina 1.2.0: New Docking Methods, Expanded Force      #
# Field, and Python Bindings, J. Chem. Inf. Model. (2021)       #
# DOI 10.1021/acs.jcim.1c00203                                  #
#                                                               #
# O. Trott, A. J. Olson,                                        #
# AutoDock Vina: improving the speed and accuracy of docking    #
# with a new scoring function, efficient optimization and       #
# multithreading, J. Comp. Chem. (2010)                         #
# DOI 10.1002/jcc.21334                                         #
#                                                               #
# Please see https://github.com/ccsb-scripps/AutoDock-Vina for  #
# more information.                                             #
#################################################################

Scoring function : vina
Rigid receptor: output/workdir/PBP2a_4DKI_clean.pdbqt
Ligand: output/workdir/native_ligand.pdbqt
Grid center: X 27.902 Y 29.847 Z 88.317
Grid size  : X 18.7 Y 29.1 Z 21.4
Grid space : 0.375
Exhaustiveness: 32
CPU: 0
Verbosity: 1

Computing Vina grid ... done.
Performing docking (random seed: 2) ... 
0%   10   20   30   40   50   60   70   80   90   100%
|----|----|----|----|----|----|----|----|----|----|
***************************************************

mode |   affinity | dist from best mode
     | (kcal/mol) | rmsd l.b.| rmsd u.b.
-----+------------+----------+----------
   1       -7.832          0          0
   2       -7.691       3.28      9.288
   3       -7.665      2.342      3.761
2026-07-23 14:32:41 | INFO     |   RMSD (Kabsch, 27 atoms) = 2.838 Å
2026-07-23 14:32:41 | INFO     |   Core RMSD (ring scaffold, 12 atoms) = 1.158 Å
2026-07-23 14:32:41 | INFO     |   Redocking RMSD (conformer 2, seed 2) = 2.838 Å (core 1.158 Å)
2026-07-23 14:34:01 | INFO     |   [Vina stdout, conformer 2 seed 3] AutoDock Vina v1.2.7
#################################################################
# If you used AutoDock Vina in your work, please cite:          #
#                                                               #
# J. Eberhardt, D. Santos-Martins, A. F. Tillack, and S. Forli  #
# AutoDock Vina 1.2.0: New Docking Methods, Expanded Force      #
# Field, and Python Bindings, J. Chem. Inf. Model. (2021)       #
# DOI 10.1021/acs.jcim.1c00203                                  #
#                                                               #
# O. Trott, A. J. Olson,                                        #
# AutoDock Vina: improving the speed and accuracy of docking    #
# with a new scoring function, efficient optimization and       #
# multithreading, J. Comp. Chem. (2010)                         #
# DOI 10.1002/jcc.21334                                         #
#                                                               #
# Please see https://github.com/ccsb-scripps/AutoDock-Vina for  #
# more information.                                             #
#################################################################

Scoring function : vina
Rigid receptor: output/workdir/PBP2a_4DKI_clean.pdbqt
Ligand: output/workdir/native_ligand.pdbqt
Grid center: X 27.902 Y 29.847 Z 88.317
Grid size  : X 18.7 Y 29.1 Z 21.4
Grid space : 0.375
Exhaustiveness: 32
CPU: 0
Verbosity: 1

Computing Vina grid ... done.
Performing docking (random seed: 3) ... 
0%   10   20   30   40   50   60   70   80   90   100%
|----|----|----|----|----|----|----|----|----|----|
***************************************************

mode |   affinity | dist from best mode
     | (kcal/mol) | rmsd l.b.| rmsd u.b.
-----+------------+----------+----------
   1       -7.692          0          0
   2       -7.616      2.931      6.421
   3       -7.436       3.21      6.719
2026-07-23 14:34:02 | INFO     |   RMSD (Kabsch, 27 atoms) = 2.843 Å
2026-07-23 14:34:02 | INFO     |   Core RMSD (ring scaffold, 12 atoms) = 1.157 Å
2026-07-23 14:34:02 | INFO     |   Redocking RMSD (conformer 2, seed 3) = 2.843 Å (core 1.157 Å)
2026-07-23 14:34:02 | INFO     |   Multi-start RMSDs (conformer 2) = 2.795, 2.838, 2.843 Å; best = 2.795 Å
2026-07-23 14:34:02 | INFO     |   Best (consensus) Redocking RMSD = 1.937 Å (full-ligand); core (active-site scaffold) = 1.251 Å
2026-07-23 14:34:02 | INFO     |   ✓  Redocking validated (core RMSD = 1.251 Å ≤ 2.0 Å).
2026-07-23 14:34:02 | INFO     |   Validation results written: output/workdir/validation_results.json
2026-07-23 14:34:02 | INFO     |   Release status written: /Users/tom/Documents/apps/AutoAntibiotic/status.json
2026-07-23 14:34:02 | INFO     | --- Phase 0.5: Enrichment Validation ---
2026-07-23 14:34:02 | INFO     |   Loaded 14 known actives
2026-07-23 14:34:02 | INFO     |   Loaded 150 known decoys
2026-07-23 14:36:14 | INFO     |     Docked 25 / 164 (enrich_c0)
2026-07-23 14:38:35 | INFO     |     Docked 50 / 164 (enrich_c0)
2026-07-23 14:40:51 | INFO     |     Docked 75 / 164 (enrich_c0)
2026-07-23 14:43:07 | INFO     |     Docked 100 / 164 (enrich_c0)
2026-07-23 14:46:05 | INFO     |     Docked 125 / 164 (enrich_c0)
2026-07-23 14:48:34 | INFO     |     Docked 150 / 164 (enrich_c0)
2026-07-23 14:51:42 | INFO     |     Docked 25 / 164 (enrich_c1)
2026-07-23 14:53:40 | INFO     |     Docked 50 / 164 (enrich_c1)
2026-07-23 14:55:41 | INFO     |     Docked 75 / 164 (enrich_c1)
2026-07-23 14:57:43 | INFO     |     Docked 100 / 164 (enrich_c1)
2026-07-23 15:00:25 | INFO     |     Docked 125 / 164 (enrich_c1)
2026-07-23 15:02:41 | INFO     |     Docked 150 / 164 (enrich_c1)
2026-07-23 15:05:41 | INFO     |     Docked 25 / 164 (enrich_c2)
2026-07-23 15:07:45 | INFO     |     Docked 50 / 164 (enrich_c2)
2026-07-23 15:09:51 | INFO     |     Docked 75 / 164 (enrich_c2)
2026-07-23 15:12:07 | INFO     |     Docked 100 / 164 (enrich_c2)
2026-07-23 15:14:59 | INFO     |     Docked 125 / 164 (enrich_c2)
2026-07-23 15:17:28 | INFO     |     Docked 150 / 164 (enrich_c2)
2026-07-23 15:18:19 | INFO     |   Enrichment results written: output/enrichment_results.json
2026-07-23 15:18:19 | INFO     | --- Phase 0.5 complete ---
2026-07-23 15:18:19 | WARNING  |   ⚠  Enrichment validation: AUC=0.159 (need ≥0.7), EF_1%=0.00 (need ≥5). Protocol may need tuning.
2026-07-23 15:18:19 | INFO     | ─── Phase 0.5 complete ───
2026-07-23 15:18:19 | INFO     | ─── Phase 2: Library Generation ───
2026-07-23 15:18:19 | INFO     |   Loading external compound library from CSV: data/screen_library_final.csv
2026-07-23 15:18:19 | INFO     |   Loaded 244 compounds from external CSV.
2026-07-23 15:18:19 | INFO     | ─── Phase 2: Filtering ───
2026-07-23 15:18:19 | INFO     |   Structural exclusion (β-lactam): 0 removed.
2026-07-23 15:18:19 | INFO     |   Similarity filter (Tc < 0.3): 1 removed.
2026-07-23 15:18:19 | INFO     |   ADMET filter (Lipinski + QED > 0.5): 30 removed.
2026-07-23 15:18:19 | INFO     |   PAINS filter: 2 removed.
2026-07-23 15:18:19 | INFO     |   Brenk alerts: 13 removed.
2026-07-23 15:18:19 | INFO     |   Passed filters: 198 compounds.
2026-07-23 15:18:19 | INFO     | ─── Phase 2 complete ───
2026-07-23 15:18:19 | INFO     | ─── Phase 3: Virtual Screening ───
2026-07-23 15:18:19 | INFO     |   Docking all 198 compounds against PBP2a active site (3 conformers)…
2026-07-23 15:19:18 | INFO     |     Docked 25 / 198 (active_c0)
2026-07-23 15:20:08 | INFO     |     Docked 50 / 198 (active_c0)
2026-07-23 15:21:05 | INFO     |     Docked 75 / 198 (active_c0)
2026-07-23 15:22:25 | INFO     |     Docked 100 / 198 (active_c0)
2026-07-23 15:23:25 | INFO     |     Docked 125 / 198 (active_c0)
2026-07-23 15:24:31 | INFO     |     Docked 150 / 198 (active_c0)
2026-07-23 15:25:53 | INFO     |     Docked 175 / 198 (active_c0)
2026-07-23 15:27:42 | INFO     |     Docked 25 / 198 (active_c1)
2026-07-23 15:28:23 | INFO     |     Docked 50 / 198 (active_c1)
2026-07-23 15:29:10 | INFO     |     Docked 75 / 198 (active_c1)
2026-07-23 15:30:12 | INFO     |     Docked 100 / 198 (active_c1)
2026-07-23 15:30:58 | INFO     |     Docked 125 / 198 (active_c1)
2026-07-23 15:31:53 | INFO     |     Docked 150 / 198 (active_c1)
2026-07-23 15:33:01 | INFO     |     Docked 175 / 198 (active_c1)
2026-07-23 15:34:34 | INFO     |     Docked 25 / 198 (active_c2)
2026-07-23 15:35:13 | INFO     |     Docked 50 / 198 (active_c2)
2026-07-23 15:35:56 | INFO     |     Docked 75 / 198 (active_c2)
2026-07-23 15:36:52 | INFO     |     Docked 100 / 198 (active_c2)
2026-07-23 15:37:40 | INFO     |     Docked 125 / 198 (active_c2)
2026-07-23 15:38:30 | INFO     |     Docked 150 / 198 (active_c2)
2026-07-23 15:39:44 | INFO     |     Docked 175 / 198 (active_c2)
2026-07-23 15:40:34 | INFO     |   Active-site docking complete: 198/198 scored.
2026-07-23 15:41:26 | INFO     |   Pharmacophore pre-filter removed 0 surface-binder compounds.
2026-07-23 15:41:26 | INFO     |   Docking all 198 compounds against PBP2a allosteric site (3 conformers)…
2026-07-23 15:42:18 | INFO     |     Docked 25 / 198 (allosteric_c0)
2026-07-23 15:43:01 | INFO     |     Docked 50 / 198 (allosteric_c0)
2026-07-23 15:43:50 | INFO     |     Docked 75 / 198 (allosteric_c0)
2026-07-23 15:44:59 | INFO     |     Docked 100 / 198 (allosteric_c0)
2026-07-23 15:45:47 | INFO     |     Docked 125 / 198 (allosteric_c0)
2026-07-23 15:46:47 | INFO     |     Docked 150 / 198 (allosteric_c0)
2026-07-23 15:48:01 | INFO     |     Docked 175 / 198 (allosteric_c0)
2026-07-23 15:49:52 | INFO     |     Docked 25 / 198 (allosteric_c1)
2026-07-23 15:50:33 | INFO     |     Docked 50 / 198 (allosteric_c1)
2026-07-23 15:51:28 | INFO     |     Docked 75 / 198 (allosteric_c1)
2026-07-23 15:52:33 | INFO     |     Docked 100 / 198 (allosteric_c1)
2026-07-23 15:53:22 | INFO     |     Docked 125 / 198 (allosteric_c1)
2026-07-23 15:54:19 | INFO     |     Docked 150 / 198 (allosteric_c1)
2026-07-23 15:55:35 | INFO     |     Docked 175 / 198 (allosteric_c1)
2026-07-23 15:57:27 | INFO     |     Docked 25 / 198 (allosteric_c2)
2026-07-23 15:58:10 | INFO     |     Docked 50 / 198 (allosteric_c2)
2026-07-23 15:59:02 | INFO     |     Docked 75 / 198 (allosteric_c2)
2026-07-23 16:00:10 | INFO     |     Docked 100 / 198 (allosteric_c2)
2026-07-23 16:01:02 | INFO     |     Docked 125 / 198 (allosteric_c2)
2026-07-23 16:02:02 | INFO     |     Docked 150 / 198 (allosteric_c2)
2026-07-23 16:03:21 | INFO     |     Docked 175 / 198 (allosteric_c2)
2026-07-23 16:04:23 | INFO     |   Allosteric-site docking complete: 198/198 scored.
2026-07-23 16:04:23 | INFO     |   Top 20 candidates by best energy.
2026-07-23 16:04:23 | INFO     |     1. ALL_QU04: -10.09 kcal/mol (active: -10.09)
2026-07-23 16:04:23 | INFO     |     2. ALL_SU08: -9.96 kcal/mol (active: -9.96)
2026-07-23 16:04:23 | INFO     |     3. ALL_SU14: -9.83 kcal/mol (active: -9.83)
2026-07-23 16:04:23 | INFO     |     4. ALL_QU05: -9.69 kcal/mol (active: -9.69)
2026-07-23 16:04:23 | INFO     |     5. ALL_SU03: -9.48 kcal/mol (active: -9.48)
2026-07-23 16:04:23 | INFO     |     6. ALL_QU09: -9.47 kcal/mol (active: -9.47)
2026-07-23 16:04:23 | INFO     |     7. ALL_SU15: -9.40 kcal/mol (active: -9.40)
2026-07-23 16:04:23 | INFO     |     8. ALL_SU04: -9.35 kcal/mol (active: -9.35)
2026-07-23 16:04:23 | INFO     |     9. ALL_SU01: -9.32 kcal/mol (active: -9.32)
2026-07-23 16:04:23 | INFO     |     10. ALL_SP12: -9.21 kcal/mol (active: -9.21)
2026-07-23 16:04:23 | INFO     | ─── Phase 3 complete ───
2026-07-23 16:04:23 | INFO     | ─── Phase 4: Selectivity & Resistance Analysis ───
2026-07-23 16:04:23 | INFO     |   Docking top 10 vs Human Trypsin (1UTN)…
2026-07-23 16:05:10 | INFO     |   Docking top 10 vs Human Carboxylesterase 1 (1YAH)…
2026-07-23 16:06:01 | INFO     |   ALL_QU04: mechanism-restricted SI = 1.50 (pass).
2026-07-23 16:06:01 | WARNING  |   ALL_SU08: Low mechanism-restricted selectivity (SI = 1.39 < 1.5). Flagged for off-target risk.
2026-07-23 16:06:01 | WARNING  |   ALL_SU14: Low mechanism-restricted selectivity (SI = 1.49 < 1.5). Flagged for off-target risk.
2026-07-23 16:06:01 | INFO     |   ALL_QU05: mechanism-restricted SI = 1.97 (pass).
2026-07-23 16:06:01 | WARNING  |   ALL_SU03: Low mechanism-restricted selectivity (SI = 1.26 < 1.5). Flagged for off-target risk.
2026-07-23 16:06:01 | INFO     |   ALL_SU15: mechanism-restricted SI = 1.56 (pass).
2026-07-23 16:06:01 | WARNING  |   ALL_SU04: Low mechanism-restricted selectivity (SI = 1.18 < 1.5). Flagged for off-target risk.
2026-07-23 16:06:01 | WARNING  |   ALL_SU01: Low mechanism-restricted selectivity (SI = 1.15 < 1.5). Flagged for off-target risk.
2026-07-23 16:06:01 | WARNING  |   ALL_TE07: Low mechanism-restricted selectivity (SI = 1.28 < 1.5). Flagged for off-target risk.
2026-07-23 16:06:01 | WARNING  |   ALL_IN08: Low mechanism-restricted selectivity (SI = 1.22 < 1.5). Flagged for off-target risk.
2026-07-23 16:06:01 | WARNING  |   ALL_SU10: Low mechanism-restricted selectivity (SI = 1.05 < 1.5). Flagged for off-target risk.
2026-07-23 16:06:01 | WARNING  |   ALL_SU09: Low mechanism-restricted selectivity (SI = 1.30 < 1.5). Flagged for off-target risk.
2026-07-23 16:06:01 | WARNING  |   ALL_IN10: Low mechanism-restricted selectivity (SI = 1.46 < 1.5). Flagged for off-target risk.
2026-07-23 16:06:07 | INFO     | ─── Phase 4 complete ───
2026-07-23 16:06:07 | INFO     |   Final Top-10 ranked by PBP2a best energy.
2026-07-23 16:06:07 | INFO     |   Diversified final set: 5 diverse + 15 filler = 20 candidate(s).
2026-07-23 16:06:07 | INFO     |   Final report: 3 candidate(s) at SI >= 1.5, filled to 20 total.
2026-07-23 16:06:07 | INFO     | ─── Phase 5: Reporting ───
2026-07-23 16:06:07 | INFO     |   CSV report saved: output/top_candidates.csv
2026-07-23 16:06:07 | INFO     |   JSON candidates saved: output/top_candidates.json
2026-07-23 16:06:07 | INFO     |   Image saved: output/top1_ALL_QU05.png
2026-07-23 16:06:07 | INFO     |   Image saved: output/top2_ALL_SU15.png
2026-07-23 16:06:07 | INFO     |   Image saved: output/top3_ALL_QU04.png
2026-07-23 16:06:07 | INFO     |   Interaction diagram saved: output/interaction_ALL_QU05.png
2026-07-23 16:06:07 | INFO     |   Interaction diagram saved: output/interaction_ALL_SU15.png
2026-07-23 16:06:07 | INFO     |   Interaction diagram saved: output/interaction_ALL_QU04.png
2026-07-23 16:06:07 | INFO     | Interaction diagrams saved to output/
2026-07-23 16:06:07 | INFO     |   PyMOL script saved: output/visualization.pml (3 ligand pose(s) loaded).
2026-07-23 16:06:07 | INFO     |   Filter funnel saved: output/filter_funnel.json
2026-07-23 16:06:07 | INFO     |   ROC curve saved: output/figures/roc_curve.png
2026-07-23 16:06:07 | INFO     |   Energy distribution saved: output/figures/energy_distribution.png
2026-07-23 16:06:07 | INFO     |   SI scatter plot saved: output/figures/si_scatter.png
2026-07-23 16:06:07 | INFO     |   Filter funnel saved: output/figures/filter_funnel.png
2026-07-23 16:06:07 | INFO     |   Binding diagram saved: output/figures/top3_binding_1_ALL_QU05.png
2026-07-23 16:06:07 | INFO     |   Binding diagram saved: output/figures/top3_binding_2_ALL_SU15.png
2026-07-23 16:06:07 | INFO     |   Binding diagram saved: output/figures/top3_binding_3_ALL_QU04.png
2026-07-23 16:06:07 | INFO     |   All figures saved to output/figures
2026-07-23 16:06:07 | INFO     | ============================================================
2026-07-23 16:06:07 | INFO     |   PIPELINE SUMMARY
2026-07-23 16:06:07 | INFO     | ============================================================
2026-07-23 16:06:07 | INFO     |   Total compounds generated:     244
2026-07-23 16:06:07 | INFO     |   After filtering:               198
2026-07-23 16:06:07 | INFO     |   Top candidates reported:       20
2026-07-23 16:06:07 | INFO     |   Successfully docked:           20
2026-07-23 16:06:07 | INFO     |   Selectivity pass (SI >= 2.0):  3
2026-07-23 16:06:07 | INFO     |   Docking engine:                Vina
2026-07-23 16:06:07 | INFO     |   Redocking RMSD:                1.937 Å
2026-07-23 16:06:07 | INFO     |   Redocking validated:           True
2026-07-23 16:06:07 | INFO     |   Protocol validation: RMSD 1.937 Å (Validated)
2026-07-23 16:06:07 | INFO     |   CSV report:                    output/top_candidates.csv
2026-07-23 16:06:07 | INFO     |   Open output/visualization.pml in PyMOL to inspect binding poses.
2026-07-23 16:06:07 | INFO     | ============================================================
2026-07-23 16:06:07 | INFO     | Pipeline complete. Exiting.
2026-07-23 16:08:30 | INFO     | ─── Phase 0: Dependency Check ───
2026-07-23 16:08:30 | INFO     |   ✓  AutoDock Vina binary found on PATH (version: AutoDock Vina v1.2.7)
2026-07-23 16:08:30 | INFO     |   ✓  OpenBabel binary found on PATH (version: Open Babel 3.1.0 -- Feb 17 2026 -- 07:27:20
Usage:
obabel [-i<input-type>] <infilename> [-o<output-type>] -O<outfilename> [Options]
Try  -H option for more information.)
2026-07-23 16:08:30 | INFO     |   ✓  All required Python packages found.
2026-07-23 16:08:30 | INFO     | ─── Phase 1: Target Preparation & Centroid Calculation ───
2026-07-23 16:08:30 | INFO     |   NOTE: bundled tests/data/*.pdb files are minimal mock structures for offline CI runs — they are NOT real crystallographic models. Any redocking RMSD computed against them is non-physical and must not be interpreted as a protocol-quality metric.
2026-07-23 16:08:30 | INFO     |   Run mode (from config): science
2026-07-23 16:08:30 | INFO     |   Structure 3ZG0 already local: output/pdb/3ZG0.pdb
2026-07-23 16:08:30 | INFO     |   Structure 1VQQ already local: output/pdb/1VQQ.pdb
2026-07-23 16:08:30 | INFO     |   Structure 1UTN already local: output/pdb/1UTN.pdb
2026-07-23 16:08:30 | INFO     |   Structure 1YAH already local: output/pdb/1YAH.pdb
2026-07-23 16:08:30 | INFO     |   Structure 1VQQ already local: output/pdb/1VQQ.pdb
2026-07-23 16:08:30 | INFO     |   Structure 3ZG0 already local: output/pdb/3ZG0.pdb
2026-07-23 16:08:30 | INFO     |   Structure 4DKI already local: output/pdb/4DKI.pdb
2026-07-23 16:08:30 | INFO     | Science mode: real scientific validation expected.
2026-07-23 16:08:30 | INFO     |   Cleaning PBP2a (apo)…
2026-07-23 16:08:30 | INFO     |   Polar hydrogens added to output/workdir/PBP2a_clean.pdb
2026-07-23 16:09:34 | INFO     |   Receptor PDBQT written via obabel (-xr): output/workdir/PBP2a_clean.pdbqt
2026-07-23 16:09:34 | INFO     |   Cleaning PBP2a (holo, protein-only)…
2026-07-23 16:09:35 | WARNING  |   Could not read PDB via RDKit. Skipping hydrogen addition.
2026-07-23 16:09:35 | INFO     |   Receptor PDBQT written via obabel (-xr): output/workdir/PBP2a_holo_clean.pdbqt
2026-07-23 16:09:35 | WARNING  |   Could not read PDB via RDKit. Skipping hydrogen addition.
2026-07-23 16:09:35 | INFO     |   Receptor PDBQT written via obabel (-xr): output/workdir/PBP2a_3ZG0_clean.pdbqt
2026-07-23 16:09:35 | INFO     |   Added PBP2a conformer 3ZG0 receptor PDBQT: output/workdir/PBP2a_3ZG0_clean.pdbqt
2026-07-23 16:09:36 | INFO     |   Polar hydrogens added to output/workdir/PBP2a_4DKI_clean.pdb
2026-07-23 16:10:42 | INFO     |   Receptor PDBQT written via obabel (-xr): output/workdir/PBP2a_4DKI_clean.pdbqt
2026-07-23 16:10:42 | INFO     |   Added PBP2a conformer 4DKI receptor PDBQT: output/workdir/PBP2a_4DKI_clean.pdbqt
2026-07-23 16:10:42 | INFO     |   Computing active site centroid (conserved residues SER403, LYS406, TYR446) using side-chain atoms…
2026-07-23 16:10:42 | INFO     |     Active site center: [23.95072216 27.87146293 88.53164786]
2026-07-23 16:10:42 | INFO     |   Computing allosteric site centroid (TYR105, GLN199, GLU237) using side-chain atoms…
2026-07-23 16:10:42 | WARNING  |   ⚠  Allosteric residues ['TYR105', 'GLN199', 'GLU237'] missing: name 'cleaned_pdb' is not defined
2026-07-23 16:10:42 | INFO     |     Allosteric site center: None
2026-07-23 16:10:42 | INFO     |   Cleaning Human Trypsin (1UTN)…
2026-07-23 16:10:42 | INFO     |   Polar hydrogens added to output/workdir/trypsin_clean.pdb
2026-07-23 16:10:42 | INFO     |   Receptor PDBQT written via obabel (-xr): output/workdir/trypsin_clean.pdbqt
2026-07-23 16:10:42 | INFO     |   Computing trypsin active site centroid (His57, Asp102, Ser195) using side-chain atoms…
2026-07-23 16:10:42 | INFO     |     Trypsin active site center: [22.54101663 14.86204433 22.53591386]
2026-07-23 16:10:42 | INFO     |   Cleaning Human Carboxylesterase 1 (1YAH)…
2026-07-23 16:10:43 | INFO     |   Polar hydrogens added to output/workdir/CES1_clean.pdb
2026-07-23 16:12:41 | INFO     |   Receptor PDBQT written via obabel (-xr): output/workdir/CES1_clean.pdbqt
2026-07-23 16:12:41 | INFO     |   Computing CES1 active site centroid (Ser221, His468, Glu354) using side-chain atoms…
2026-07-23 16:12:41 | INFO     |     CES1 active site center: [-7.13865188 43.85391877 37.96102563]
2026-07-23 16:12:41 | INFO     |   Grid config saved: output/workdir/grid_configs/grid_active.txt
2026-07-23 16:12:41 | INFO     | ─── Phase 1 complete ───
2026-07-23 16:12:41 | INFO     | ─── Phase 0: Redocking Validation ───
2026-07-23 16:12:41 | INFO     |   Native ligand (resname override 'AI8'): chain A, residue AI8
2026-07-23 16:12:41 | INFO     |   Native ligand SMILES: CCONC(C(O)N[C@H](CO)[C@@H]1NC(C(O)O)[C@@H](SC2NC(C3CCN(C)CC3)CS2)CS1)[C@@H]1NSC(N)N1
2026-07-23 16:12:41 | INFO     |   Native ligand PDBQT written to output/workdir/native_ligand.pdbqt
2026-07-23 16:12:41 | INFO     |   Redocking native ligand into PBP2a…
2026-07-23 16:12:41 | INFO     |   Redocking box: 18.7 x 29.1 x 21.4 Å (auto-sized from native ligand).
2026-07-23 16:14:15 | INFO     |   [Vina stdout, conformer 0 seed 1] AutoDock Vina v1.2.7
#################################################################
# If you used AutoDock Vina in your work, please cite:          #
#                                                               #
# J. Eberhardt, D. Santos-Martins, A. F. Tillack, and S. Forli  #
# AutoDock Vina 1.2.0: New Docking Methods, Expanded Force      #
# Field, and Python Bindings, J. Chem. Inf. Model. (2021)       #
# DOI 10.1021/acs.jcim.1c00203                                  #
#                                                               #
# O. Trott, A. J. Olson,                                        #
# AutoDock Vina: improving the speed and accuracy of docking    #
# with a new scoring function, efficient optimization and       #
# multithreading, J. Comp. Chem. (2010)                         #
# DOI 10.1002/jcc.21334                                         #
#                                                               #
# Please see https://github.com/ccsb-scripps/AutoDock-Vina for  #
# more information.                                             #
#################################################################

Scoring function : vina
Rigid receptor: output/workdir/PBP2a_clean.pdbqt
Ligand: output/workdir/native_ligand.pdbqt
Grid center: X 27.902 Y 29.847 Z 88.317
Grid size  : X 18.7 Y 29.1 Z 21.4
Grid space : 0.375
Exhaustiveness: 32
CPU: 0
Verbosity: 1

Computing Vina grid ... done.
Performing docking (random seed: 1) ... 
0%   10   20   30   40   50   60   70   80   90   100%
|----|----|----|----|----|----|----|----|----|----|
***************************************************

mode |   affinity | dist from best mode
     | (kcal/mol) | rmsd l.b.| rmsd u.b.
-----+------------+----------+----------
   1       -6.952          0          0
   2       -6.791      3.637      9.872
   3        -6.77      3.405      7.121
2026-07-23 16:14:15 | INFO     |   RMSD (Kabsch, 27 atoms) = 1.937 Å
2026-07-23 16:14:15 | INFO     |   Core RMSD (ring scaffold, 12 atoms) = 1.251 Å
2026-07-23 16:14:15 | INFO     |   Redocking RMSD (conformer 0, seed 1) = 1.937 Å (core 1.251 Å)
2026-07-23 16:15:44 | INFO     |   [Vina stdout, conformer 0 seed 2] AutoDock Vina v1.2.7
#################################################################
# If you used AutoDock Vina in your work, please cite:          #
#                                                               #
# J. Eberhardt, D. Santos-Martins, A. F. Tillack, and S. Forli  #
# AutoDock Vina 1.2.0: New Docking Methods, Expanded Force      #
# Field, and Python Bindings, J. Chem. Inf. Model. (2021)       #
# DOI 10.1021/acs.jcim.1c00203                                  #
#                                                               #
# O. Trott, A. J. Olson,                                        #
# AutoDock Vina: improving the speed and accuracy of docking    #
# with a new scoring function, efficient optimization and       #
# multithreading, J. Comp. Chem. (2010)                         #
# DOI 10.1002/jcc.21334                                         #
#                                                               #
# Please see https://github.com/ccsb-scripps/AutoDock-Vina for  #
# more information.                                             #
#################################################################

Scoring function : vina
Rigid receptor: output/workdir/PBP2a_clean.pdbqt
Ligand: output/workdir/native_ligand.pdbqt
Grid center: X 27.902 Y 29.847 Z 88.317
Grid size  : X 18.7 Y 29.1 Z 21.4
Grid space : 0.375
Exhaustiveness: 32
CPU: 0
Verbosity: 1

Computing Vina grid ... done.
Performing docking (random seed: 2) ... 
0%   10   20   30   40   50   60   70   80   90   100%
|----|----|----|----|----|----|----|----|----|----|
***************************************************

mode |   affinity | dist from best mode
     | (kcal/mol) | rmsd l.b.| rmsd u.b.
-----+------------+----------+----------
   1       -6.857          0          0
   2       -6.817      3.164      6.962
   3       -6.515      12.27      15.95
2026-07-23 16:15:45 | INFO     |   RMSD (Kabsch, 27 atoms) = 2.091 Å
2026-07-23 16:15:45 | INFO     |   Core RMSD (ring scaffold, 12 atoms) = 1.235 Å
2026-07-23 16:15:45 | INFO     |   Redocking RMSD (conformer 0, seed 2) = 2.091 Å (core 1.235 Å)
2026-07-23 16:17:14 | INFO     |   [Vina stdout, conformer 0 seed 3] AutoDock Vina v1.2.7
#################################################################
# If you used AutoDock Vina in your work, please cite:          #
#                                                               #
# J. Eberhardt, D. Santos-Martins, A. F. Tillack, and S. Forli  #
# AutoDock Vina 1.2.0: New Docking Methods, Expanded Force      #
# Field, and Python Bindings, J. Chem. Inf. Model. (2021)       #
# DOI 10.1021/acs.jcim.1c00203                                  #
#                                                               #
# O. Trott, A. J. Olson,                                        #
# AutoDock Vina: improving the speed and accuracy of docking    #
# with a new scoring function, efficient optimization and       #
# multithreading, J. Comp. Chem. (2010)                         #
# DOI 10.1002/jcc.21334                                         #
#                                                               #
# Please see https://github.com/ccsb-scripps/AutoDock-Vina for  #
# more information.                                             #
#################################################################

Scoring function : vina
Rigid receptor: output/workdir/PBP2a_clean.pdbqt
Ligand: output/workdir/native_ligand.pdbqt
Grid center: X 27.902 Y 29.847 Z 88.317
Grid size  : X 18.7 Y 29.1 Z 21.4
Grid space : 0.375
Exhaustiveness: 32
CPU: 0
Verbosity: 1

Computing Vina grid ... done.
Performing docking (random seed: 3) ... 
0%   10   20   30   40   50   60   70   80   90   100%
|----|----|----|----|----|----|----|----|----|----|
***************************************************

mode |   affinity | dist from best mode
     | (kcal/mol) | rmsd l.b.| rmsd u.b.
-----+------------+----------+----------
   1       -6.917          0          0
   2       -6.581      1.606      2.145
   3       -6.443      11.11      15.51
2026-07-23 16:17:14 | INFO     |   RMSD (Kabsch, 27 atoms) = 2.069 Å
2026-07-23 16:17:14 | INFO     |   Core RMSD (ring scaffold, 12 atoms) = 1.223 Å
2026-07-23 16:17:14 | INFO     |   Redocking RMSD (conformer 0, seed 3) = 2.069 Å (core 1.223 Å)
2026-07-23 16:17:14 | INFO     |   Multi-start RMSDs (conformer 0) = 1.937, 2.091, 2.069 Å; best = 1.937 Å
2026-07-23 16:18:44 | INFO     |   [Vina stdout, conformer 1 seed 1] AutoDock Vina v1.2.7
#################################################################
# If you used AutoDock Vina in your work, please cite:          #
#                                                               #
# J. Eberhardt, D. Santos-Martins, A. F. Tillack, and S. Forli  #
# AutoDock Vina 1.2.0: New Docking Methods, Expanded Force      #
# Field, and Python Bindings, J. Chem. Inf. Model. (2021)       #
# DOI 10.1021/acs.jcim.1c00203                                  #
#                                                               #
# O. Trott, A. J. Olson,                                        #
# AutoDock Vina: improving the speed and accuracy of docking    #
# with a new scoring function, efficient optimization and       #
# multithreading, J. Comp. Chem. (2010)                         #
# DOI 10.1002/jcc.21334                                         #
#                                                               #
# Please see https://github.com/ccsb-scripps/AutoDock-Vina for  #
# more information.                                             #
#################################################################

Scoring function : vina
Rigid receptor: output/workdir/PBP2a_3ZG0_clean.pdbqt
Ligand: output/workdir/native_ligand.pdbqt
Grid center: X 27.902 Y 29.847 Z 88.317
Grid size  : X 18.7 Y 29.1 Z 21.4
Grid space : 0.375
Exhaustiveness: 32
CPU: 0
Verbosity: 1

Computing Vina grid ... done.
Performing docking (random seed: 1) ... 
0%   10   20   30   40   50   60   70   80   90   100%
|----|----|----|----|----|----|----|----|----|----|
***************************************************

mode |   affinity | dist from best mode
     | (kcal/mol) | rmsd l.b.| rmsd u.b.
-----+------------+----------+----------
   1       -6.699          0          0
   2       -6.482      1.962      2.954
   3       -6.448       3.17       12.5
2026-07-23 16:18:44 | INFO     |   RMSD (Kabsch, 27 atoms) = 2.071 Å
2026-07-23 16:18:44 | INFO     |   Core RMSD (ring scaffold, 12 atoms) = 1.114 Å
2026-07-23 16:18:44 | INFO     |   Redocking RMSD (conformer 1, seed 1) = 2.071 Å (core 1.114 Å)
2026-07-23 16:20:10 | INFO     |   [Vina stdout, conformer 1 seed 2] AutoDock Vina v1.2.7
#################################################################
# If you used AutoDock Vina in your work, please cite:          #
#                                                               #
# J. Eberhardt, D. Santos-Martins, A. F. Tillack, and S. Forli  #
# AutoDock Vina 1.2.0: New Docking Methods, Expanded Force      #
# Field, and Python Bindings, J. Chem. Inf. Model. (2021)       #
# DOI 10.1021/acs.jcim.1c00203                                  #
#                                                               #
# O. Trott, A. J. Olson,                                        #
# AutoDock Vina: improving the speed and accuracy of docking    #
# with a new scoring function, efficient optimization and       #
# multithreading, J. Comp. Chem. (2010)                         #
# DOI 10.1002/jcc.21334                                         #
#                                                               #
# Please see https://github.com/ccsb-scripps/AutoDock-Vina for  #
# more information.                                             #
#################################################################

Scoring function : vina
Rigid receptor: output/workdir/PBP2a_3ZG0_clean.pdbqt
Ligand: output/workdir/native_ligand.pdbqt
Grid center: X 27.902 Y 29.847 Z 88.317
Grid size  : X 18.7 Y 29.1 Z 21.4
Grid space : 0.375
Exhaustiveness: 32
CPU: 0
Verbosity: 1

Computing Vina grid ... done.
Performing docking (random seed: 2) ... 
0%   10   20   30   40   50   60   70   80   90   100%
|----|----|----|----|----|----|----|----|----|----|
***************************************************

mode |   affinity | dist from best mode
     | (kcal/mol) | rmsd l.b.| rmsd u.b.
-----+------------+----------+----------
   1       -6.832          0          0
   2         -6.6      3.476      12.54
   3       -6.597      3.647      7.467
2026-07-23 16:20:11 | INFO     |   RMSD (Kabsch, 27 atoms) = 2.146 Å
2026-07-23 16:20:11 | INFO     |   Core RMSD (ring scaffold, 12 atoms) = 1.215 Å
2026-07-23 16:20:11 | INFO     |   Redocking RMSD (conformer 1, seed 2) = 2.146 Å (core 1.215 Å)
2026-07-23 16:21:37 | INFO     |   [Vina stdout, conformer 1 seed 3] AutoDock Vina v1.2.7
#################################################################
# If you used AutoDock Vina in your work, please cite:          #
#                                                               #
# J. Eberhardt, D. Santos-Martins, A. F. Tillack, and S. Forli  #
# AutoDock Vina 1.2.0: New Docking Methods, Expanded Force      #
# Field, and Python Bindings, J. Chem. Inf. Model. (2021)       #
# DOI 10.1021/acs.jcim.1c00203                                  #
#                                                               #
# O. Trott, A. J. Olson,                                        #
# AutoDock Vina: improving the speed and accuracy of docking    #
# with a new scoring function, efficient optimization and       #
# multithreading, J. Comp. Chem. (2010)                         #
# DOI 10.1002/jcc.21334                                         #
#                                                               #
# Please see https://github.com/ccsb-scripps/AutoDock-Vina for  #
# more information.                                             #
#################################################################

Scoring function : vina
Rigid receptor: output/workdir/PBP2a_3ZG0_clean.pdbqt
Ligand: output/workdir/native_ligand.pdbqt
Grid center: X 27.902 Y 29.847 Z 88.317
Grid size  : X 18.7 Y 29.1 Z 21.4
Grid space : 0.375
Exhaustiveness: 32
CPU: 0
Verbosity: 1

Computing Vina grid ... done.
Performing docking (random seed: 3) ... 
0%   10   20   30   40   50   60   70   80   90   100%
|----|----|----|----|----|----|----|----|----|----|
***************************************************

mode |   affinity | dist from best mode
     | (kcal/mol) | rmsd l.b.| rmsd u.b.
-----+------------+----------+----------
   1        -6.83          0          0
   2       -6.593      3.473      12.56
   3       -6.506      4.095      9.202
2026-07-23 16:21:38 | INFO     |   RMSD (Kabsch, 27 atoms) = 2.119 Å
2026-07-23 16:21:38 | INFO     |   Core RMSD (ring scaffold, 12 atoms) = 1.187 Å
2026-07-23 16:21:38 | INFO     |   Redocking RMSD (conformer 1, seed 3) = 2.119 Å (core 1.187 Å)
2026-07-23 16:21:38 | INFO     |   Multi-start RMSDs (conformer 1) = 2.071, 2.146, 2.119 Å; best = 2.071 Å
2026-07-23 16:23:02 | INFO     |   [Vina stdout, conformer 2 seed 1] AutoDock Vina v1.2.7
#################################################################
# If you used AutoDock Vina in your work, please cite:          #
#                                                               #
# J. Eberhardt, D. Santos-Martins, A. F. Tillack, and S. Forli  #
# AutoDock Vina 1.2.0: New Docking Methods, Expanded Force      #
# Field, and Python Bindings, J. Chem. Inf. Model. (2021)       #
# DOI 10.1021/acs.jcim.1c00203                                  #
#                                                               #
# O. Trott, A. J. Olson,                                        #
# AutoDock Vina: improving the speed and accuracy of docking    #
# with a new scoring function, efficient optimization and       #
# multithreading, J. Comp. Chem. (2010)                         #
# DOI 10.1002/jcc.21334                                         #
#                                                               #
# Please see https://github.com/ccsb-scripps/AutoDock-Vina for  #
# more information.                                             #
#################################################################

Scoring function : vina
Rigid receptor: output/workdir/PBP2a_4DKI_clean.pdbqt
Ligand: output/workdir/native_ligand.pdbqt
Grid center: X 27.902 Y 29.847 Z 88.317
Grid size  : X 18.7 Y 29.1 Z 21.4
Grid space : 0.375
Exhaustiveness: 32
CPU: 0
Verbosity: 1

Computing Vina grid ... done.
Performing docking (random seed: 1) ... 
0%   10   20   30   40   50   60   70   80   90   100%
|----|----|----|----|----|----|----|----|----|----|
***************************************************

mode |   affinity | dist from best mode
     | (kcal/mol) | rmsd l.b.| rmsd u.b.
-----+------------+----------+----------
   1       -7.884          0          0
   2       -7.843      2.742      4.296
   3       -7.709      2.962      6.506
2026-07-23 16:23:03 | INFO     |   RMSD (Kabsch, 27 atoms) = 2.795 Å
2026-07-23 16:23:03 | INFO     |   Core RMSD (ring scaffold, 12 atoms) = 1.154 Å
2026-07-23 16:23:03 | INFO     |   Redocking RMSD (conformer 2, seed 1) = 2.795 Å (core 1.154 Å)
2026-07-23 16:24:22 | INFO     |   [Vina stdout, conformer 2 seed 2] AutoDock Vina v1.2.7
#################################################################
# If you used AutoDock Vina in your work, please cite:          #
#                                                               #
# J. Eberhardt, D. Santos-Martins, A. F. Tillack, and S. Forli  #
# AutoDock Vina 1.2.0: New Docking Methods, Expanded Force      #
# Field, and Python Bindings, J. Chem. Inf. Model. (2021)       #
# DOI 10.1021/acs.jcim.1c00203                                  #
#                                                               #
# O. Trott, A. J. Olson,                                        #
# AutoDock Vina: improving the speed and accuracy of docking    #
# with a new scoring function, efficient optimization and       #
# multithreading, J. Comp. Chem. (2010)                         #
# DOI 10.1002/jcc.21334                                         #
#                                                               #
# Please see https://github.com/ccsb-scripps/AutoDock-Vina for  #
# more information.                                             #
#################################################################

Scoring function : vina
Rigid receptor: output/workdir/PBP2a_4DKI_clean.pdbqt
Ligand: output/workdir/native_ligand.pdbqt
Grid center: X 27.902 Y 29.847 Z 88.317
Grid size  : X 18.7 Y 29.1 Z 21.4
Grid space : 0.375
Exhaustiveness: 32
CPU: 0
Verbosity: 1

Computing Vina grid ... done.
Performing docking (random seed: 2) ... 
0%   10   20   30   40   50   60   70   80   90   100%
|----|----|----|----|----|----|----|----|----|----|
***************************************************

mode |   affinity | dist from best mode
     | (kcal/mol) | rmsd l.b.| rmsd u.b.
-----+------------+----------+----------
   1       -7.832          0          0
   2       -7.691       3.28      9.288
   3       -7.665      2.342      3.761
2026-07-23 16:24:23 | INFO     |   RMSD (Kabsch, 27 atoms) = 2.838 Å
2026-07-23 16:24:23 | INFO     |   Core RMSD (ring scaffold, 12 atoms) = 1.158 Å
2026-07-23 16:24:23 | INFO     |   Redocking RMSD (conformer 2, seed 2) = 2.838 Å (core 1.158 Å)
2026-07-23 16:25:44 | INFO     |   [Vina stdout, conformer 2 seed 3] AutoDock Vina v1.2.7
#################################################################
# If you used AutoDock Vina in your work, please cite:          #
#                                                               #
# J. Eberhardt, D. Santos-Martins, A. F. Tillack, and S. Forli  #
# AutoDock Vina 1.2.0: New Docking Methods, Expanded Force      #
# Field, and Python Bindings, J. Chem. Inf. Model. (2021)       #
# DOI 10.1021/acs.jcim.1c00203                                  #
#                                                               #
# O. Trott, A. J. Olson,                                        #
# AutoDock Vina: improving the speed and accuracy of docking    #
# with a new scoring function, efficient optimization and       #
# multithreading, J. Comp. Chem. (2010)                         #
# DOI 10.1002/jcc.21334                                         #
#                                                               #
# Please see https://github.com/ccsb-scripps/AutoDock-Vina for  #
# more information.                                             #
#################################################################

Scoring function : vina
Rigid receptor: output/workdir/PBP2a_4DKI_clean.pdbqt
Ligand: output/workdir/native_ligand.pdbqt
Grid center: X 27.902 Y 29.847 Z 88.317
Grid size  : X 18.7 Y 29.1 Z 21.4
Grid space : 0.375
Exhaustiveness: 32
CPU: 0
Verbosity: 1

Computing Vina grid ... done.
Performing docking (random seed: 3) ... 
0%   10   20   30   40   50   60   70   80   90   100%
|----|----|----|----|----|----|----|----|----|----|
***************************************************

mode |   affinity | dist from best mode
     | (kcal/mol) | rmsd l.b.| rmsd u.b.
-----+------------+----------+----------
   1       -7.692          0          0
   2       -7.616      2.931      6.421
   3       -7.436       3.21      6.719
2026-07-23 16:25:44 | INFO     |   RMSD (Kabsch, 27 atoms) = 2.843 Å
2026-07-23 16:25:44 | INFO     |   Core RMSD (ring scaffold, 12 atoms) = 1.157 Å
2026-07-23 16:25:44 | INFO     |   Redocking RMSD (conformer 2, seed 3) = 2.843 Å (core 1.157 Å)
2026-07-23 16:25:44 | INFO     |   Multi-start RMSDs (conformer 2) = 2.795, 2.838, 2.843 Å; best = 2.795 Å
2026-07-23 16:25:44 | INFO     |   Best (consensus) Redocking RMSD = 1.937 Å (full-ligand); core (active-site scaffold) = 1.251 Å
2026-07-23 16:25:44 | INFO     |   ✓  Redocking validated (core RMSD = 1.251 Å ≤ 2.0 Å).
2026-07-23 16:25:44 | INFO     |   Validation results written: output/workdir/validation_results.json
2026-07-23 16:25:44 | INFO     |   Release status written: /Users/tom/Documents/apps/AutoAntibiotic/status.json
2026-07-23 16:25:45 | INFO     | --- Phase 0.5: Enrichment Validation ---
2026-07-23 16:25:45 | INFO     |   Loaded 14 known actives
2026-07-23 16:25:45 | INFO     |   Loaded 150 known decoys
2026-07-23 16:28:06 | INFO     |     Docked 25 / 164 (enrich_c0)
2026-07-23 16:30:22 | INFO     |     Docked 50 / 164 (enrich_c0)
2026-07-23 16:32:44 | INFO     |     Docked 75 / 164 (enrich_c0)
2026-07-23 16:34:59 | INFO     |     Docked 100 / 164 (enrich_c0)
2026-07-23 16:38:07 | INFO     |     Docked 125 / 164 (enrich_c0)
2026-07-23 16:40:37 | INFO     |     Docked 150 / 164 (enrich_c0)
2026-07-23 16:43:33 | INFO     |     Docked 25 / 164 (enrich_c1)
2026-07-23 16:45:38 | INFO     |     Docked 50 / 164 (enrich_c1)
2026-07-23 16:47:34 | INFO     |     Docked 75 / 164 (enrich_c1)
2026-07-23 16:49:45 | INFO     |     Docked 100 / 164 (enrich_c1)
2026-07-23 16:52:26 | INFO     |     Docked 125 / 164 (enrich_c1)
2026-07-23 16:54:45 | INFO     |     Docked 150 / 164 (enrich_c1)
2026-07-23 16:57:39 | INFO     |     Docked 25 / 164 (enrich_c2)
2026-07-23 16:59:43 | INFO     |     Docked 50 / 164 (enrich_c2)
2026-07-23 17:07:32 | INFO     |     Docked 75 / 164 (enrich_c2)
2026-07-23 17:07:45 | INFO     |     Docked 100 / 164 (enrich_c2)
2026-07-23 17:08:49 | INFO     |     Docked 125 / 164 (enrich_c2)
2026-07-23 17:43:04 | INFO     | ─── Phase 0: Dependency Check ───
2026-07-23 17:43:04 | INFO     |   ✓  AutoDock Vina binary found on PATH (version: AutoDock Vina v1.2.7)
2026-07-23 17:43:04 | INFO     |   ✓  OpenBabel binary found on PATH (version: Open Babel 3.1.0 -- Feb 17 2026 -- 07:27:20
Usage:
obabel [-i<input-type>] <infilename> [-o<output-type>] -O<outfilename> [Options]
Try  -H option for more information.)
2026-07-23 17:43:04 | INFO     |   ✓  All required Python packages found.
2026-07-23 17:43:04 | INFO     | ─── Phase 1: Target Preparation & Centroid Calculation ───
2026-07-23 17:43:04 | INFO     |   NOTE: bundled tests/data/*.pdb files are minimal mock structures for offline CI runs — they are NOT real crystallographic models. Any redocking RMSD computed against them is non-physical and must not be interpreted as a protocol-quality metric.
2026-07-23 17:43:04 | INFO     |   Run mode (from config): science
2026-07-23 17:43:04 | INFO     |   Structure 3ZG0 already local: output/pdb/3ZG0.pdb
2026-07-23 17:43:04 | INFO     |   Structure 1VQQ already local: output/pdb/1VQQ.pdb
2026-07-23 17:43:04 | INFO     |   Structure 1UTN already local: output/pdb/1UTN.pdb
2026-07-23 17:43:04 | INFO     |   Structure 1YAH already local: output/pdb/1YAH.pdb
2026-07-23 17:43:04 | INFO     |   Structure 1VQQ already local: output/pdb/1VQQ.pdb
2026-07-23 17:43:04 | INFO     |   Structure 3ZG0 already local: output/pdb/3ZG0.pdb
2026-07-23 17:43:04 | INFO     |   Structure 4DKI already local: output/pdb/4DKI.pdb
2026-07-23 17:43:04 | INFO     | Science mode: real scientific validation expected.
2026-07-23 17:43:04 | INFO     |   Cleaning PBP2a (apo)…
2026-07-23 17:43:04 | INFO     |   Polar hydrogens added to output/workdir/PBP2a_clean.pdb
2026-07-23 17:44:08 | INFO     |   Receptor PDBQT written via obabel (-xr): output/workdir/PBP2a_clean.pdbqt
2026-07-23 17:44:08 | INFO     |   Cleaning PBP2a (holo, protein-only)…
2026-07-23 17:44:09 | WARNING  |   Could not read PDB via RDKit. Skipping hydrogen addition.
2026-07-23 17:44:09 | INFO     |   Receptor PDBQT written via obabel (-xr): output/workdir/PBP2a_holo_clean.pdbqt
2026-07-23 17:44:09 | WARNING  |   Could not read PDB via RDKit. Skipping hydrogen addition.
2026-07-23 17:44:09 | INFO     |   Receptor PDBQT written via obabel (-xr): output/workdir/PBP2a_3ZG0_clean.pdbqt
2026-07-23 17:44:09 | INFO     |   Added PBP2a conformer 3ZG0 receptor PDBQT: output/workdir/PBP2a_3ZG0_clean.pdbqt
2026-07-23 17:44:10 | INFO     |   Polar hydrogens added to output/workdir/PBP2a_4DKI_clean.pdb
2026-07-23 17:46:58 | INFO     | AutoAntibiotic Discovery Pipeline v5.1.0
2026-07-23 17:46:58 | INFO     | ─── Phase 0: Dependency Check ───
2026-07-23 17:46:58 | INFO     |   ✓  AutoDock Vina binary found on PATH (version: AutoDock Vina v1.2.7)
2026-07-23 17:46:58 | INFO     |   ✓  OpenBabel binary found on PATH (version: Open Babel 3.1.0 -- Feb 17 2026 -- 07:27:20
Usage:
obabel [-i<input-type>] <infilename> [-o<output-type>] -O<outfilename> [Options]
Try  -H option for more information.)
2026-07-23 17:46:58 | INFO     |   ✓  All required Python packages found.
2026-07-23 17:46:58 | INFO     | ─── Phase 1: Target Preparation & Centroid Calculation ───
2026-07-23 17:46:58 | INFO     |   NOTE: bundled tests/data/*.pdb files are minimal mock structures for offline CI runs — they are NOT real crystallographic models. Any redocking RMSD computed against them is non-physical and must not be interpreted as a protocol-quality metric.
2026-07-23 17:46:58 | INFO     |   Run mode (from config): science
2026-07-23 17:46:58 | INFO     |   Structure 3ZG0 already local: output/pdb/3ZG0.pdb
2026-07-23 17:46:58 | INFO     |   Structure 1VQQ already local: output/pdb/1VQQ.pdb
2026-07-23 17:46:58 | INFO     |   Structure 1UTN already local: output/pdb/1UTN.pdb
2026-07-23 17:46:58 | INFO     |   Structure 1YAH already local: output/pdb/1YAH.pdb
2026-07-23 17:46:58 | INFO     |   Structure 1VQQ already local: output/pdb/1VQQ.pdb
2026-07-23 17:46:58 | INFO     |   Structure 3ZG0 already local: output/pdb/3ZG0.pdb
2026-07-23 17:46:58 | INFO     |   Structure 4DKI already local: output/pdb/4DKI.pdb
2026-07-23 17:46:58 | INFO     | Science mode: real scientific validation expected.
2026-07-23 17:46:58 | INFO     |   Cleaning PBP2a (apo)…
2026-07-23 17:46:58 | INFO     |   Polar hydrogens added to output/workdir/PBP2a_clean.pdb
2026-07-23 17:48:02 | INFO     |   Receptor PDBQT written via obabel (-xr): output/workdir/PBP2a_clean.pdbqt
2026-07-23 17:48:02 | INFO     |   Cleaning PBP2a (holo, protein-only)…
2026-07-23 17:48:03 | WARNING  |   Could not read PDB via RDKit. Skipping hydrogen addition.
2026-07-23 17:48:03 | INFO     |   Receptor PDBQT written via obabel (-xr): output/workdir/PBP2a_holo_clean.pdbqt
2026-07-23 17:48:03 | WARNING  |   Could not read PDB via RDKit. Skipping hydrogen addition.
2026-07-23 17:48:03 | INFO     |   Receptor PDBQT written via obabel (-xr): output/workdir/PBP2a_3ZG0_clean.pdbqt
2026-07-23 17:48:03 | INFO     |   Added PBP2a conformer 3ZG0 receptor PDBQT: output/workdir/PBP2a_3ZG0_clean.pdbqt
2026-07-23 17:48:04 | INFO     |   Polar hydrogens added to output/workdir/PBP2a_4DKI_clean.pdb
2026-07-23 17:49:10 | INFO     |   Receptor PDBQT written via obabel (-xr): output/workdir/PBP2a_4DKI_clean.pdbqt
2026-07-23 17:49:10 | INFO     |   Added PBP2a conformer 4DKI receptor PDBQT: output/workdir/PBP2a_4DKI_clean.pdbqt
2026-07-23 17:49:10 | INFO     |   Computing active site centroid (conserved residues SER403, LYS406, TYR446) using side-chain atoms…
2026-07-23 17:49:10 | INFO     |     Active site center: [23.95072216 27.87146293 88.53164786]
2026-07-23 17:49:10 | INFO     |   Computing allosteric site centroid (TYR105, GLN199, GLU237) using side-chain atoms…
2026-07-23 17:49:10 | WARNING  |   ⚠  Allosteric residues ['TYR105', 'GLN199', 'GLU237'] missing: name 'cleaned_pdb' is not defined
2026-07-23 17:49:10 | INFO     |     Allosteric site center: None
2026-07-23 17:49:10 | INFO     |   Cleaning Human Trypsin (1UTN)…
2026-07-23 17:49:10 | INFO     |   Polar hydrogens added to output/workdir/trypsin_clean.pdb
2026-07-23 17:49:11 | INFO     |   Receptor PDBQT written via obabel (-xr): output/workdir/trypsin_clean.pdbqt
2026-07-23 17:49:11 | INFO     |   Computing trypsin active site centroid (His57, Asp102, Ser195) using side-chain atoms…
2026-07-23 17:49:11 | INFO     |     Trypsin active site center: [22.54101663 14.86204433 22.53591386]
2026-07-23 17:49:11 | INFO     |   Cleaning Human Carboxylesterase 1 (1YAH)…
2026-07-23 17:49:11 | INFO     |   Polar hydrogens added to output/workdir/CES1_clean.pdb
2026-07-23 17:51:09 | INFO     |   Receptor PDBQT written via obabel (-xr): output/workdir/CES1_clean.pdbqt
2026-07-23 17:51:09 | INFO     |   Computing CES1 active site centroid (Ser221, His468, Glu354) using side-chain atoms…
2026-07-23 17:51:09 | INFO     |     CES1 active site center: [-7.13865188 43.85391877 37.96102563]
2026-07-23 17:51:09 | INFO     |   Grid config saved: output/workdir/grid_configs/grid_active.txt
2026-07-23 17:51:09 | INFO     | ─── Phase 1 complete ───
2026-07-23 17:51:09 | INFO     | ─── Phase 0: Redocking Validation ───
2026-07-23 17:51:09 | INFO     |   Native ligand (resname override 'AI8'): chain A, residue AI8
2026-07-23 17:51:09 | INFO     |   Native ligand SMILES: CCONC(C(O)N[C@H](CO)[C@@H]1NC(C(O)O)[C@@H](SC2NC(C3CCN(C)CC3)CS2)CS1)[C@@H]1NSC(N)N1
2026-07-23 17:51:09 | INFO     |   Native ligand PDBQT written to output/workdir/native_ligand.pdbqt
2026-07-23 17:51:09 | INFO     |   Redocking native ligand into PBP2a…
2026-07-23 17:51:09 | INFO     |   Redocking box: 18.7 x 29.1 x 21.4 Å (auto-sized from native ligand).
2026-07-23 17:52:42 | INFO     |   [Vina stdout, conformer 0 seed 1] AutoDock Vina v1.2.7
#################################################################
# If you used AutoDock Vina in your work, please cite:          #
#                                                               #
# J. Eberhardt, D. Santos-Martins, A. F. Tillack, and S. Forli  #
# AutoDock Vina 1.2.0: New Docking Methods, Expanded Force      #
# Field, and Python Bindings, J. Chem. Inf. Model. (2021)       #
# DOI 10.1021/acs.jcim.1c00203                                  #
#                                                               #
# O. Trott, A. J. Olson,                                        #
# AutoDock Vina: improving the speed and accuracy of docking    #
# with a new scoring function, efficient optimization and       #
# multithreading, J. Comp. Chem. (2010)                         #
# DOI 10.1002/jcc.21334                                         #
#                                                               #
# Please see https://github.com/ccsb-scripps/AutoDock-Vina for  #
# more information.                                             #
#################################################################

Scoring function : vina
Rigid receptor: output/workdir/PBP2a_clean.pdbqt
Ligand: output/workdir/native_ligand.pdbqt
Grid center: X 27.902 Y 29.847 Z 88.317
Grid size  : X 18.7 Y 29.1 Z 21.4
Grid space : 0.375
Exhaustiveness: 32
CPU: 0
Verbosity: 1

Computing Vina grid ... done.
Performing docking (random seed: 1) ... 
0%   10   20   30   40   50   60   70   80   90   100%
|----|----|----|----|----|----|----|----|----|----|
***************************************************

mode |   affinity | dist from best mode
     | (kcal/mol) | rmsd l.b.| rmsd u.b.
-----+------------+----------+----------
   1       -6.952          0          0
   2       -6.791      3.637      9.872
   3        -6.77      3.405      7.121
2026-07-23 17:52:42 | INFO     |   RMSD (Kabsch, 27 atoms) = 1.937 Å
2026-07-23 17:52:42 | INFO     |   Core RMSD (ring scaffold, 12 atoms) = 1.251 Å
2026-07-23 17:52:42 | INFO     |   Redocking RMSD (conformer 0, seed 1) = 1.937 Å (core 1.251 Å)
2026-07-23 17:54:09 | INFO     |   [Vina stdout, conformer 0 seed 2] AutoDock Vina v1.2.7
#################################################################
# If you used AutoDock Vina in your work, please cite:          #
#                                                               #
# J. Eberhardt, D. Santos-Martins, A. F. Tillack, and S. Forli  #
# AutoDock Vina 1.2.0: New Docking Methods, Expanded Force      #
# Field, and Python Bindings, J. Chem. Inf. Model. (2021)       #
# DOI 10.1021/acs.jcim.1c00203                                  #
#                                                               #
# O. Trott, A. J. Olson,                                        #
# AutoDock Vina: improving the speed and accuracy of docking    #
# with a new scoring function, efficient optimization and       #
# multithreading, J. Comp. Chem. (2010)                         #
# DOI 10.1002/jcc.21334                                         #
#                                                               #
# Please see https://github.com/ccsb-scripps/AutoDock-Vina for  #
# more information.                                             #
#################################################################

Scoring function : vina
Rigid receptor: output/workdir/PBP2a_clean.pdbqt
Ligand: output/workdir/native_ligand.pdbqt
Grid center: X 27.902 Y 29.847 Z 88.317
Grid size  : X 18.7 Y 29.1 Z 21.4
Grid space : 0.375
Exhaustiveness: 32
CPU: 0
Verbosity: 1

Computing Vina grid ... done.
Performing docking (random seed: 2) ... 
0%   10   20   30   40   50   60   70   80   90   100%
|----|----|----|----|----|----|----|----|----|----|
***************************************************

mode |   affinity | dist from best mode
     | (kcal/mol) | rmsd l.b.| rmsd u.b.
-----+------------+----------+----------
   1       -6.857          0          0
   2       -6.817      3.164      6.962
   3       -6.515      12.27      15.95
2026-07-23 17:54:09 | INFO     |   RMSD (Kabsch, 27 atoms) = 2.091 Å
2026-07-23 17:54:09 | INFO     |   Core RMSD (ring scaffold, 12 atoms) = 1.235 Å
2026-07-23 17:54:09 | INFO     |   Redocking RMSD (conformer 0, seed 2) = 2.091 Å (core 1.235 Å)
2026-07-23 17:55:38 | INFO     |   [Vina stdout, conformer 0 seed 3] AutoDock Vina v1.2.7
#################################################################
# If you used AutoDock Vina in your work, please cite:          #
#                                                               #
# J. Eberhardt, D. Santos-Martins, A. F. Tillack, and S. Forli  #
# AutoDock Vina 1.2.0: New Docking Methods, Expanded Force      #
# Field, and Python Bindings, J. Chem. Inf. Model. (2021)       #
# DOI 10.1021/acs.jcim.1c00203                                  #
#                                                               #
# O. Trott, A. J. Olson,                                        #
# AutoDock Vina: improving the speed and accuracy of docking    #
# with a new scoring function, efficient optimization and       #
# multithreading, J. Comp. Chem. (2010)                         #
# DOI 10.1002/jcc.21334                                         #
#                                                               #
# Please see https://github.com/ccsb-scripps/AutoDock-Vina for  #
# more information.                                             #
#################################################################

Scoring function : vina
Rigid receptor: output/workdir/PBP2a_clean.pdbqt
Ligand: output/workdir/native_ligand.pdbqt
Grid center: X 27.902 Y 29.847 Z 88.317
Grid size  : X 18.7 Y 29.1 Z 21.4
Grid space : 0.375
Exhaustiveness: 32
CPU: 0
Verbosity: 1

Computing Vina grid ... done.
Performing docking (random seed: 3) ... 
0%   10   20   30   40   50   60   70   80   90   100%
|----|----|----|----|----|----|----|----|----|----|
***************************************************

mode |   affinity | dist from best mode
     | (kcal/mol) | rmsd l.b.| rmsd u.b.
-----+------------+----------+----------
   1       -6.917          0          0
   2       -6.581      1.606      2.145
   3       -6.443      11.11      15.51
2026-07-23 17:55:38 | INFO     |   RMSD (Kabsch, 27 atoms) = 2.069 Å
2026-07-23 17:55:38 | INFO     |   Core RMSD (ring scaffold, 12 atoms) = 1.223 Å
2026-07-23 17:55:38 | INFO     |   Redocking RMSD (conformer 0, seed 3) = 2.069 Å (core 1.223 Å)
2026-07-23 17:55:38 | INFO     |   Multi-start RMSDs (conformer 0) = 1.937, 2.091, 2.069 Å; best = 1.937 Å
2026-07-23 17:57:08 | INFO     | AutoAntibiotic Discovery Pipeline v5.1.0
2026-07-23 17:57:08 | INFO     | ─── Phase 0: Dependency Check ───
2026-07-23 17:57:08 | INFO     |   ✓  AutoDock Vina binary found on PATH (version: AutoDock Vina v1.2.7)
2026-07-23 17:57:08 | INFO     |   ✓  OpenBabel binary found on PATH (version: Open Babel 3.1.0 -- Feb 17 2026 -- 07:27:20
Usage:
obabel [-i<input-type>] <infilename> [-o<output-type>] -O<outfilename> [Options]
Try  -H option for more information.)
2026-07-23 17:57:08 | INFO     |   ✓  All required Python packages found.
2026-07-23 17:57:08 | INFO     | ─── Phase 1: Target Preparation & Centroid Calculation ───
2026-07-23 17:57:08 | INFO     |   NOTE: bundled tests/data/*.pdb files are minimal mock structures for offline CI runs — they are NOT real crystallographic models. Any redocking RMSD computed against them is non-physical and must not be interpreted as a protocol-quality metric.
2026-07-23 17:57:08 | INFO     |   Run mode (from config): science
2026-07-23 17:57:08 | INFO     |   Structure 3ZG0 already local: output/pdb/3ZG0.pdb
2026-07-23 17:57:08 | INFO     |   Structure 1VQQ already local: output/pdb/1VQQ.pdb
2026-07-23 17:57:08 | INFO     |   Structure 1UTN already local: output/pdb/1UTN.pdb
2026-07-23 17:57:08 | INFO     |   Structure 1YAH already local: output/pdb/1YAH.pdb
2026-07-23 17:57:08 | INFO     |   Structure 1VQQ already local: output/pdb/1VQQ.pdb
2026-07-23 17:57:08 | INFO     |   Structure 3ZG0 already local: output/pdb/3ZG0.pdb
2026-07-23 17:57:08 | INFO     |   Structure 4DKI already local: output/pdb/4DKI.pdb
2026-07-23 17:57:08 | INFO     | Science mode: real scientific validation expected.
2026-07-23 17:57:08 | INFO     |   Cleaning PBP2a (apo)…
2026-07-23 17:57:08 | INFO     |   Polar hydrogens added to output/workdir/PBP2a_clean.pdb
2026-07-23 17:58:18 | INFO     |   Receptor PDBQT written via obabel (-xr): output/workdir/PBP2a_clean.pdbqt
2026-07-23 17:58:18 | INFO     |   Cleaning PBP2a (holo, protein-only)…
2026-07-23 17:58:18 | WARNING  |   Could not read PDB via RDKit. Skipping hydrogen addition.
2026-07-23 17:58:18 | INFO     |   Receptor PDBQT written via obabel (-xr): output/workdir/PBP2a_holo_clean.pdbqt
2026-07-23 17:58:18 | WARNING  |   Could not read PDB via RDKit. Skipping hydrogen addition.
2026-07-23 17:58:19 | INFO     |   Receptor PDBQT written via obabel (-xr): output/workdir/PBP2a_3ZG0_clean.pdbqt
2026-07-23 17:58:19 | INFO     |   Added PBP2a conformer 3ZG0 receptor PDBQT: output/workdir/PBP2a_3ZG0_clean.pdbqt
2026-07-23 17:58:19 | INFO     |   Polar hydrogens added to output/workdir/PBP2a_4DKI_clean.pdb
2026-07-23 17:59:26 | INFO     |   Receptor PDBQT written via obabel (-xr): output/workdir/PBP2a_4DKI_clean.pdbqt
2026-07-23 17:59:26 | INFO     |   Added PBP2a conformer 4DKI receptor PDBQT: output/workdir/PBP2a_4DKI_clean.pdbqt
2026-07-23 17:59:26 | INFO     |   Computing active site centroid (conserved residues SER403, LYS406, TYR446) using side-chain atoms…
2026-07-23 17:59:26 | INFO     |     Active site center: [23.95072216 27.87146293 88.53164786]
2026-07-23 17:59:26 | INFO     |   Computing allosteric site centroid (TYR105, GLN199, GLU237) using side-chain atoms…
2026-07-23 17:59:26 | WARNING  |   ⚠  Allosteric residues ['TYR105', 'GLN199', 'GLU237'] missing: name 'cleaned_pdb' is not defined
2026-07-23 17:59:26 | INFO     |     Allosteric site center: None
2026-07-23 17:59:26 | INFO     |   Cleaning Human Trypsin (1UTN)…
2026-07-23 17:59:26 | INFO     |   Polar hydrogens added to output/workdir/trypsin_clean.pdb
2026-07-23 17:59:27 | INFO     |   Receptor PDBQT written via obabel (-xr): output/workdir/trypsin_clean.pdbqt
2026-07-23 17:59:27 | INFO     |   Computing trypsin active site centroid (His57, Asp102, Ser195) using side-chain atoms…
2026-07-23 17:59:27 | INFO     |     Trypsin active site center: [22.54101663 14.86204433 22.53591386]
2026-07-23 17:59:27 | INFO     |   Cleaning Human Carboxylesterase 1 (1YAH)…
2026-07-23 17:59:27 | INFO     |   Polar hydrogens added to output/workdir/CES1_clean.pdb
2026-07-23 18:01:27 | INFO     |   Receptor PDBQT written via obabel (-xr): output/workdir/CES1_clean.pdbqt
2026-07-23 18:01:27 | INFO     |   Computing CES1 active site centroid (Ser221, His468, Glu354) using side-chain atoms…
2026-07-23 18:01:27 | INFO     |     CES1 active site center: [-7.13865188 43.85391877 37.96102563]
2026-07-23 18:01:27 | INFO     |   Grid config saved: output/workdir/grid_configs/grid_active.txt
2026-07-23 18:01:27 | INFO     | ─── Phase 1 complete ───
2026-07-23 18:01:27 | INFO     | ─── Phase 0: Redocking Validation ───
2026-07-23 18:01:28 | INFO     |   Native ligand (resname override 'AI8'): chain A, residue AI8
2026-07-23 18:01:28 | INFO     |   Native ligand SMILES: CCONC(C(O)N[C@H](CO)[C@@H]1NC(C(O)O)[C@@H](SC2NC(C3CCN(C)CC3)CS2)CS1)[C@@H]1NSC(N)N1
2026-07-23 18:01:28 | INFO     |   Native ligand PDBQT written to output/workdir/native_ligand.pdbqt
2026-07-23 18:01:28 | INFO     |   Redocking native ligand into PBP2a…
2026-07-23 18:01:28 | INFO     |   Redocking box: 18.7 x 29.1 x 21.4 Å (auto-sized from native ligand).
2026-07-23 18:03:11 | INFO     |   [Vina stdout, conformer 0 seed 1] AutoDock Vina v1.2.7
#################################################################
# If you used AutoDock Vina in your work, please cite:          #
#                                                               #
# J. Eberhardt, D. Santos-Martins, A. F. Tillack, and S. Forli  #
# AutoDock Vina 1.2.0: New Docking Methods, Expanded Force      #
# Field, and Python Bindings, J. Chem. Inf. Model. (2021)       #
# DOI 10.1021/acs.jcim.1c00203                                  #
#                                                               #
# O. Trott, A. J. Olson,                                        #
# AutoDock Vina: improving the speed and accuracy of docking    #
# with a new scoring function, efficient optimization and       #
# multithreading, J. Comp. Chem. (2010)                         #
# DOI 10.1002/jcc.21334                                         #
#                                                               #
# Please see https://github.com/ccsb-scripps/AutoDock-Vina for  #
# more information.                                             #
#################################################################

Scoring function : vina
Rigid receptor: output/workdir/PBP2a_clean.pdbqt
Ligand: output/workdir/native_ligand.pdbqt
Grid center: X 27.902 Y 29.847 Z 88.317
Grid size  : X 18.7 Y 29.1 Z 21.4
Grid space : 0.375
Exhaustiveness: 32
CPU: 0
Verbosity: 1

Computing Vina grid ... done.
Performing docking (random seed: 1) ... 
0%   10   20   30   40   50   60   70   80   90   100%
|----|----|----|----|----|----|----|----|----|----|
***************************************************

mode |   affinity | dist from best mode
     | (kcal/mol) | rmsd l.b.| rmsd u.b.
-----+------------+----------+----------
   1       -6.952          0          0
   2       -6.791      3.637      9.872
   3        -6.77      3.405      7.121
2026-07-23 18:03:11 | INFO     |   RMSD (Kabsch, 27 atoms) = 1.937 Å
2026-07-23 18:03:11 | INFO     |   Core RMSD (ring scaffold, 12 atoms) = 1.251 Å
2026-07-23 18:03:11 | INFO     |   Redocking RMSD (conformer 0, seed 1) = 1.937 Å (core 1.251 Å)
2026-07-23 18:04:38 | INFO     |   [Vina stdout, conformer 0 seed 2] AutoDock Vina v1.2.7
#################################################################
# If you used AutoDock Vina in your work, please cite:          #
#                                                               #
# J. Eberhardt, D. Santos-Martins, A. F. Tillack, and S. Forli  #
# AutoDock Vina 1.2.0: New Docking Methods, Expanded Force      #
# Field, and Python Bindings, J. Chem. Inf. Model. (2021)       #
# DOI 10.1021/acs.jcim.1c00203                                  #
#                                                               #
# O. Trott, A. J. Olson,                                        #
# AutoDock Vina: improving the speed and accuracy of docking    #
# with a new scoring function, efficient optimization and       #
# multithreading, J. Comp. Chem. (2010)                         #
# DOI 10.1002/jcc.21334                                         #
#                                                               #
# Please see https://github.com/ccsb-scripps/AutoDock-Vina for  #
# more information.                                             #
#################################################################

Scoring function : vina
Rigid receptor: output/workdir/PBP2a_clean.pdbqt
Ligand: output/workdir/native_ligand.pdbqt
Grid center: X 27.902 Y 29.847 Z 88.317
Grid size  : X 18.7 Y 29.1 Z 21.4
Grid space : 0.375
Exhaustiveness: 32
CPU: 0
Verbosity: 1

Computing Vina grid ... done.
Performing docking (random seed: 2) ... 
0%   10   20   30   40   50   60   70   80   90   100%
|----|----|----|----|----|----|----|----|----|----|
***************************************************

mode |   affinity | dist from best mode
     | (kcal/mol) | rmsd l.b.| rmsd u.b.
-----+------------+----------+----------
   1       -6.857          0          0
   2       -6.817      3.164      6.962
   3       -6.515      12.27      15.95
2026-07-23 18:04:38 | INFO     |   RMSD (Kabsch, 27 atoms) = 2.091 Å
2026-07-23 18:04:38 | INFO     |   Core RMSD (ring scaffold, 12 atoms) = 1.235 Å
2026-07-23 18:04:38 | INFO     |   Redocking RMSD (conformer 0, seed 2) = 2.091 Å (core 1.235 Å)
2026-07-23 18:06:11 | INFO     |   [Vina stdout, conformer 0 seed 3] AutoDock Vina v1.2.7
#################################################################
# If you used AutoDock Vina in your work, please cite:          #
#                                                               #
# J. Eberhardt, D. Santos-Martins, A. F. Tillack, and S. Forli  #
# AutoDock Vina 1.2.0: New Docking Methods, Expanded Force      #
# Field, and Python Bindings, J. Chem. Inf. Model. (2021)       #
# DOI 10.1021/acs.jcim.1c00203                                  #
#                                                               #
# O. Trott, A. J. Olson,                                        #
# AutoDock Vina: improving the speed and accuracy of docking    #
# with a new scoring function, efficient optimization and       #
# multithreading, J. Comp. Chem. (2010)                         #
# DOI 10.1002/jcc.21334                                         #
#                                                               #
# Please see https://github.com/ccsb-scripps/AutoDock-Vina for  #
# more information.                                             #
#################################################################

Scoring function : vina
Rigid receptor: output/workdir/PBP2a_clean.pdbqt
Ligand: output/workdir/native_ligand.pdbqt
Grid center: X 27.902 Y 29.847 Z 88.317
Grid size  : X 18.7 Y 29.1 Z 21.4
Grid space : 0.375
Exhaustiveness: 32
CPU: 0
Verbosity: 1

Computing Vina grid ... done.
Performing docking (random seed: 3) ... 
0%   10   20   30   40   50   60   70   80   90   100%
|----|----|----|----|----|----|----|----|----|----|
***************************************************

mode |   affinity | dist from best mode
     | (kcal/mol) | rmsd l.b.| rmsd u.b.
-----+------------+----------+----------
   1       -6.917          0          0
   2       -6.581      1.606      2.145
   3       -6.443      11.11      15.51
2026-07-23 18:06:12 | INFO     |   RMSD (Kabsch, 27 atoms) = 2.069 Å
2026-07-23 18:06:12 | INFO     |   Core RMSD (ring scaffold, 12 atoms) = 1.223 Å
2026-07-23 18:06:12 | INFO     |   Redocking RMSD (conformer 0, seed 3) = 2.069 Å (core 1.223 Å)
2026-07-23 18:06:12 | INFO     |   Multi-start RMSDs (conformer 0) = 1.937, 2.091, 2.069 Å; best = 1.937 Å
2026-07-23 18:07:40 | INFO     |   [Vina stdout, conformer 1 seed 1] AutoDock Vina v1.2.7
#################################################################
# If you used AutoDock Vina in your work, please cite:          #
#                                                               #
# J. Eberhardt, D. Santos-Martins, A. F. Tillack, and S. Forli  #
# AutoDock Vina 1.2.0: New Docking Methods, Expanded Force      #
# Field, and Python Bindings, J. Chem. Inf. Model. (2021)       #
# DOI 10.1021/acs.jcim.1c00203                                  #
#                                                               #
# O. Trott, A. J. Olson,                                        #
# AutoDock Vina: improving the speed and accuracy of docking    #
# with a new scoring function, efficient optimization and       #
# multithreading, J. Comp. Chem. (2010)                         #
# DOI 10.1002/jcc.21334                                         #
#                                                               #
# Please see https://github.com/ccsb-scripps/AutoDock-Vina for  #
# more information.                                             #
#################################################################

Scoring function : vina
Rigid receptor: output/workdir/PBP2a_3ZG0_clean.pdbqt
Ligand: output/workdir/native_ligand.pdbqt
Grid center: X 27.902 Y 29.847 Z 88.317
Grid size  : X 18.7 Y 29.1 Z 21.4
Grid space : 0.375
Exhaustiveness: 32
CPU: 0
Verbosity: 1

Computing Vina grid ... done.
Performing docking (random seed: 1) ... 
0%   10   20   30   40   50   60   70   80   90   100%
|----|----|----|----|----|----|----|----|----|----|
***************************************************

mode |   affinity | dist from best mode
     | (kcal/mol) | rmsd l.b.| rmsd u.b.
-----+------------+----------+----------
   1       -6.699          0          0
   2       -6.482      1.962      2.954
   3       -6.448       3.17       12.5
2026-07-23 18:07:40 | INFO     |   RMSD (Kabsch, 27 atoms) = 2.071 Å
2026-07-23 18:07:40 | INFO     |   Core RMSD (ring scaffold, 12 atoms) = 1.114 Å
2026-07-23 18:07:40 | INFO     |   Redocking RMSD (conformer 1, seed 1) = 2.071 Å (core 1.114 Å)
2026-07-23 18:09:04 | INFO     |   [Vina stdout, conformer 1 seed 2] AutoDock Vina v1.2.7
#################################################################
# If you used AutoDock Vina in your work, please cite:          #
#                                                               #
# J. Eberhardt, D. Santos-Martins, A. F. Tillack, and S. Forli  #
# AutoDock Vina 1.2.0: New Docking Methods, Expanded Force      #
# Field, and Python Bindings, J. Chem. Inf. Model. (2021)       #
# DOI 10.1021/acs.jcim.1c00203                                  #
#                                                               #
# O. Trott, A. J. Olson,                                        #
# AutoDock Vina: improving the speed and accuracy of docking    #
# with a new scoring function, efficient optimization and       #
# multithreading, J. Comp. Chem. (2010)                         #
# DOI 10.1002/jcc.21334                                         #
#                                                               #
# Please see https://github.com/ccsb-scripps/AutoDock-Vina for  #
# more information.                                             #
#################################################################

Scoring function : vina
Rigid receptor: output/workdir/PBP2a_3ZG0_clean.pdbqt
Ligand: output/workdir/native_ligand.pdbqt
Grid center: X 27.902 Y 29.847 Z 88.317
Grid size  : X 18.7 Y 29.1 Z 21.4
Grid space : 0.375
Exhaustiveness: 32
CPU: 0
Verbosity: 1

Computing Vina grid ... done.
Performing docking (random seed: 2) ... 
0%   10   20   30   40   50   60   70   80   90   100%
|----|----|----|----|----|----|----|----|----|----|
***************************************************

mode |   affinity | dist from best mode
     | (kcal/mol) | rmsd l.b.| rmsd u.b.
-----+------------+----------+----------
   1       -6.832          0          0
   2         -6.6      3.476      12.54
   3       -6.597      3.647      7.467
2026-07-23 18:09:05 | INFO     |   RMSD (Kabsch, 27 atoms) = 2.146 Å
2026-07-23 18:09:05 | INFO     |   Core RMSD (ring scaffold, 12 atoms) = 1.215 Å
2026-07-23 18:09:05 | INFO     |   Redocking RMSD (conformer 1, seed 2) = 2.146 Å (core 1.215 Å)
2026-07-23 18:10:37 | INFO     |   [Vina stdout, conformer 1 seed 3] AutoDock Vina v1.2.7
#################################################################
# If you used AutoDock Vina in your work, please cite:          #
#                                                               #
# J. Eberhardt, D. Santos-Martins, A. F. Tillack, and S. Forli  #
# AutoDock Vina 1.2.0: New Docking Methods, Expanded Force      #
# Field, and Python Bindings, J. Chem. Inf. Model. (2021)       #
# DOI 10.1021/acs.jcim.1c00203                                  #
#                                                               #
# O. Trott, A. J. Olson,                                        #
# AutoDock Vina: improving the speed and accuracy of docking    #
# with a new scoring function, efficient optimization and       #
# multithreading, J. Comp. Chem. (2010)                         #
# DOI 10.1002/jcc.21334                                         #
#                                                               #
# Please see https://github.com/ccsb-scripps/AutoDock-Vina for  #
# more information.                                             #
#################################################################

Scoring function : vina
Rigid receptor: output/workdir/PBP2a_3ZG0_clean.pdbqt
Ligand: output/workdir/native_ligand.pdbqt
Grid center: X 27.902 Y 29.847 Z 88.317
Grid size  : X 18.7 Y 29.1 Z 21.4
Grid space : 0.375
Exhaustiveness: 32
CPU: 0
Verbosity: 1

Computing Vina grid ... done.
Performing docking (random seed: 3) ... 
0%   10   20   30   40   50   60   70   80   90   100%
|----|----|----|----|----|----|----|----|----|----|
***************************************************

mode |   affinity | dist from best mode
     | (kcal/mol) | rmsd l.b.| rmsd u.b.
-----+------------+----------+----------
   1        -6.83          0          0
   2       -6.593      3.473      12.56
   3       -6.506      4.095      9.202
2026-07-23 18:10:37 | INFO     |   RMSD (Kabsch, 27 atoms) = 2.119 Å
2026-07-23 18:10:37 | INFO     |   Core RMSD (ring scaffold, 12 atoms) = 1.187 Å
2026-07-23 18:10:37 | INFO     |   Redocking RMSD (conformer 1, seed 3) = 2.119 Å (core 1.187 Å)
2026-07-23 18:10:37 | INFO     |   Multi-start RMSDs (conformer 1) = 2.071, 2.146, 2.119 Å; best = 2.071 Å
2026-07-23 18:12:00 | INFO     |   [Vina stdout, conformer 2 seed 1] AutoDock Vina v1.2.7
#################################################################
# If you used AutoDock Vina in your work, please cite:          #
#                                                               #
# J. Eberhardt, D. Santos-Martins, A. F. Tillack, and S. Forli  #
# AutoDock Vina 1.2.0: New Docking Methods, Expanded Force      #
# Field, and Python Bindings, J. Chem. Inf. Model. (2021)       #
# DOI 10.1021/acs.jcim.1c00203                                  #
#                                                               #
# O. Trott, A. J. Olson,                                        #
# AutoDock Vina: improving the speed and accuracy of docking    #
# with a new scoring function, efficient optimization and       #
# multithreading, J. Comp. Chem. (2010)                         #
# DOI 10.1002/jcc.21334                                         #
#                                                               #
# Please see https://github.com/ccsb-scripps/AutoDock-Vina for  #
# more information.                                             #
#################################################################

Scoring function : vina
Rigid receptor: output/workdir/PBP2a_4DKI_clean.pdbqt
Ligand: output/workdir/native_ligand.pdbqt
Grid center: X 27.902 Y 29.847 Z 88.317
Grid size  : X 18.7 Y 29.1 Z 21.4
Grid space : 0.375
Exhaustiveness: 32
CPU: 0
Verbosity: 1

Computing Vina grid ... done.
Performing docking (random seed: 1) ... 
0%   10   20   30   40   50   60   70   80   90   100%
|----|----|----|----|----|----|----|----|----|----|
***************************************************

mode |   affinity | dist from best mode
     | (kcal/mol) | rmsd l.b.| rmsd u.b.
-----+------------+----------+----------
   1       -7.884          0          0
   2       -7.843      2.742      4.296
   3       -7.709      2.962      6.506
2026-07-23 18:12:00 | INFO     |   RMSD (Kabsch, 27 atoms) = 2.795 Å
2026-07-23 18:12:00 | INFO     |   Core RMSD (ring scaffold, 12 atoms) = 1.154 Å
2026-07-23 18:12:00 | INFO     |   Redocking RMSD (conformer 2, seed 1) = 2.795 Å (core 1.154 Å)
2026-07-23 18:13:20 | INFO     |   [Vina stdout, conformer 2 seed 2] AutoDock Vina v1.2.7
#################################################################
# If you used AutoDock Vina in your work, please cite:          #
#                                                               #
# J. Eberhardt, D. Santos-Martins, A. F. Tillack, and S. Forli  #
# AutoDock Vina 1.2.0: New Docking Methods, Expanded Force      #
# Field, and Python Bindings, J. Chem. Inf. Model. (2021)       #
# DOI 10.1021/acs.jcim.1c00203                                  #
#                                                               #
# O. Trott, A. J. Olson,                                        #
# AutoDock Vina: improving the speed and accuracy of docking    #
# with a new scoring function, efficient optimization and       #
# multithreading, J. Comp. Chem. (2010)                         #
# DOI 10.1002/jcc.21334                                         #
#                                                               #
# Please see https://github.com/ccsb-scripps/AutoDock-Vina for  #
# more information.                                             #
#################################################################

Scoring function : vina
Rigid receptor: output/workdir/PBP2a_4DKI_clean.pdbqt
Ligand: output/workdir/native_ligand.pdbqt
Grid center: X 27.902 Y 29.847 Z 88.317
Grid size  : X 18.7 Y 29.1 Z 21.4
Grid space : 0.375
Exhaustiveness: 32
CPU: 0
Verbosity: 1

Computing Vina grid ... done.
Performing docking (random seed: 2) ... 
0%   10   20   30   40   50   60   70   80   90   100%
|----|----|----|----|----|----|----|----|----|----|
***************************************************

mode |   affinity | dist from best mode
     | (kcal/mol) | rmsd l.b.| rmsd u.b.
-----+------------+----------+----------
   1       -7.832          0          0
   2       -7.691       3.28      9.288
   3       -7.665      2.342      3.761
2026-07-23 18:13:20 | INFO     |   RMSD (Kabsch, 27 atoms) = 2.838 Å
2026-07-23 18:13:20 | INFO     |   Core RMSD (ring scaffold, 12 atoms) = 1.158 Å
2026-07-23 18:13:20 | INFO     |   Redocking RMSD (conformer 2, seed 2) = 2.838 Å (core 1.158 Å)
2026-07-23 18:14:40 | INFO     |   [Vina stdout, conformer 2 seed 3] AutoDock Vina v1.2.7
#################################################################
# If you used AutoDock Vina in your work, please cite:          #
#                                                               #
# J. Eberhardt, D. Santos-Martins, A. F. Tillack, and S. Forli  #
# AutoDock Vina 1.2.0: New Docking Methods, Expanded Force      #
# Field, and Python Bindings, J. Chem. Inf. Model. (2021)       #
# DOI 10.1021/acs.jcim.1c00203                                  #
#                                                               #
# O. Trott, A. J. Olson,                                        #
# AutoDock Vina: improving the speed and accuracy of docking    #
# with a new scoring function, efficient optimization and       #
# multithreading, J. Comp. Chem. (2010)                         #
# DOI 10.1002/jcc.21334                                         #
#                                                               #
# Please see https://github.com/ccsb-scripps/AutoDock-Vina for  #
# more information.                                             #
#################################################################

Scoring function : vina
Rigid receptor: output/workdir/PBP2a_4DKI_clean.pdbqt
Ligand: output/workdir/native_ligand.pdbqt
Grid center: X 27.902 Y 29.847 Z 88.317
Grid size  : X 18.7 Y 29.1 Z 21.4
Grid space : 0.375
Exhaustiveness: 32
CPU: 0
Verbosity: 1

Computing Vina grid ... done.
Performing docking (random seed: 3) ... 
0%   10   20   30   40   50   60   70   80   90   100%
|----|----|----|----|----|----|----|----|----|----|
***************************************************

mode |   affinity | dist from best mode
     | (kcal/mol) | rmsd l.b.| rmsd u.b.
-----+------------+----------+----------
   1       -7.692          0          0
   2       -7.616      2.931      6.421
   3       -7.436       3.21      6.719
2026-07-23 18:14:40 | INFO     |   RMSD (Kabsch, 27 atoms) = 2.843 Å
2026-07-23 18:14:40 | INFO     |   Core RMSD (ring scaffold, 12 atoms) = 1.157 Å
2026-07-23 18:14:40 | INFO     |   Redocking RMSD (conformer 2, seed 3) = 2.843 Å (core 1.157 Å)
2026-07-23 18:14:40 | INFO     |   Multi-start RMSDs (conformer 2) = 2.795, 2.838, 2.843 Å; best = 2.795 Å
2026-07-23 18:14:40 | INFO     |   Best (consensus) Redocking RMSD = 1.937 Å (full-ligand); core (active-site scaffold) = 1.251 Å
2026-07-23 18:14:40 | INFO     |   ✓  Redocking validated (core RMSD = 1.251 Å ≤ 2.0 Å).
2026-07-23 18:14:40 | INFO     |   Validation results written: output/workdir/validation_results.json
2026-07-23 18:14:40 | INFO     |   Release status written: /Users/tom/Documents/apps/AutoAntibiotic/status.json
2026-07-23 18:14:41 | INFO     | --- Phase 0.5: Enrichment Validation ---
2026-07-23 18:14:41 | INFO     |   Loaded 14 known actives
2026-07-23 18:14:41 | INFO     |   Loaded 150 known decoys
2026-07-23 18:17:07 | INFO     |     Docked 25 / 164 (enrich_c0)
2026-07-23 18:19:23 | INFO     |     Docked 50 / 164 (enrich_c0)
2026-07-23 18:21:47 | INFO     |     Docked 75 / 164 (enrich_c0)
2026-07-23 18:24:07 | INFO     |     Docked 100 / 164 (enrich_c0)
2026-07-23 18:27:17 | INFO     |     Docked 125 / 164 (enrich_c0)
2026-07-23 18:29:51 | INFO     |     Docked 150 / 164 (enrich_c0)
2026-07-23 18:32:55 | INFO     |     Docked 25 / 164 (enrich_c1)
2026-07-23 18:34:52 | INFO     |     Docked 50 / 164 (enrich_c1)
2026-07-23 18:37:00 | INFO     |     Docked 75 / 164 (enrich_c1)
2026-07-23 18:39:10 | INFO     |     Docked 100 / 164 (enrich_c1)
2026-07-23 18:41:52 | INFO     |     Docked 125 / 164 (enrich_c1)
2026-07-23 18:44:06 | INFO     |     Docked 150 / 164 (enrich_c1)
2026-07-23 18:47:02 | INFO     |     Docked 25 / 164 (enrich_c2)
2026-07-23 18:48:58 | INFO     |     Docked 50 / 164 (enrich_c2)
2026-07-23 18:50:55 | INFO     |     Docked 75 / 164 (enrich_c2)
2026-07-23 18:53:15 | INFO     |     Docked 100 / 164 (enrich_c2)
2026-07-23 18:56:07 | INFO     |     Docked 125 / 164 (enrich_c2)
2026-07-23 18:58:37 | INFO     |     Docked 150 / 164 (enrich_c2)
2026-07-23 18:59:32 | INFO     |   Enrichment results written: output/enrichment_results.json
2026-07-23 18:59:32 | INFO     | --- Phase 0.5 complete ---
2026-07-23 18:59:32 | WARNING  |   ⚠  Enrichment validation: AUC=0.113 (need ≥0.7), EF_1%=0.00 (need ≥5). Protocol may need tuning.
2026-07-23 18:59:32 | INFO     | ─── Phase 0.5 complete ───
2026-07-23 18:59:32 | INFO     | ─── Phase 2: Library Generation ───
2026-07-23 18:59:32 | INFO     |   Fragment pool: 76 unique fragments.
2026-07-23 19:00:09 | INFO     |   Pass 1: 500 unique so far.
2026-07-23 19:00:09 | INFO     |   BRICS generated: 500 compounds.
2026-07-23 19:00:09 | INFO     |   After adding seeds: 500 compounds.
2026-07-23 19:00:09 | INFO     |   After adding known actives: 500 compounds.
2026-07-23 19:00:09 | INFO     |   Enforcing diversity filters...
2026-07-23 19:00:10 | INFO     |   After diversity filters: 15 candidates.
2026-07-23 19:00:10 | INFO     |   Library generation complete: 20 compounds.
2026-07-23 19:00:10 | INFO     | ─── Phase 2: Filtering ───
2026-07-23 19:00:10 | INFO     |   Structural exclusion (β-lactam): 0 removed.
2026-07-23 19:00:10 | INFO     |   Similarity filter (Tc < 0.3): 2 removed.
2026-07-23 19:00:10 | INFO     |   ADMET filter (Lipinski + QED > 0.5): 1 removed.
2026-07-23 19:00:10 | INFO     |   PAINS filter: 1 removed.
2026-07-23 19:00:10 | INFO     |   Brenk alerts: 1 removed.
2026-07-23 19:00:10 | INFO     |   Passed filters: 15 compounds.
2026-07-23 19:00:10 | INFO     |   Only 15 compounds passed filters (< 100). Relaxing similarity threshold to 0.5.
2026-07-23 19:00:10 | INFO     |   Structural exclusion (β-lactam): 0 removed.
2026-07-23 19:00:10 | INFO     |   Similarity filter (Tc < 0.5): 1 removed.
2026-07-23 19:00:10 | INFO     |   ADMET filter (Lipinski + QED > 0.5): 1 removed.
2026-07-23 19:00:10 | INFO     |   PAINS filter: 1 removed.
2026-07-23 19:00:10 | INFO     |   Brenk alerts: 1 removed.
2026-07-23 19:00:10 | INFO     |   Passed filters: 16 compounds.
2026-07-23 19:00:10 | INFO     | ─── Phase 2 complete ───
2026-07-23 19:00:10 | INFO     | ─── Phase 3: Virtual Screening ───
2026-07-23 19:00:10 | INFO     |   Docking all 16 compounds against PBP2a active site (3 conformers)…
2026-07-23 19:02:28 | INFO     |   Active-site docking complete: 16/16 scored.
2026-07-23 19:02:33 | INFO     |   Pharmacophore pre-filter removed 0 surface-binder compounds.
2026-07-23 19:02:33 | WARNING  |   Allosteric center not computed — skipping allosteric-site docking.
2026-07-23 19:02:33 | INFO     |   Allosteric-site docking complete: 0/16 scored.
2026-07-23 19:02:33 | INFO     |   Top 16 candidates by best energy.
2026-07-23 19:02:33 | INFO     |     1. AA-0126: -9.86 kcal/mol (active: -9.86)
2026-07-23 19:02:33 | INFO     |     2. AA-0012: -9.59 kcal/mol (active: -9.59)
2026-07-23 19:02:33 | INFO     |     3. AA-0023: -9.59 kcal/mol (active: -9.59)
2026-07-23 19:02:33 | INFO     |     4. AA-0039: -9.14 kcal/mol (active: -9.14)
2026-07-23 19:02:33 | INFO     |     5. AA-0058: -9.10 kcal/mol (active: -9.10)
2026-07-23 19:02:33 | INFO     |     6. AA-0033: -8.91 kcal/mol (active: -8.91)
2026-07-23 19:02:33 | INFO     |     7. AA-0103: -8.91 kcal/mol (active: -8.91)
2026-07-23 19:02:33 | INFO     |     8. CTRL_POS_DIOSM01: -8.84 kcal/mol (active: -8.84)
2026-07-23 19:02:33 | INFO     |     9. CTRL_POS_PYRZ01: -8.49 kcal/mol (active: -8.49)
2026-07-23 19:02:33 | INFO     |     10. AA-0243: -8.43 kcal/mol (active: -8.43)
2026-07-23 19:02:33 | INFO     | ─── Phase 3 complete ───
2026-07-23 19:02:33 | INFO     | ─── Phase 4: Selectivity & Resistance Analysis ───
2026-07-23 19:02:33 | INFO     |   Docking top 10 vs Human Trypsin (1UTN)…
2026-07-23 19:03:23 | INFO     |   Docking top 10 vs Human Carboxylesterase 1 (1YAH)…
2026-07-23 19:04:13 | INFO     |   AA-0039: mechanism-restricted SI = 2.31 (pass).
2026-07-23 19:04:13 | INFO     |   AA-0033: mechanism-restricted SI = 1.94 (pass).
2026-07-23 19:04:13 | INFO     |   AA-0103: mechanism-restricted SI = 1.83 (pass).
2026-07-23 19:04:13 | WARNING  |   AA-0243: Low mechanism-restricted selectivity (SI = 1.45 < 1.5). Flagged for off-target risk.
2026-07-23 19:04:13 | WARNING  |   CTRL_POS_ODAN01: Low mechanism-restricted selectivity (SI = 1.21 < 1.5). Flagged for off-target risk.
2026-07-23 19:04:13 | WARNING  |   AA-0000: Low mechanism-restricted selectivity (SI = 1.13 < 1.5). Flagged for off-target risk.
2026-07-23 19:04:13 | WARNING  |   AA-0333: Low mechanism-restricted selectivity (SI = 1.18 < 1.5). Flagged for off-target risk.
2026-07-23 19:04:13 | WARNING  |   AA-0002: Low mechanism-restricted selectivity (SI = 1.17 < 1.5). Flagged for off-target risk.
2026-07-23 19:04:13 | WARNING  |   AA-0001: Low mechanism-restricted selectivity (SI = 1.05 < 1.5). Flagged for off-target risk.
2026-07-23 19:04:17 | INFO     | ─── Phase 4 complete ───
2026-07-23 19:04:17 | INFO     |   Final Top-10 ranked by PBP2a best energy.
2026-07-23 19:04:17 | INFO     |   Diversified final set: 6 diverse + 10 filler = 16 candidate(s).
2026-07-23 19:04:17 | INFO     |   Final report: 3 candidate(s) at SI >= 1.5, filled to 16 total.
2026-07-23 19:04:17 | INFO     | ─── Phase 5: Reporting ───
2026-07-23 19:04:17 | INFO     |   CSV report saved: output/top_candidates.csv
2026-07-23 19:04:17 | INFO     |   JSON candidates saved: output/top_candidates.json
2026-07-23 19:04:17 | INFO     |   Image saved: output/top1_AA-0039.png
2026-07-23 19:04:17 | INFO     |   Image saved: output/top2_AA-0033.png
2026-07-23 19:04:17 | INFO     |   Image saved: output/top3_AA-0103.png
2026-07-23 19:04:18 | INFO     |   Interaction diagram saved: output/interaction_AA-0039.png
2026-07-23 19:04:18 | INFO     |   Interaction diagram saved: output/interaction_AA-0033.png
2026-07-23 19:04:18 | INFO     |   Interaction diagram saved: output/interaction_AA-0103.png
2026-07-23 19:04:18 | INFO     | Interaction diagrams saved to output/
2026-07-23 19:04:18 | INFO     |   PyMOL script saved: output/visualization.pml (3 ligand pose(s) loaded).
2026-07-23 19:04:18 | INFO     |   Filter funnel saved: output/filter_funnel.json
2026-07-23 19:04:18 | INFO     |   ROC curve saved: output/figures/roc_curve.png
2026-07-23 19:04:18 | INFO     |   Energy distribution saved: output/figures/energy_distribution.png
2026-07-23 19:04:18 | INFO     |   SI scatter plot saved: output/figures/si_scatter.png
2026-07-23 19:04:18 | INFO     |   Filter funnel saved: output/figures/filter_funnel.png
2026-07-23 19:04:18 | INFO     |   Binding diagram saved: output/figures/top3_binding_1_AA-0039.png
2026-07-23 19:04:18 | INFO     |   Binding diagram saved: output/figures/top3_binding_2_AA-0033.png
2026-07-23 19:04:18 | INFO     |   Binding diagram saved: output/figures/top3_binding_3_AA-0103.png
2026-07-23 19:04:18 | INFO     |   All figures saved to output/figures
2026-07-23 19:04:18 | INFO     | ============================================================
2026-07-23 19:04:18 | INFO     |   PIPELINE SUMMARY
2026-07-23 19:04:18 | INFO     | ============================================================
2026-07-23 19:04:18 | INFO     |   Total compounds generated:     20
2026-07-23 19:04:18 | INFO     |   After filtering:               16
2026-07-23 19:04:18 | INFO     |   Top candidates reported:       16
2026-07-23 19:04:18 | INFO     |   Successfully docked:           16
2026-07-23 19:04:18 | INFO     |   Selectivity pass (SI >= 2.0):  3
2026-07-23 19:04:18 | INFO     |   Docking engine:                Vina
2026-07-23 19:04:18 | INFO     |   Redocking RMSD:                1.937 Å
2026-07-23 19:04:18 | INFO     |   Redocking validated:           True
2026-07-23 19:04:18 | INFO     |   Protocol validation: RMSD 1.937 Å (Validated)
2026-07-23 19:04:18 | INFO     |   CSV report:                    output/top_candidates.csv
2026-07-23 19:04:18 | INFO     |   Open output/visualization.pml in PyMOL to inspect binding poses.
2026-07-23 19:04:18 | INFO     | ============================================================
2026-07-23 19:04:18 | INFO     | Pipeline complete. Exiting.
2026-07-23 20:52:01 | INFO     | AutoAntibiotic Discovery Pipeline v5.1.0
2026-07-23 20:52:01 | INFO     | ─── Phase 0: Dependency Check ───
2026-07-23 20:52:01 | INFO     |   ✓  AutoDock Vina binary found on PATH (version: AutoDock Vina v1.2.7)
2026-07-23 20:52:01 | INFO     |   ✓  OpenBabel binary found on PATH (version: Open Babel 3.1.0 -- Feb 17 2026 -- 07:27:20
Usage:
obabel [-i<input-type>] <infilename> [-o<output-type>] -O<outfilename> [Options]
Try  -H option for more information.)
2026-07-23 20:52:01 | INFO     |   ✓  All required Python packages found.
2026-07-23 20:52:01 | INFO     | ─── Phase 1: Target Preparation & Centroid Calculation ───
2026-07-23 20:52:01 | INFO     |   NOTE: bundled tests/data/*.pdb files are minimal mock structures for offline CI runs — they are NOT real crystallographic models. Any redocking RMSD computed against them is non-physical and must not be interpreted as a protocol-quality metric.
2026-07-23 20:52:01 | INFO     |   Run mode (from config): science
2026-07-23 20:52:01 | INFO     |   Structure 3ZG0 already local: output/pdb/3ZG0.pdb
2026-07-23 20:52:01 | INFO     |   Structure 1VQQ already local: output/pdb/1VQQ.pdb
2026-07-23 20:52:01 | INFO     |   Structure 1UTN already local: output/pdb/1UTN.pdb
2026-07-23 20:52:01 | INFO     |   Structure 1YAH already local: output/pdb/1YAH.pdb
2026-07-23 20:52:01 | INFO     |   Structure 1VQQ already local: output/pdb/1VQQ.pdb
2026-07-23 20:52:01 | INFO     |   Structure 3ZG0 already local: output/pdb/3ZG0.pdb
2026-07-23 20:52:01 | INFO     |   Structure 4DKI already local: output/pdb/4DKI.pdb
2026-07-23 20:52:01 | INFO     | Science mode: real scientific validation expected.
2026-07-23 20:52:01 | INFO     |   Cleaning PBP2a (apo)…
2026-07-23 20:52:02 | INFO     |   Polar hydrogens added to output/workdir/PBP2a_clean.pdb
2026-07-23 20:53:06 | INFO     |   Receptor PDBQT written via obabel (-xr): output/workdir/PBP2a_clean.pdbqt
2026-07-23 20:53:06 | INFO     |   Cleaning PBP2a (holo, protein-only)…
2026-07-23 20:53:06 | WARNING  |   Could not read PDB via RDKit. Skipping hydrogen addition.
2026-07-23 20:53:07 | INFO     |   Receptor PDBQT written via obabel (-xr): output/workdir/PBP2a_holo_clean.pdbqt
2026-07-23 20:53:07 | WARNING  |   Could not read PDB via RDKit. Skipping hydrogen addition.
2026-07-23 20:53:07 | INFO     |   Receptor PDBQT written via obabel (-xr): output/workdir/PBP2a_3ZG0_clean.pdbqt
2026-07-23 20:53:07 | INFO     |   Added PBP2a conformer 3ZG0 receptor PDBQT: output/workdir/PBP2a_3ZG0_clean.pdbqt
2026-07-23 20:53:08 | INFO     |   Polar hydrogens added to output/workdir/PBP2a_4DKI_clean.pdb
2026-07-23 20:54:05 | INFO     | ─── Phase 0: Dependency Check ───
2026-07-23 20:54:05 | INFO     |   ✓  AutoDock Vina binary found on PATH (version: AutoDock Vina v1.2.7)
2026-07-23 20:54:05 | INFO     |   ✓  OpenBabel binary found on PATH (version: Open Babel 3.1.0 -- Feb 17 2026 -- 07:27:20
Usage:
obabel [-i<input-type>] <infilename> [-o<output-type>] -O<outfilename> [Options]
Try  -H option for more information.)
2026-07-23 20:54:05 | INFO     |   ✓  All required Python packages found.
2026-07-23 20:54:05 | INFO     | ─── Phase 1: Target Preparation & Centroid Calculation ───
2026-07-23 20:54:05 | INFO     |   NOTE: bundled tests/data/*.pdb files are minimal mock structures for offline CI runs — they are NOT real crystallographic models. Any redocking RMSD computed against them is non-physical and must not be interpreted as a protocol-quality metric.
2026-07-23 20:54:05 | INFO     |   Run mode (from config): science
2026-07-23 20:54:05 | INFO     |   Structure 3ZG0 already local: output/pdb/3ZG0.pdb
2026-07-23 20:54:05 | INFO     |   Structure 1VQQ already local: output/pdb/1VQQ.pdb
2026-07-23 20:54:05 | INFO     |   Structure 1UTN already local: output/pdb/1UTN.pdb
2026-07-23 20:54:05 | INFO     |   Structure 1YAH already local: output/pdb/1YAH.pdb
2026-07-23 20:54:05 | INFO     |   Structure 1VQQ already local: output/pdb/1VQQ.pdb
2026-07-23 20:54:05 | INFO     |   Structure 3ZG0 already local: output/pdb/3ZG0.pdb
2026-07-23 20:54:05 | INFO     |   Structure 4DKI already local: output/pdb/4DKI.pdb
2026-07-23 20:54:05 | INFO     | Science mode: real scientific validation expected.
2026-07-23 20:54:05 | INFO     |   Cleaning PBP2a (apo)…
2026-07-23 20:54:06 | INFO     |   Polar hydrogens added to output/workdir/PBP2a_clean.pdb
2026-07-23 20:55:10 | INFO     |   Receptor PDBQT written via obabel (-xr): output/workdir/PBP2a_clean.pdbqt
2026-07-23 20:55:10 | INFO     |   Cleaning PBP2a (holo, protein-only)…
2026-07-23 20:55:10 | WARNING  |   Could not read PDB via RDKit. Skipping hydrogen addition.
2026-07-23 20:55:11 | INFO     |   Receptor PDBQT written via obabel (-xr): output/workdir/PBP2a_holo_clean.pdbqt
2026-07-23 20:55:11 | WARNING  |   Could not read PDB via RDKit. Skipping hydrogen addition.
2026-07-23 20:55:11 | INFO     |   Receptor PDBQT written via obabel (-xr): output/workdir/PBP2a_3ZG0_clean.pdbqt
2026-07-23 20:55:11 | INFO     |   Added PBP2a conformer 3ZG0 receptor PDBQT: output/workdir/PBP2a_3ZG0_clean.pdbqt
2026-07-23 20:55:11 | INFO     |   Polar hydrogens added to output/workdir/PBP2a_4DKI_clean.pdb
2026-07-23 20:56:18 | INFO     |   Receptor PDBQT written via obabel (-xr): output/workdir/PBP2a_4DKI_clean.pdbqt
2026-07-23 20:56:18 | INFO     |   Added PBP2a conformer 4DKI receptor PDBQT: output/workdir/PBP2a_4DKI_clean.pdbqt
2026-07-23 20:56:18 | INFO     |   Computing active site centroid (conserved residues SER403, LYS406, TYR446) using side-chain atoms…
2026-07-23 20:56:18 | INFO     |     Active site center: [23.95072216 27.87146293 88.53164786]
2026-07-23 20:56:18 | INFO     |   Computing allosteric site centroid (TYR105, GLN199, GLU237) using side-chain atoms…
2026-07-23 20:56:18 | WARNING  |   ⚠  Allosteric residues ['TYR105', 'GLN199', 'GLU237'] missing: name 'cleaned_pdb' is not defined
2026-07-23 20:56:18 | INFO     |     Allosteric site center: None
2026-07-23 20:56:18 | INFO     |   Cleaning Human Trypsin (1UTN)…
2026-07-23 20:56:18 | INFO     |   Polar hydrogens added to output/workdir/trypsin_clean.pdb
2026-07-23 20:56:18 | INFO     |   Receptor PDBQT written via obabel (-xr): output/workdir/trypsin_clean.pdbqt
2026-07-23 20:56:18 | INFO     |   Computing trypsin active site centroid (His57, Asp102, Ser195) using side-chain atoms…
2026-07-23 20:56:18 | INFO     |     Trypsin active site center: [22.54101663 14.86204433 22.53591386]
2026-07-23 20:56:18 | INFO     |   Cleaning Human Carboxylesterase 1 (1YAH)…
2026-07-23 20:56:19 | INFO     |   Polar hydrogens added to output/workdir/CES1_clean.pdb
2026-07-23 20:58:17 | INFO     |   Receptor PDBQT written via obabel (-xr): output/workdir/CES1_clean.pdbqt
2026-07-23 20:58:17 | INFO     |   Computing CES1 active site centroid (Ser221, His468, Glu354) using side-chain atoms…
2026-07-23 20:58:17 | INFO     |     CES1 active site center: [-7.13865188 43.85391877 37.96102563]
2026-07-23 20:58:17 | INFO     |   Grid config saved: output/workdir/grid_configs/grid_active.txt
2026-07-23 20:58:17 | INFO     | ─── Phase 1 complete ───
2026-07-23 20:58:17 | INFO     | ─── Phase 0: Redocking Validation ───
2026-07-23 20:58:17 | INFO     |   Native ligand (resname override 'AI8'): chain A, residue AI8
2026-07-23 20:58:17 | INFO     |   Native ligand SMILES: CCONC(C(O)N[C@H](CO)[C@@H]1NC(C(O)O)[C@@H](SC2NC(C3CCN(C)CC3)CS2)CS1)[C@@H]1NSC(N)N1
2026-07-23 20:58:18 | INFO     |   Native ligand PDBQT written to output/workdir/native_ligand.pdbqt
2026-07-23 20:58:18 | INFO     |   Redocking native ligand into PBP2a…
2026-07-23 20:58:18 | INFO     |   Redocking box: 18.7 x 29.1 x 21.4 Å (auto-sized from native ligand).
2026-07-23 20:59:58 | INFO     |   [Vina stdout, conformer 0 seed 1] AutoDock Vina v1.2.7
#################################################################
# If you used AutoDock Vina in your work, please cite:          #
#                                                               #
# J. Eberhardt, D. Santos-Martins, A. F. Tillack, and S. Forli  #
# AutoDock Vina 1.2.0: New Docking Methods, Expanded Force      #
# Field, and Python Bindings, J. Chem. Inf. Model. (2021)       #
# DOI 10.1021/acs.jcim.1c00203                                  #
#                                                               #
# O. Trott, A. J. Olson,                                        #
# AutoDock Vina: improving the speed and accuracy of docking    #
# with a new scoring function, efficient optimization and       #
# multithreading, J. Comp. Chem. (2010)                         #
# DOI 10.1002/jcc.21334                                         #
#                                                               #
# Please see https://github.com/ccsb-scripps/AutoDock-Vina for  #
# more information.                                             #
#################################################################

Scoring function : vina
Rigid receptor: output/workdir/PBP2a_clean.pdbqt
Ligand: output/workdir/native_ligand.pdbqt
Grid center: X 27.902 Y 29.847 Z 88.317
Grid size  : X 18.7 Y 29.1 Z 21.4
Grid space : 0.375
Exhaustiveness: 32
CPU: 0
Verbosity: 1

Computing Vina grid ... done.
Performing docking (random seed: 1) ... 
0%   10   20   30   40   50   60   70   80   90   100%
|----|----|----|----|----|----|----|----|----|----|
***************************************************

mode |   affinity | dist from best mode
     | (kcal/mol) | rmsd l.b.| rmsd u.b.
-----+------------+----------+----------
   1       -6.952          0          0
   2       -6.791      3.637      9.872
   3        -6.77      3.405      7.121
2026-07-23 20:59:59 | INFO     |   RMSD (Kabsch, 27 atoms) = 1.937 Å
2026-07-23 20:59:59 | INFO     |   Core RMSD (ring scaffold, 12 atoms) = 1.251 Å
2026-07-23 20:59:59 | INFO     |   Redocking RMSD (conformer 0, seed 1) = 1.937 Å (core 1.251 Å)
2026-07-23 21:21:07 | INFO     | ─── Phase 0: Dependency Check ───
2026-07-23 21:21:07 | INFO     |   ✓  AutoDock Vina binary found on PATH (version: AutoDock Vina v1.2.7)
2026-07-23 21:21:08 | INFO     |   ✓  OpenBabel binary found on PATH (version: Open Babel 3.1.0 -- Feb 17 2026 -- 07:27:20
Usage:
obabel [-i<input-type>] <infilename> [-o<output-type>] -O<outfilename> [Options]
Try  -H option for more information.)
2026-07-23 21:21:08 | INFO     |   ✓  All required Python packages found.
2026-07-23 21:21:08 | INFO     | ─── Phase 1: Target Preparation & Centroid Calculation ───
2026-07-23 21:21:08 | INFO     |   NOTE: bundled tests/data/*.pdb files are minimal mock structures for offline CI runs — they are NOT real crystallographic models. Any redocking RMSD computed against them is non-physical and must not be interpreted as a protocol-quality metric.
2026-07-23 21:21:08 | INFO     |   Run mode (from config): science
2026-07-23 21:21:08 | INFO     |   Structure 3ZG0 already local: /Users/tom/Documents/apps/AutoAntibiotic/output/pdb_enrich/3ZG0.pdb
2026-07-23 21:21:08 | INFO     |   Structure 1VQQ already local: /Users/tom/Documents/apps/AutoAntibiotic/output/pdb_enrich/1VQQ.pdb
2026-07-23 21:21:08 | INFO     |   Structure 1UTN already local: /Users/tom/Documents/apps/AutoAntibiotic/output/pdb_enrich/1UTN.pdb
2026-07-23 21:21:08 | INFO     |   Structure 1YAH already local: /Users/tom/Documents/apps/AutoAntibiotic/output/pdb_enrich/1YAH.pdb
2026-07-23 21:21:08 | INFO     |   Structure 1VQQ already local: /Users/tom/Documents/apps/AutoAntibiotic/output/pdb_enrich/1VQQ.pdb
2026-07-23 21:21:08 | INFO     |   Structure 3ZG0 already local: /Users/tom/Documents/apps/AutoAntibiotic/output/pdb_enrich/3ZG0.pdb
2026-07-23 21:21:08 | INFO     |   Structure 4DKI already local: /Users/tom/Documents/apps/AutoAntibiotic/output/pdb_enrich/4DKI.pdb
2026-07-23 21:21:08 | INFO     | Science mode: real scientific validation expected.
2026-07-23 21:21:08 | INFO     |   Cleaning PBP2a (apo)…
2026-07-23 21:21:08 | INFO     |   Cleaning PBP2a (holo, protein-only)…
2026-07-23 21:21:08 | INFO     |   Added PBP2a conformer 3ZG0 receptor PDBQT: /Users/tom/Documents/apps/AutoAntibiotic/output/workdir_enrich/PBP2a_3ZG0_clean.pdbqt
2026-07-23 21:21:08 | INFO     |   Added PBP2a conformer 4DKI receptor PDBQT: /Users/tom/Documents/apps/AutoAntibiotic/output/workdir_enrich/PBP2a_4DKI_clean.pdbqt
2026-07-23 21:21:08 | INFO     |   Computing active site centroid (conserved residues SER403, LYS406, TYR446) using side-chain atoms…
2026-07-23 21:21:08 | INFO     |     Active site center: [23.95072216 27.87146293 88.53164786]
2026-07-23 21:21:08 | INFO     |   Computing allosteric site centroid (TYR105, GLN199, GLU237) using side-chain atoms…
2026-07-23 21:21:08 | WARNING  |   ⚠  Allosteric residues ['TYR105', 'GLN199', 'GLU237'] missing: name 'cleaned_pdb' is not defined
2026-07-23 21:21:08 | INFO     |     Allosteric site center: None
2026-07-23 21:21:08 | INFO     |   Cleaning Human Trypsin (1UTN)…
2026-07-23 21:21:08 | INFO     |   Computing trypsin active site centroid (His57, Asp102, Ser195) using side-chain atoms…
2026-07-23 21:21:08 | INFO     |     Trypsin active site center: [22.54101663 14.86204433 22.53591386]
2026-07-23 21:21:08 | INFO     |   Cleaning Human Carboxylesterase 1 (1YAH)…
2026-07-23 21:21:08 | INFO     |   Computing CES1 active site centroid (Ser221, His468, Glu354) using side-chain atoms…
2026-07-23 21:21:08 | INFO     |     CES1 active site center: [-7.13865188 43.85391877 37.96102563]
2026-07-23 21:21:08 | INFO     |   Grid config saved: /Users/tom/Documents/apps/AutoAntibiotic/output/workdir_enrich/grid_configs/grid_active.txt
2026-07-23 21:21:08 | INFO     | ─── Phase 1 complete ───
2026-07-23 21:21:08 | INFO     |   Active-site box: (20.0, 20.0, 20.0); center: [23.95072216 27.87146293 88.53164786]
2026-07-23 21:21:08 | INFO     |   Loaded 18 known actives
2026-07-23 21:21:08 | INFO     |   Loaded 150 known decoys
2026-07-23 21:21:08 | INFO     |   Docking 168 compounds against PBP2a active site...
2026-07-23 21:23:15 | INFO     |     Docked 25 / 168 (enrich_c0)
2026-07-23 21:25:31 | INFO     |     Docked 50 / 168 (enrich_c0)
2026-07-23 21:27:43 | INFO     |     Docked 75 / 168 (enrich_c0)
2026-07-23 21:30:06 | INFO     |     Docked 100 / 168 (enrich_c0)
2026-07-23 21:33:17 | INFO     |     Docked 125 / 168 (enrich_c0)
2026-07-23 21:35:49 | INFO     |     Docked 150 / 168 (enrich_c0)
2026-07-23 21:38:58 | INFO     |     Docked 25 / 168 (enrich_c1)
2026-07-23 21:40:58 | INFO     |     Docked 50 / 168 (enrich_c1)
2026-07-23 21:42:52 | INFO     |     Docked 75 / 168 (enrich_c1)
2026-07-23 21:44:52 | INFO     |     Docked 100 / 168 (enrich_c1)
2026-07-23 21:47:55 | INFO     |     Docked 125 / 168 (enrich_c1)
2026-07-23 21:50:04 | INFO     |     Docked 150 / 168 (enrich_c1)
2026-07-23 22:01:36 | INFO     | ─── Phase 0: Dependency Check ───
2026-07-23 22:01:36 | INFO     |   ✓  AutoDock Vina binary found on PATH (version: AutoDock Vina v1.2.7)
2026-07-23 22:01:36 | INFO     |   ✓  OpenBabel binary found on PATH (version: Open Babel 3.1.0 -- Feb 17 2026 -- 07:27:20
Usage:
obabel [-i<input-type>] <infilename> [-o<output-type>] -O<outfilename> [Options]
Try  -H option for more information.)
2026-07-23 22:01:36 | INFO     |   ✓  All required Python packages found.
2026-07-23 22:01:36 | INFO     | ─── Phase 1: Target Preparation & Centroid Calculation ───
2026-07-23 22:01:36 | INFO     |   NOTE: bundled tests/data/*.pdb files are minimal mock structures for offline CI runs — they are NOT real crystallographic models. Any redocking RMSD computed against them is non-physical and must not be interpreted as a protocol-quality metric.
2026-07-23 22:01:36 | INFO     |   Run mode (from config): science
2026-07-23 22:01:36 | INFO     |   Structure 3ZG0 already local: /Users/tom/Documents/apps/AutoAntibiotic/output/pdb_enrich/3ZG0.pdb
2026-07-23 22:01:36 | INFO     |   Structure 1VQQ already local: /Users/tom/Documents/apps/AutoAntibiotic/output/pdb_enrich/1VQQ.pdb
2026-07-23 22:01:36 | INFO     |   Structure 1UTN already local: /Users/tom/Documents/apps/AutoAntibiotic/output/pdb_enrich/1UTN.pdb
2026-07-23 22:01:36 | INFO     |   Structure 1YAH already local: /Users/tom/Documents/apps/AutoAntibiotic/output/pdb_enrich/1YAH.pdb
2026-07-23 22:01:36 | INFO     |   Structure 1VQQ already local: /Users/tom/Documents/apps/AutoAntibiotic/output/pdb_enrich/1VQQ.pdb
2026-07-23 22:01:36 | INFO     |   Structure 3ZG0 already local: /Users/tom/Documents/apps/AutoAntibiotic/output/pdb_enrich/3ZG0.pdb
2026-07-23 22:01:36 | INFO     |   Structure 4DKI already local: /Users/tom/Documents/apps/AutoAntibiotic/output/pdb_enrich/4DKI.pdb
2026-07-23 22:01:36 | INFO     | Science mode: real scientific validation expected.
2026-07-23 22:01:36 | INFO     |   Cleaning PBP2a (apo)…
2026-07-23 22:01:36 | INFO     |   Cleaning PBP2a (holo, protein-only)…
2026-07-23 22:01:36 | INFO     |   Added PBP2a conformer 3ZG0 receptor PDBQT: /Users/tom/Documents/apps/AutoAntibiotic/output/workdir_enrich/PBP2a_3ZG0_clean.pdbqt
2026-07-23 22:01:36 | INFO     |   Added PBP2a conformer 4DKI receptor PDBQT: /Users/tom/Documents/apps/AutoAntibiotic/output/workdir_enrich/PBP2a_4DKI_clean.pdbqt
2026-07-23 22:01:36 | INFO     |   Computing active site centroid (conserved residues SER403, LYS406, TYR446) using side-chain atoms…
2026-07-23 22:01:36 | INFO     |     Active site center: [23.95072216 27.87146293 88.53164786]
2026-07-23 22:01:36 | INFO     |   Computing allosteric site centroid (TYR105, GLN199, GLU237) using side-chain atoms…
2026-07-23 22:01:36 | WARNING  |   ⚠  Allosteric residues ['TYR105', 'GLN199', 'GLU237'] missing: name 'cleaned_pdb' is not defined
2026-07-23 22:01:36 | INFO     |     Allosteric site center: None
2026-07-23 22:01:36 | INFO     |   Cleaning Human Trypsin (1UTN)…
2026-07-23 22:01:36 | INFO     |   Computing trypsin active site centroid (His57, Asp102, Ser195) using side-chain atoms…
2026-07-23 22:01:36 | INFO     |     Trypsin active site center: [22.54101663 14.86204433 22.53591386]
2026-07-23 22:01:36 | INFO     |   Cleaning Human Carboxylesterase 1 (1YAH)…
2026-07-23 22:01:36 | INFO     |   Computing CES1 active site centroid (Ser221, His468, Glu354) using side-chain atoms…
2026-07-23 22:01:36 | INFO     |     CES1 active site center: [-7.13865188 43.85391877 37.96102563]
2026-07-23 22:01:36 | INFO     |   Grid config saved: /Users/tom/Documents/apps/AutoAntibiotic/output/workdir_enrich/grid_configs/grid_active.txt
2026-07-23 22:01:36 | INFO     | ─── Phase 1 complete ───
2026-07-23 22:01:36 | INFO     |   Active-site box: (20.0, 20.0, 20.0); center: [23.95072216 27.87146293 88.53164786]
2026-07-23 22:01:36 | INFO     |   Loaded 10 known actives
2026-07-23 22:01:36 | INFO     |   Loaded 150 known decoys
2026-07-23 22:01:36 | INFO     |   Docking 160 compounds against PBP2a active site...
2026-07-23 22:03:59 | INFO     |     Docked 25 / 160 (enrich_c0)
2026-07-23 22:06:14 | INFO     |     Docked 50 / 160 (enrich_c0)
2026-07-23 22:08:31 | INFO     |     Docked 75 / 160 (enrich_c0)
2026-07-23 22:10:42 | INFO     |     Docked 100 / 160 (enrich_c0)
2026-07-23 22:14:05 | INFO     |     Docked 125 / 160 (enrich_c0)
2026-07-23 22:16:39 | INFO     |     Docked 150 / 160 (enrich_c0)
2026-07-23 22:19:21 | INFO     |     Docked 25 / 160 (enrich_c1)
2026-07-23 22:21:30 | INFO     |     Docked 50 / 160 (enrich_c1)
2026-07-23 22:23:36 | INFO     |     Docked 75 / 160 (enrich_c1)
2026-07-23 22:25:27 | INFO     |     Docked 100 / 160 (enrich_c1)
2026-07-23 22:28:13 | INFO     |     Docked 125 / 160 (enrich_c1)
2026-07-23 22:30:46 | INFO     |     Docked 150 / 160 (enrich_c1)
2026-07-23 22:33:12 | INFO     |     Docked 25 / 160 (enrich_c2)
2026-07-23 22:35:14 | INFO     |     Docked 50 / 160 (enrich_c2)
2026-07-23 22:37:14 | INFO     |     Docked 75 / 160 (enrich_c2)
2026-07-23 22:39:29 | INFO     |     Docked 100 / 160 (enrich_c2)
2026-07-23 22:42:34 | INFO     |     Docked 125 / 160 (enrich_c2)
2026-07-23 22:44:39 | INFO     |     Docked 150 / 160 (enrich_c2)
2026-07-23 22:45:00 | INFO     | ==================================================
2026-07-23 22:45:00 | INFO     |   Enrichment validation (independent labels): AUC=0.124  EF_1%=0.00  EF_5%=0.00
2026-07-23 22:45:00 | INFO     |   VERDICT: FAIL (AUC>=0.7 and EF_1%>=5 required)
2026-07-23 22:45:00 | INFO     | ==================================================
2026-07-23 22:46:03 | INFO     | ─── Phase 0: Dependency Check ───
2026-07-23 22:46:03 | INFO     |   ✓  AutoDock Vina binary found on PATH (version: AutoDock Vina v1.2.7)
2026-07-23 22:46:03 | INFO     |   ✓  OpenBabel binary found on PATH (version: Open Babel 3.1.0 -- Feb 17 2026 -- 07:27:20
Usage:
obabel [-i<input-type>] <infilename> [-o<output-type>] -O<outfilename> [Options]
Try  -H option for more information.)
2026-07-23 22:46:03 | INFO     |   ✓  All required Python packages found.
2026-07-23 22:46:03 | INFO     | ─── Phase 1: Target Preparation & Centroid Calculation ───
2026-07-23 22:46:03 | INFO     |   NOTE: bundled tests/data/*.pdb files are minimal mock structures for offline CI runs — they are NOT real crystallographic models. Any redocking RMSD computed against them is non-physical and must not be interpreted as a protocol-quality metric.
2026-07-23 22:46:03 | INFO     |   Run mode (from config): science
2026-07-23 22:46:03 | INFO     |   Structure 3ZG0 already local: output/pdb_enrich/3ZG0.pdb
2026-07-23 22:46:03 | INFO     |   Structure 1VQQ already local: output/pdb_enrich/1VQQ.pdb
2026-07-23 22:46:03 | INFO     |   Structure 1UTN already local: output/pdb_enrich/1UTN.pdb
2026-07-23 22:46:03 | INFO     |   Structure 1YAH already local: output/pdb_enrich/1YAH.pdb
2026-07-23 22:46:03 | INFO     |   Structure 1VQQ already local: output/pdb_enrich/1VQQ.pdb
2026-07-23 22:46:03 | INFO     |   Structure 3ZG0 already local: output/pdb_enrich/3ZG0.pdb
2026-07-23 22:46:03 | INFO     |   Structure 4DKI already local: output/pdb_enrich/4DKI.pdb
2026-07-23 22:46:03 | INFO     | Science mode: real scientific validation expected.
2026-07-23 22:46:03 | INFO     |   Cleaning PBP2a (apo)…
2026-07-23 22:46:03 | INFO     |   Cleaning PBP2a (holo, protein-only)…
2026-07-23 22:46:03 | INFO     |   Added PBP2a conformer 3ZG0 receptor PDBQT: output/workdir_enrich/PBP2a_3ZG0_clean.pdbqt
2026-07-23 22:46:03 | INFO     |   Added PBP2a conformer 4DKI receptor PDBQT: output/workdir_enrich/PBP2a_4DKI_clean.pdbqt
2026-07-23 22:46:03 | INFO     |   Computing active site centroid (conserved residues SER403, LYS406, TYR446) using side-chain atoms…
2026-07-23 22:46:03 | INFO     |     Active site center: [23.95072216 27.87146293 88.53164786]
2026-07-23 22:46:03 | INFO     |   Computing allosteric site centroid (TYR105, GLN199, GLU237) using side-chain atoms…
2026-07-23 22:46:03 | WARNING  |   ⚠  Allosteric residues ['TYR105', 'GLN199', 'GLU237'] missing: name 'cleaned_pdb' is not defined
2026-07-23 22:46:03 | INFO     |     Allosteric site center: None
2026-07-23 22:46:03 | INFO     |   Cleaning Human Trypsin (1UTN)…
2026-07-23 22:46:03 | INFO     |   Computing trypsin active site centroid (His57, Asp102, Ser195) using side-chain atoms…
2026-07-23 22:46:03 | INFO     |     Trypsin active site center: [22.54101663 14.86204433 22.53591386]
2026-07-23 22:46:03 | INFO     |   Cleaning Human Carboxylesterase 1 (1YAH)…
2026-07-23 22:46:03 | INFO     |   Computing CES1 active site centroid (Ser221, His468, Glu354) using side-chain atoms…
2026-07-23 22:46:03 | INFO     |     CES1 active site center: [-7.13865188 43.85391877 37.96102563]
2026-07-23 22:46:03 | INFO     |   Grid config saved: output/workdir_enrich/grid_configs/grid_active.txt
2026-07-23 22:46:03 | INFO     | ─── Phase 1 complete ───
2026-07-23 22:57:52 | INFO     | ─── Phase 0: Dependency Check ───
2026-07-23 22:57:52 | INFO     |   ✓  AutoDock Vina binary found on PATH (version: AutoDock Vina v1.2.7)
2026-07-23 22:57:52 | INFO     |   ✓  OpenBabel binary found on PATH (version: Open Babel 3.1.0 -- Feb 17 2026 -- 07:27:20
Usage:
obabel [-i<input-type>] <infilename> [-o<output-type>] -O<outfilename> [Options]
Try  -H option for more information.)
2026-07-23 22:57:52 | INFO     |   ✓  All required Python packages found.
2026-07-23 22:57:52 | INFO     | ─── Phase 1: Target Preparation & Centroid Calculation ───
2026-07-23 22:57:52 | INFO     |   NOTE: bundled tests/data/*.pdb files are minimal mock structures for offline CI runs — they are NOT real crystallographic models. Any redocking RMSD computed against them is non-physical and must not be interpreted as a protocol-quality metric.
2026-07-23 22:57:52 | INFO     |   Run mode (from config): science
2026-07-23 22:57:52 | INFO     |   Structure 3ZG0 already local: /Users/tom/Documents/apps/AutoAntibiotic/output/pdb_enrich/3ZG0.pdb
2026-07-23 22:57:52 | INFO     |   Structure 1VQQ already local: /Users/tom/Documents/apps/AutoAntibiotic/output/pdb_enrich/1VQQ.pdb
2026-07-23 22:57:52 | INFO     |   Structure 1UTN already local: /Users/tom/Documents/apps/AutoAntibiotic/output/pdb_enrich/1UTN.pdb
2026-07-23 22:57:52 | INFO     |   Structure 1YAH already local: /Users/tom/Documents/apps/AutoAntibiotic/output/pdb_enrich/1YAH.pdb
2026-07-23 22:57:52 | INFO     |   Structure 1VQQ already local: /Users/tom/Documents/apps/AutoAntibiotic/output/pdb_enrich/1VQQ.pdb
2026-07-23 22:57:52 | INFO     |   Structure 3ZG0 already local: /Users/tom/Documents/apps/AutoAntibiotic/output/pdb_enrich/3ZG0.pdb
2026-07-23 22:57:52 | INFO     |   Structure 4DKI already local: /Users/tom/Documents/apps/AutoAntibiotic/output/pdb_enrich/4DKI.pdb
2026-07-23 22:57:52 | INFO     | Science mode: real scientific validation expected.
2026-07-23 22:57:52 | INFO     |   Cleaning PBP2a (apo)…
2026-07-23 22:57:52 | INFO     |   Polar hydrogens added to /Users/tom/Documents/apps/AutoAntibiotic/output/workdir_enrich/PBP2a_clean.pdb
2026-07-23 22:58:57 | INFO     |   Receptor PDBQT written via obabel (-xr): /Users/tom/Documents/apps/AutoAntibiotic/output/workdir_enrich/PBP2a_clean.pdbqt
2026-07-23 22:58:57 | INFO     |   Cleaning PBP2a (holo, protein-only)…
2026-07-23 22:58:57 | WARNING  |   Could not read PDB via RDKit. Skipping hydrogen addition.
2026-07-23 22:58:57 | INFO     |   Receptor PDBQT written via obabel (-xr): /Users/tom/Documents/apps/AutoAntibiotic/output/workdir_enrich/PBP2a_holo_clean.pdbqt
2026-07-23 22:58:58 | WARNING  |   Could not read PDB via RDKit. Skipping hydrogen addition.
2026-07-23 22:58:58 | INFO     |   Receptor PDBQT written via obabel (-xr): /Users/tom/Documents/apps/AutoAntibiotic/output/workdir_enrich/PBP2a_3ZG0_clean.pdbqt
2026-07-23 22:58:58 | INFO     |   Added PBP2a conformer 3ZG0 receptor PDBQT: /Users/tom/Documents/apps/AutoAntibiotic/output/workdir_enrich/PBP2a_3ZG0_clean.pdbqt
2026-07-23 22:58:58 | INFO     |   Polar hydrogens added to /Users/tom/Documents/apps/AutoAntibiotic/output/workdir_enrich/PBP2a_4DKI_clean.pdb
2026-07-23 23:00:05 | INFO     |   Receptor PDBQT written via obabel (-xr): /Users/tom/Documents/apps/AutoAntibiotic/output/workdir_enrich/PBP2a_4DKI_clean.pdbqt
2026-07-23 23:00:05 | INFO     |   Added PBP2a conformer 4DKI receptor PDBQT: /Users/tom/Documents/apps/AutoAntibiotic/output/workdir_enrich/PBP2a_4DKI_clean.pdbqt
2026-07-23 23:00:05 | INFO     |   Computing active site centroid (conserved residues SER403, LYS406, TYR446) using side-chain atoms…
2026-07-23 23:00:05 | INFO     |     Active site center: [23.95072216 27.87146293 88.53164786]
2026-07-23 23:00:05 | INFO     |   Computing allosteric site centroid (TYR105, GLN199, GLU237) using side-chain atoms…
2026-07-23 23:00:05 | WARNING  |   ⚠  Allosteric residues ['TYR105', 'GLN199', 'GLU237'] missing: name 'cleaned_pdb' is not defined
2026-07-23 23:00:05 | INFO     |     Allosteric site center: None
2026-07-23 23:00:05 | INFO     |   Cleaning Human Trypsin (1UTN)…
2026-07-23 23:00:05 | INFO     |   Polar hydrogens added to /Users/tom/Documents/apps/AutoAntibiotic/output/workdir_enrich/trypsin_clean.pdb
2026-07-23 23:00:05 | INFO     |   Receptor PDBQT written via obabel (-xr): /Users/tom/Documents/apps/AutoAntibiotic/output/workdir_enrich/trypsin_clean.pdbqt
2026-07-23 23:00:05 | INFO     |   Computing trypsin active site centroid (His57, Asp102, Ser195) using side-chain atoms…
2026-07-23 23:00:05 | INFO     |     Trypsin active site center: [22.54101663 14.86204433 22.53591386]
2026-07-23 23:00:05 | INFO     |   Cleaning Human Carboxylesterase 1 (1YAH)…
2026-07-23 23:00:06 | INFO     |   Polar hydrogens added to /Users/tom/Documents/apps/AutoAntibiotic/output/workdir_enrich/CES1_clean.pdb
2026-07-23 23:02:04 | INFO     |   Receptor PDBQT written via obabel (-xr): /Users/tom/Documents/apps/AutoAntibiotic/output/workdir_enrich/CES1_clean.pdbqt
2026-07-23 23:02:04 | INFO     |   Computing CES1 active site centroid (Ser221, His468, Glu354) using side-chain atoms…
2026-07-23 23:02:04 | INFO     |     CES1 active site center: [-7.13865188 43.85391877 37.96102563]
2026-07-23 23:02:04 | INFO     |   Grid config saved: /Users/tom/Documents/apps/AutoAntibiotic/output/workdir_enrich/grid_configs/grid_active.txt
2026-07-23 23:02:04 | INFO     | ─── Phase 1 complete ───
2026-07-23 23:02:04 | INFO     |   Active-site box: (20.0, 20.0, 20.0); center: [23.95072216 27.87146293 88.53164786]
2026-07-23 23:02:04 | INFO     |   Loaded 4 known actives
2026-07-23 23:02:04 | INFO     |   Loaded 150 known decoys
2026-07-23 23:02:04 | INFO     |   Docking 154 compounds against PBP2a active site...
2026-07-23 23:04:42 | INFO     |     Docked 25 / 154 (enrich_c0)
2026-07-23 23:07:00 | INFO     |     Docked 50 / 154 (enrich_c0)
2026-07-23 23:08:59 | INFO     |     Docked 75 / 154 (enrich_c0)
2026-07-23 23:11:57 | INFO     |     Docked 100 / 154 (enrich_c0)
2026-07-23 23:14:51 | INFO     |     Docked 125 / 154 (enrich_c0)
2026-07-23 23:17:06 | INFO     |     Docked 150 / 154 (enrich_c0)
2026-07-23 23:19:27 | INFO     |     Docked 25 / 154 (enrich_c1)
2026-07-23 23:21:32 | INFO     |     Docked 50 / 154 (enrich_c1)
2026-07-23 23:23:29 | INFO     |     Docked 75 / 154 (enrich_c1)
2026-07-23 23:26:03 | INFO     |     Docked 100 / 154 (enrich_c1)
2026-07-23 23:28:31 | INFO     |     Docked 125 / 154 (enrich_c1)
2026-07-23 23:30:29 | INFO     |     Docked 150 / 154 (enrich_c1)
2026-07-23 23:32:54 | INFO     |     Docked 25 / 154 (enrich_c2)
2026-07-23 23:34:55 | INFO     |     Docked 50 / 154 (enrich_c2)
2026-07-23 23:36:49 | INFO     |     Docked 75 / 154 (enrich_c2)
2026-07-23 23:39:22 | INFO     |     Docked 100 / 154 (enrich_c2)
2026-07-23 23:41:59 | INFO     |     Docked 125 / 154 (enrich_c2)
2026-07-23 23:44:09 | INFO     |     Docked 150 / 154 (enrich_c2)
2026-07-23 23:44:11 | INFO     | ==================================================
2026-07-23 23:44:11 | INFO     |   Enrichment validation (independent labels): AUC=0.270  EF_1%=0.00  EF_5%=0.00
2026-07-23 23:44:11 | INFO     |   VERDICT: FAIL (AUC>=0.7 and EF_1%>=5 required)
2026-07-23 23:44:11 | INFO     | ==================================================
2026-07-23 23:44:27 | INFO     | ─── Phase 0: Dependency Check ───
2026-07-23 23:44:27 | INFO     |   ✓  AutoDock Vina binary found on PATH (version: AutoDock Vina v1.2.7)
2026-07-23 23:44:27 | INFO     |   ✓  OpenBabel binary found on PATH (version: Open Babel 3.1.0 -- Feb 17 2026 -- 07:27:20
Usage:
obabel [-i<input-type>] <infilename> [-o<output-type>] -O<outfilename> [Options]
Try  -H option for more information.)
2026-07-23 23:44:27 | INFO     |   ✓  All required Python packages found.
2026-07-23 23:44:27 | INFO     | ─── Phase 1: Target Preparation & Centroid Calculation ───
2026-07-23 23:44:27 | INFO     |   NOTE: bundled tests/data/*.pdb files are minimal mock structures for offline CI runs — they are NOT real crystallographic models. Any redocking RMSD computed against them is non-physical and must not be interpreted as a protocol-quality metric.
2026-07-23 23:44:27 | INFO     |   Run mode (from config): science
2026-07-23 23:44:27 | INFO     |   Structure 3ZG0 already local: output/pdb_enrich/3ZG0.pdb
2026-07-23 23:44:27 | INFO     |   Structure 1VQQ already local: output/pdb_enrich/1VQQ.pdb
2026-07-23 23:44:27 | INFO     |   Structure 1UTN already local: output/pdb_enrich/1UTN.pdb
2026-07-23 23:44:27 | INFO     |   Structure 1YAH already local: output/pdb_enrich/1YAH.pdb
2026-07-23 23:44:27 | INFO     |   Structure 1VQQ already local: output/pdb_enrich/1VQQ.pdb
2026-07-23 23:44:27 | INFO     |   Structure 3ZG0 already local: output/pdb_enrich/3ZG0.pdb
2026-07-23 23:44:27 | INFO     |   Structure 4DKI already local: output/pdb_enrich/4DKI.pdb
2026-07-23 23:44:27 | INFO     | Science mode: real scientific validation expected.
2026-07-23 23:44:27 | INFO     |   Cleaning PBP2a (apo)…
2026-07-23 23:45:10 | INFO     | ─── Phase 0: Dependency Check ───
2026-07-23 23:45:10 | INFO     |   ✓  AutoDock Vina binary found on PATH (version: AutoDock Vina v1.2.7)
2026-07-23 23:45:10 | INFO     |   ✓  OpenBabel binary found on PATH (version: Open Babel 3.1.0 -- Feb 17 2026 -- 07:27:20
Usage:
obabel [-i<input-type>] <infilename> [-o<output-type>] -O<outfilename> [Options]
Try  -H option for more information.)
2026-07-23 23:45:10 | INFO     |   ✓  All required Python packages found.
2026-07-23 23:45:10 | INFO     | ─── Phase 1: Target Preparation & Centroid Calculation ───
2026-07-23 23:45:10 | INFO     |   NOTE: bundled tests/data/*.pdb files are minimal mock structures for offline CI runs — they are NOT real crystallographic models. Any redocking RMSD computed against them is non-physical and must not be interpreted as a protocol-quality metric.
2026-07-23 23:45:10 | INFO     |   Run mode (from config): science
2026-07-23 23:45:10 | INFO     |   Structure 3ZG0 already local: /Users/tom/Documents/apps/AutoAntibiotic/output/pdb_enrich/3ZG0.pdb
2026-07-23 23:45:10 | INFO     |   Structure 1VQQ already local: /Users/tom/Documents/apps/AutoAntibiotic/output/pdb_enrich/1VQQ.pdb
2026-07-23 23:45:10 | INFO     |   Structure 1UTN already local: /Users/tom/Documents/apps/AutoAntibiotic/output/pdb_enrich/1UTN.pdb
2026-07-23 23:45:10 | INFO     |   Structure 1YAH already local: /Users/tom/Documents/apps/AutoAntibiotic/output/pdb_enrich/1YAH.pdb
2026-07-23 23:45:10 | INFO     |   Structure 1VQQ already local: /Users/tom/Documents/apps/AutoAntibiotic/output/pdb_enrich/1VQQ.pdb
2026-07-23 23:45:10 | INFO     |   Structure 3ZG0 already local: /Users/tom/Documents/apps/AutoAntibiotic/output/pdb_enrich/3ZG0.pdb
2026-07-23 23:45:10 | INFO     |   Structure 4DKI already local: /Users/tom/Documents/apps/AutoAntibiotic/output/pdb_enrich/4DKI.pdb
2026-07-23 23:45:10 | INFO     | Science mode: real scientific validation expected.
2026-07-23 23:45:10 | INFO     |   Cleaning PBP2a (apo)…
2026-07-23 23:45:11 | INFO     |   Polar hydrogens added to /Users/tom/Documents/apps/AutoAntibiotic/output/workdir_enrich/PBP2a_clean.pdb
2026-07-23 23:46:15 | INFO     |   Receptor PDBQT written via obabel (-xr): /Users/tom/Documents/apps/AutoAntibiotic/output/workdir_enrich/PBP2a_clean.pdbqt
2026-07-23 23:46:15 | INFO     |   Cleaning PBP2a (holo, protein-only)…
2026-07-23 23:46:15 | WARNING  |   Could not read PDB via RDKit. Skipping hydrogen addition.
2026-07-23 23:46:16 | INFO     |   Receptor PDBQT written via obabel (-xr): /Users/tom/Documents/apps/AutoAntibiotic/output/workdir_enrich/PBP2a_holo_clean.pdbqt
2026-07-23 23:46:16 | WARNING  |   Could not read PDB via RDKit. Skipping hydrogen addition.
2026-07-23 23:46:16 | INFO     |   Receptor PDBQT written via obabel (-xr): /Users/tom/Documents/apps/AutoAntibiotic/output/workdir_enrich/PBP2a_3ZG0_clean.pdbqt
2026-07-23 23:46:16 | INFO     |   Added PBP2a conformer 3ZG0 receptor PDBQT: /Users/tom/Documents/apps/AutoAntibiotic/output/workdir_enrich/PBP2a_3ZG0_clean.pdbqt
2026-07-23 23:46:17 | INFO     |   Polar hydrogens added to /Users/tom/Documents/apps/AutoAntibiotic/output/workdir_enrich/PBP2a_4DKI_clean.pdb
2026-07-23 23:47:23 | INFO     |   Receptor PDBQT written via obabel (-xr): /Users/tom/Documents/apps/AutoAntibiotic/output/workdir_enrich/PBP2a_4DKI_clean.pdbqt
2026-07-23 23:47:23 | INFO     |   Added PBP2a conformer 4DKI receptor PDBQT: /Users/tom/Documents/apps/AutoAntibiotic/output/workdir_enrich/PBP2a_4DKI_clean.pdbqt
2026-07-23 23:47:23 | INFO     |   Computing active site centroid (conserved residues SER403, LYS406, TYR446) using side-chain atoms…
2026-07-23 23:47:23 | INFO     |     Active site center: [23.95072216 27.87146293 88.53164786]
2026-07-23 23:47:23 | INFO     |   Computing allosteric site centroid (TYR105, GLN199, GLU237) using side-chain atoms…
2026-07-23 23:47:23 | WARNING  |   ⚠  Allosteric residues ['TYR105', 'GLN199', 'GLU237'] missing: name 'cleaned_pdb' is not defined
2026-07-23 23:47:23 | INFO     |     Allosteric site center: None
2026-07-23 23:47:23 | INFO     |   Cleaning Human Trypsin (1UTN)…
2026-07-23 23:47:23 | INFO     |   Polar hydrogens added to /Users/tom/Documents/apps/AutoAntibiotic/output/workdir_enrich/trypsin_clean.pdb
2026-07-23 23:47:24 | INFO     |   Receptor PDBQT written via obabel (-xr): /Users/tom/Documents/apps/AutoAntibiotic/output/workdir_enrich/trypsin_clean.pdbqt
2026-07-23 23:47:24 | INFO     |   Computing trypsin active site centroid (His57, Asp102, Ser195) using side-chain atoms…
2026-07-23 23:47:24 | INFO     |     Trypsin active site center: [22.54101663 14.86204433 22.53591386]
2026-07-23 23:47:24 | INFO     |   Cleaning Human Carboxylesterase 1 (1YAH)…
2026-07-23 23:47:24 | INFO     |   Polar hydrogens added to /Users/tom/Documents/apps/AutoAntibiotic/output/workdir_enrich/CES1_clean.pdb
2026-07-23 23:49:22 | INFO     |   Receptor PDBQT written via obabel (-xr): /Users/tom/Documents/apps/AutoAntibiotic/output/workdir_enrich/CES1_clean.pdbqt
2026-07-23 23:49:22 | INFO     |   Computing CES1 active site centroid (Ser221, His468, Glu354) using side-chain atoms…
2026-07-23 23:49:22 | INFO     |     CES1 active site center: [-7.13865188 43.85391877 37.96102563]
2026-07-23 23:49:22 | INFO     |   Grid config saved: /Users/tom/Documents/apps/AutoAntibiotic/output/workdir_enrich/grid_configs/grid_active.txt
2026-07-23 23:49:22 | INFO     | ─── Phase 1 complete ───
2026-07-23 23:49:22 | INFO     |   Active-site box: (20.0, 20.0, 20.0); center: [23.95072216 27.87146293 88.53164786]
2026-07-23 23:49:22 | INFO     |   Loaded 4 known actives
2026-07-23 23:49:22 | INFO     |   Loaded 150 known decoys
2026-07-23 23:49:22 | INFO     |   Docking 154 compounds against PBP2a active site...
2026-07-23 23:52:05 | INFO     |     Docked 25 / 154 (enrich_c0)
2026-07-23 23:54:23 | INFO     |     Docked 50 / 154 (enrich_c0)
2026-07-23 23:56:29 | INFO     |     Docked 75 / 154 (enrich_c0)
2026-07-23 23:59:33 | INFO     |     Docked 100 / 154 (enrich_c0)
2026-07-24 00:02:20 | INFO     |     Docked 125 / 154 (enrich_c0)
2026-07-24 00:04:36 | INFO     |     Docked 150 / 154 (enrich_c0)
2026-07-24 00:07:01 | INFO     |     Docked 25 / 154 (enrich_c1)
2026-07-24 00:09:13 | INFO     |     Docked 50 / 154 (enrich_c1)
2026-07-24 00:11:02 | INFO     |     Docked 75 / 154 (enrich_c1)
2026-07-24 00:13:38 | INFO     |     Docked 100 / 154 (enrich_c1)
2026-07-24 00:16:22 | INFO     |     Docked 125 / 154 (enrich_c1)
2026-07-24 00:18:33 | INFO     |     Docked 150 / 154 (enrich_c1)
2026-07-24 00:18:39 | INFO     | ==================================================
2026-07-24 00:18:39 | INFO     |   Enrichment validation (independent labels): AUC=0.423  EF_1%=0.00  EF_5%=0.00
2026-07-24 00:18:39 | INFO     |   VERDICT: FAIL (AUC>=0.7 and EF_1%>=5 required)
2026-07-24 00:18:39 | INFO     | ==================================================
2026-07-24 00:19:26 | INFO     | ─── Phase 0: Dependency Check ───
2026-07-24 00:19:26 | INFO     |   ✓  AutoDock Vina binary found on PATH (version: AutoDock Vina v1.2.7)
2026-07-24 00:19:26 | INFO     |   ✓  OpenBabel binary found on PATH (version: Open Babel 3.1.0 -- Feb 17 2026 -- 07:27:20
Usage:
obabel [-i<input-type>] <infilename> [-o<output-type>] -O<outfilename> [Options]
Try  -H option for more information.)
2026-07-24 00:19:26 | INFO     |   ✓  All required Python packages found.
2026-07-24 00:19:26 | INFO     | ─── Phase 1: Target Preparation & Centroid Calculation ───
2026-07-24 00:19:26 | INFO     |   NOTE: bundled tests/data/*.pdb files are minimal mock structures for offline CI runs — they are NOT real crystallographic models. Any redocking RMSD computed against them is non-physical and must not be interpreted as a protocol-quality metric.
2026-07-24 00:19:26 | INFO     |   Run mode (from config): science
2026-07-24 00:19:26 | INFO     |   Structure 3ZG0 already local: /Users/tom/Documents/apps/AutoAntibiotic/output/pdb_enrich/3ZG0.pdb
2026-07-24 00:19:26 | INFO     |   Structure 1VQQ already local: /Users/tom/Documents/apps/AutoAntibiotic/output/pdb_enrich/1VQQ.pdb
2026-07-24 00:19:26 | INFO     |   Structure 1UTN already local: /Users/tom/Documents/apps/AutoAntibiotic/output/pdb_enrich/1UTN.pdb
2026-07-24 00:19:26 | INFO     |   Structure 1YAH already local: /Users/tom/Documents/apps/AutoAntibiotic/output/pdb_enrich/1YAH.pdb
2026-07-24 00:19:26 | INFO     |   Structure 1VQQ already local: /Users/tom/Documents/apps/AutoAntibiotic/output/pdb_enrich/1VQQ.pdb
2026-07-24 00:19:26 | INFO     |   Structure 3ZG0 already local: /Users/tom/Documents/apps/AutoAntibiotic/output/pdb_enrich/3ZG0.pdb
2026-07-24 00:19:26 | INFO     |   Structure 4DKI already local: /Users/tom/Documents/apps/AutoAntibiotic/output/pdb_enrich/4DKI.pdb
2026-07-24 00:19:26 | INFO     | Science mode: real scientific validation expected.
2026-07-24 00:19:26 | INFO     |   Cleaning PBP2a (apo)…
2026-07-24 00:19:26 | INFO     |   Polar hydrogens added to /Users/tom/Documents/apps/AutoAntibiotic/output/workdir_enrich/PBP2a_clean.pdb
2026-07-24 00:20:31 | INFO     |   Receptor PDBQT written via obabel (-xr): /Users/tom/Documents/apps/AutoAntibiotic/output/workdir_enrich/PBP2a_clean.pdbqt
2026-07-24 00:20:31 | INFO     |   Cleaning PBP2a (holo, protein-only)…
2026-07-24 00:20:31 | WARNING  |   Could not read PDB via RDKit. Skipping hydrogen addition.
2026-07-24 00:20:31 | INFO     |   Receptor PDBQT written via obabel (-xr): /Users/tom/Documents/apps/AutoAntibiotic/output/workdir_enrich/PBP2a_holo_clean.pdbqt
2026-07-24 00:20:31 | WARNING  |   Could not read PDB via RDKit. Skipping hydrogen addition.
2026-07-24 00:20:32 | INFO     |   Receptor PDBQT written via obabel (-xr): /Users/tom/Documents/apps/AutoAntibiotic/output/workdir_enrich/PBP2a_3ZG0_clean.pdbqt
2026-07-24 00:20:32 | INFO     |   Added PBP2a conformer 3ZG0 receptor PDBQT: /Users/tom/Documents/apps/AutoAntibiotic/output/workdir_enrich/PBP2a_3ZG0_clean.pdbqt
2026-07-24 00:20:32 | INFO     |   Polar hydrogens added to /Users/tom/Documents/apps/AutoAntibiotic/output/workdir_enrich/PBP2a_4DKI_clean.pdb
2026-07-24 00:21:38 | INFO     |   Receptor PDBQT written via obabel (-xr): /Users/tom/Documents/apps/AutoAntibiotic/output/workdir_enrich/PBP2a_4DKI_clean.pdbqt
2026-07-24 00:21:38 | INFO     |   Added PBP2a conformer 4DKI receptor PDBQT: /Users/tom/Documents/apps/AutoAntibiotic/output/workdir_enrich/PBP2a_4DKI_clean.pdbqt
2026-07-24 00:21:38 | INFO     |   Computing active site centroid (conserved residues SER403, LYS406, TYR446) using side-chain atoms…
2026-07-24 00:21:38 | INFO     |     Active site center: [23.95072216 27.87146293 88.53164786]
2026-07-24 00:21:38 | INFO     |   Computing allosteric site centroid (TYR105, GLN199, GLU237) using side-chain atoms…
2026-07-24 00:21:38 | WARNING  |   ⚠  Allosteric residues ['TYR105', 'GLN199', 'GLU237'] missing: name 'cleaned_pdb' is not defined
2026-07-24 00:21:38 | INFO     |     Allosteric site center: None
2026-07-24 00:21:38 | INFO     |   Cleaning Human Trypsin (1UTN)…
2026-07-24 00:21:39 | INFO     |   Polar hydrogens added to /Users/tom/Documents/apps/AutoAntibiotic/output/workdir_enrich/trypsin_clean.pdb
2026-07-24 00:21:39 | INFO     |   Receptor PDBQT written via obabel (-xr): /Users/tom/Documents/apps/AutoAntibiotic/output/workdir_enrich/trypsin_clean.pdbqt
2026-07-24 00:21:39 | INFO     |   Computing trypsin active site centroid (His57, Asp102, Ser195) using side-chain atoms…
2026-07-24 00:21:39 | INFO     |     Trypsin active site center: [22.54101663 14.86204433 22.53591386]
2026-07-24 00:21:39 | INFO     |   Cleaning Human Carboxylesterase 1 (1YAH)…
2026-07-24 00:21:39 | INFO     |   Polar hydrogens added to /Users/tom/Documents/apps/AutoAntibiotic/output/workdir_enrich/CES1_clean.pdb
2026-07-24 00:23:37 | INFO     |   Receptor PDBQT written via obabel (-xr): /Users/tom/Documents/apps/AutoAntibiotic/output/workdir_enrich/CES1_clean.pdbqt
2026-07-24 00:23:37 | INFO     |   Computing CES1 active site centroid (Ser221, His468, Glu354) using side-chain atoms…
2026-07-24 00:23:37 | INFO     |     CES1 active site center: [-7.13865188 43.85391877 37.96102563]
2026-07-24 00:23:37 | INFO     |   Grid config saved: /Users/tom/Documents/apps/AutoAntibiotic/output/workdir_enrich/grid_configs/grid_active.txt
2026-07-24 00:23:37 | INFO     | ─── Phase 1 complete ───
2026-07-24 00:23:37 | INFO     |   Active-site box: (20.0, 20.0, 20.0); center: [23.95072216 27.87146293 88.53164786]
2026-07-24 00:23:37 | INFO     |   Loaded 4 known actives
2026-07-24 00:23:37 | INFO     |   Loaded 150 known decoys
2026-07-24 00:23:37 | INFO     |   Docking 154 compounds against PBP2a active site...
2026-07-24 00:26:18 | INFO     |     Docked 25 / 154 (enrich_c0)
2026-07-24 00:28:33 | INFO     |     Docked 50 / 154 (enrich_c0)
2026-07-24 00:30:59 | INFO     |     Docked 75 / 154 (enrich_c0)
2026-07-24 00:33:58 | INFO     |     Docked 100 / 154 (enrich_c0)
2026-07-24 00:37:22 | INFO     |     Docked 125 / 154 (enrich_c0)
2026-07-24 00:40:07 | INFO     |     Docked 150 / 154 (enrich_c0)
2026-07-24 00:40:15 | INFO     | ==================================================
2026-07-24 00:40:15 | INFO     |   Enrichment validation (independent labels): AUC=0.792  EF_1%=19.25  EF_5%=4.81
2026-07-24 00:40:15 | INFO     |   VERDICT: PASS (AUC>=0.7 and EF_1%>=5 required)
2026-07-24 00:40:15 | INFO     | ==================================================
2026-07-24 14:27:40 | INFO     | AutoAntibiotic Discovery Pipeline v5.1.0
2026-07-24 14:27:40 | INFO     | ─── Phase 0: Dependency Check ───
2026-07-24 14:27:40 | INFO     |   ✓  AutoDock Vina binary found on PATH (version: AutoDock Vina v1.2.7)
2026-07-24 14:27:41 | INFO     |   ✓  OpenBabel binary found on PATH (version: Open Babel 3.1.0 -- Feb 17 2026 -- 07:27:20
Usage:
obabel [-i<input-type>] <infilename> [-o<output-type>] -O<outfilename> [Options]
Try  -H option for more information.)
2026-07-24 14:27:41 | INFO     |   ✓  All required Python packages found.
2026-07-24 14:27:41 | INFO     | ─── Phase 1: Target Preparation & Centroid Calculation ───
2026-07-24 14:27:41 | INFO     |   NOTE: bundled tests/data/*.pdb files are minimal mock structures for offline CI runs — they are NOT real crystallographic models. Any redocking RMSD computed against them is non-physical and must not be interpreted as a protocol-quality metric.
2026-07-24 14:27:41 | INFO     |   Run mode (from config): science
2026-07-24 14:27:41 | INFO     |   Structure 3ZG0 already local: output/pdb/3ZG0.pdb
2026-07-24 14:27:41 | INFO     |   Structure 1VQQ already local: output/pdb/1VQQ.pdb
2026-07-24 14:27:41 | INFO     |   Structure 1UTN already local: output/pdb/1UTN.pdb
2026-07-24 14:27:41 | INFO     |   Structure 1YAH already local: output/pdb/1YAH.pdb
2026-07-24 14:27:41 | INFO     |   Structure 1VQQ already local: output/pdb/1VQQ.pdb
2026-07-24 14:27:41 | INFO     |   Structure 3ZG0 already local: output/pdb/3ZG0.pdb
2026-07-24 14:27:41 | INFO     |   Structure 4DKI already local: output/pdb/4DKI.pdb
2026-07-24 14:27:41 | INFO     | Science mode: real scientific validation expected.
2026-07-24 14:27:41 | INFO     |   Cleaning PBP2a (apo)…
2026-07-24 14:27:41 | INFO     |   Polar hydrogens added to output/workdir/PBP2a_clean.pdb
2026-07-24 14:28:47 | INFO     |   Receptor PDBQT written via obabel (-xr): output/workdir/PBP2a_clean.pdbqt
2026-07-24 14:28:47 | INFO     |   Cleaning PBP2a (holo, protein-only)…
2026-07-24 14:28:47 | WARNING  |   Could not read PDB via RDKit. Skipping hydrogen addition.
2026-07-24 14:28:47 | INFO     |   Receptor PDBQT written via obabel (-xr): output/workdir/PBP2a_holo_clean.pdbqt
2026-07-24 14:28:47 | WARNING  |   Could not read PDB via RDKit. Skipping hydrogen addition.
2026-07-24 14:28:48 | INFO     |   Receptor PDBQT written via obabel (-xr): output/workdir/PBP2a_3ZG0_clean.pdbqt
2026-07-24 14:28:48 | INFO     |   Added PBP2a conformer 3ZG0 receptor PDBQT: output/workdir/PBP2a_3ZG0_clean.pdbqt
2026-07-24 14:28:48 | INFO     |   Polar hydrogens added to output/workdir/PBP2a_4DKI_clean.pdb
2026-07-24 14:29:54 | INFO     |   Receptor PDBQT written via obabel (-xr): output/workdir/PBP2a_4DKI_clean.pdbqt
2026-07-24 14:29:54 | INFO     |   Added PBP2a conformer 4DKI receptor PDBQT: output/workdir/PBP2a_4DKI_clean.pdbqt
2026-07-24 14:29:54 | INFO     |   Computing active site centroid (conserved residues SER403, LYS406, TYR446) using side-chain atoms…
2026-07-24 14:29:54 | INFO     |     Active site center: [23.95072216 27.87146293 88.53164786]
2026-07-24 14:29:54 | INFO     |   Computing allosteric site centroid (TYR105, GLN199, GLU237) using side-chain atoms…
2026-07-24 14:29:54 | INFO     |     Allosteric site center: [24.97548178 30.9366667  28.8698331 ]
2026-07-24 14:29:54 | INFO     |   Cleaning Human Trypsin (1UTN)…
2026-07-24 14:29:55 | INFO     |   Polar hydrogens added to output/workdir/trypsin_clean.pdb
2026-07-24 14:29:55 | INFO     |   Receptor PDBQT written via obabel (-xr): output/workdir/trypsin_clean.pdbqt
2026-07-24 14:29:55 | INFO     |   Computing trypsin active site centroid (His57, Asp102, Ser195) using side-chain atoms…
2026-07-24 14:29:55 | INFO     |     Trypsin active site center: [22.54101663 14.86204433 22.53591386]
2026-07-24 14:29:55 | INFO     |   Cleaning Human Carboxylesterase 1 (1YAH)…
2026-07-24 14:29:55 | INFO     |   Polar hydrogens added to output/workdir/CES1_clean.pdb
2026-07-24 14:31:53 | INFO     |   Receptor PDBQT written via obabel (-xr): output/workdir/CES1_clean.pdbqt
2026-07-24 14:31:53 | INFO     |   Computing CES1 active site centroid (Ser221, His468, Glu354) using side-chain atoms…
2026-07-24 14:31:53 | INFO     |     CES1 active site center: [-7.13865188 43.85391877 37.96102563]
2026-07-24 14:31:53 | INFO     |   Grid config saved: output/workdir/grid_configs/grid_active.txt
2026-07-24 14:31:53 | INFO     | ─── Phase 1 complete ───
2026-07-24 14:31:53 | INFO     | ─── Phase 0: Redocking Validation ───
2026-07-24 14:31:53 | INFO     |   Native ligand (resname override 'AI8'): chain A, residue AI8
2026-07-24 14:31:53 | INFO     |   Native ligand SMILES: CCONC(C(O)N[C@H](CO)[C@@H]1NC(C(O)O)[C@@H](SC2NC(C3CCN(C)CC3)CS2)CS1)[C@@H]1NSC(N)N1
2026-07-24 14:31:54 | INFO     |   Native ligand PDBQT written to output/workdir/native_ligand.pdbqt
2026-07-24 14:31:54 | INFO     |   Redocking native ligand into PBP2a…
2026-07-24 14:31:54 | INFO     |   Redocking box: 18.7 x 29.1 x 21.4 Å (auto-sized from native ligand).
2026-07-24 14:33:25 | INFO     |   [Vina stdout, conformer 0 seed 1] AutoDock Vina v1.2.7
#################################################################
# If you used AutoDock Vina in your work, please cite:          #
#                                                               #
# J. Eberhardt, D. Santos-Martins, A. F. Tillack, and S. Forli  #
# AutoDock Vina 1.2.0: New Docking Methods, Expanded Force      #
# Field, and Python Bindings, J. Chem. Inf. Model. (2021)       #
# DOI 10.1021/acs.jcim.1c00203                                  #
#                                                               #
# O. Trott, A. J. Olson,                                        #
# AutoDock Vina: improving the speed and accuracy of docking    #
# with a new scoring function, efficient optimization and       #
# multithreading, J. Comp. Chem. (2010)                         #
# DOI 10.1002/jcc.21334                                         #
#                                                               #
# Please see https://github.com/ccsb-scripps/AutoDock-Vina for  #
# more information.                                             #
#################################################################

Scoring function : vina
Rigid receptor: output/workdir/PBP2a_clean.pdbqt
Ligand: output/workdir/native_ligand.pdbqt
Grid center: X 27.902 Y 29.847 Z 88.317
Grid size  : X 18.7 Y 29.1 Z 21.4
Grid space : 0.375
Exhaustiveness: 32
CPU: 0
Verbosity: 1

Computing Vina grid ... done.
Performing docking (random seed: 1) ... 
0%   10   20   30   40   50   60   70   80   90   100%
|----|----|----|----|----|----|----|----|----|----|
***************************************************

mode |   affinity | dist from best mode
     | (kcal/mol) | rmsd l.b.| rmsd u.b.
-----+------------+----------+----------
   1       -6.952          0          0
   2       -6.791      3.637      9.872
   3        -6.77      3.405      7.121
2026-07-24 14:33:26 | INFO     |   RMSD (Kabsch, 27 atoms) = 1.937 Å
2026-07-24 14:33:26 | INFO     |   Core RMSD (ring scaffold, 12 atoms) = 1.251 Å
2026-07-24 14:33:26 | INFO     |   Redocking RMSD (conformer 0, seed 1) = 1.937 Å (core 1.251 Å)
2026-07-24 14:34:51 | INFO     |   [Vina stdout, conformer 0 seed 2] AutoDock Vina v1.2.7
#################################################################
# If you used AutoDock Vina in your work, please cite:          #
#                                                               #
# J. Eberhardt, D. Santos-Martins, A. F. Tillack, and S. Forli  #
# AutoDock Vina 1.2.0: New Docking Methods, Expanded Force      #
# Field, and Python Bindings, J. Chem. Inf. Model. (2021)       #
# DOI 10.1021/acs.jcim.1c00203                                  #
#                                                               #
# O. Trott, A. J. Olson,                                        #
# AutoDock Vina: improving the speed and accuracy of docking    #
# with a new scoring function, efficient optimization and       #
# multithreading, J. Comp. Chem. (2010)                         #
# DOI 10.1002/jcc.21334                                         #
#                                                               #
# Please see https://github.com/ccsb-scripps/AutoDock-Vina for  #
# more information.                                             #
#################################################################

Scoring function : vina
Rigid receptor: output/workdir/PBP2a_clean.pdbqt
Ligand: output/workdir/native_ligand.pdbqt
Grid center: X 27.902 Y 29.847 Z 88.317
Grid size  : X 18.7 Y 29.1 Z 21.4
Grid space : 0.375
Exhaustiveness: 32
CPU: 0
Verbosity: 1

Computing Vina grid ... done.
Performing docking (random seed: 2) ... 
0%   10   20   30   40   50   60   70   80   90   100%
|----|----|----|----|----|----|----|----|----|----|
***************************************************

mode |   affinity | dist from best mode
     | (kcal/mol) | rmsd l.b.| rmsd u.b.
-----+------------+----------+----------
   1       -6.857          0          0
   2       -6.817      3.164      6.962
   3       -6.515      12.27      15.95
2026-07-24 14:34:51 | INFO     |   RMSD (Kabsch, 27 atoms) = 2.091 Å
2026-07-24 14:34:51 | INFO     |   Core RMSD (ring scaffold, 12 atoms) = 1.235 Å
2026-07-24 14:34:51 | INFO     |   Redocking RMSD (conformer 0, seed 2) = 2.091 Å (core 1.235 Å)
2026-07-24 14:36:18 | INFO     |   [Vina stdout, conformer 0 seed 3] AutoDock Vina v1.2.7
#################################################################
# If you used AutoDock Vina in your work, please cite:          #
#                                                               #
# J. Eberhardt, D. Santos-Martins, A. F. Tillack, and S. Forli  #
# AutoDock Vina 1.2.0: New Docking Methods, Expanded Force      #
# Field, and Python Bindings, J. Chem. Inf. Model. (2021)       #
# DOI 10.1021/acs.jcim.1c00203                                  #
#                                                               #
# O. Trott, A. J. Olson,                                        #
# AutoDock Vina: improving the speed and accuracy of docking    #
# with a new scoring function, efficient optimization and       #
# multithreading, J. Comp. Chem. (2010)                         #
# DOI 10.1002/jcc.21334                                         #
#                                                               #
# Please see https://github.com/ccsb-scripps/AutoDock-Vina for  #
# more information.                                             #
#################################################################

Scoring function : vina
Rigid receptor: output/workdir/PBP2a_clean.pdbqt
Ligand: output/workdir/native_ligand.pdbqt
Grid center: X 27.902 Y 29.847 Z 88.317
Grid size  : X 18.7 Y 29.1 Z 21.4
Grid space : 0.375
Exhaustiveness: 32
CPU: 0
Verbosity: 1

Computing Vina grid ... done.
Performing docking (random seed: 3) ... 
0%   10   20   30   40   50   60   70   80   90   100%
|----|----|----|----|----|----|----|----|----|----|
***************************************************

mode |   affinity | dist from best mode
     | (kcal/mol) | rmsd l.b.| rmsd u.b.
-----+------------+----------+----------
   1       -6.917          0          0
   2       -6.581      1.606      2.145
   3       -6.443      11.11      15.51
2026-07-24 14:36:19 | INFO     |   RMSD (Kabsch, 27 atoms) = 2.069 Å
2026-07-24 14:36:19 | INFO     |   Core RMSD (ring scaffold, 12 atoms) = 1.223 Å
2026-07-24 14:36:19 | INFO     |   Redocking RMSD (conformer 0, seed 3) = 2.069 Å (core 1.223 Å)
2026-07-24 14:36:19 | INFO     |   Multi-start RMSDs (conformer 0) = 1.937, 2.091, 2.069 Å; best = 1.937 Å
2026-07-24 15:08:31 | INFO     |   Energy distribution saved: output/figures/figures/energy_distribution.png
2026-07-24 15:08:31 | INFO     |   SI scatter plot saved: output/figures/figures/si_scatter.png
2026-07-24 15:08:32 | INFO     |   Filter funnel saved: output/figures/figures/filter_funnel.png
2026-07-24 15:08:32 | INFO     |   Binding diagram saved: output/figures/figures/top3_binding_1_AA-0039.png
2026-07-24 15:08:32 | INFO     |   Binding diagram saved: output/figures/figures/top3_binding_2_AA-0033.png
2026-07-24 15:08:32 | INFO     |   Binding diagram saved: output/figures/figures/top3_binding_3_AA-0103.png
2026-07-24 15:08:32 | INFO     |   All figures saved to output/figures/figures
2026-07-24 15:09:37 | INFO     |   Energy distribution saved: output/figures/figures/energy_distribution.png
2026-07-24 15:09:37 | INFO     |   SI scatter plot saved: output/figures/figures/si_scatter.png
2026-07-24 15:09:37 | INFO     |   Filter funnel saved: output/figures/figures/filter_funnel.png
2026-07-24 15:09:37 | INFO     |   Binding diagram saved: output/figures/figures/top3_binding_1_AA-0039.png
2026-07-24 15:09:37 | INFO     |   Binding diagram saved: output/figures/figures/top3_binding_2_AA-0033.png
2026-07-24 15:09:37 | INFO     |   Binding diagram saved: output/figures/figures/top3_binding_3_AA-0103.png
2026-07-24 15:09:37 | INFO     |   All figures saved to output/figures/figures
2026-07-24 15:32:46 | INFO     | AutoAntibiotic Discovery Pipeline v5.1.0
2026-07-24 15:32:46 | INFO     | ─── Phase 0: Dependency Check ───
2026-07-24 15:32:46 | INFO     |   ✓  AutoDock Vina binary found on PATH (version: AutoDock Vina v1.2.7)
2026-07-24 15:32:46 | INFO     |   ✓  OpenBabel binary found on PATH (version: Open Babel 3.1.0 -- Feb 17 2026 -- 07:27:20
Usage:
obabel [-i<input-type>] <infilename> [-o<output-type>] -O<outfilename> [Options]
Try  -H option for more information.)
2026-07-24 15:32:46 | INFO     |   ✓  All required Python packages found.
2026-07-24 15:32:46 | INFO     | ─── Phase 1: Target Preparation & Centroid Calculation ───
2026-07-24 15:32:46 | INFO     |   NOTE: bundled tests/data/*.pdb files are minimal mock structures for offline CI runs — they are NOT real crystallographic models. Any redocking RMSD computed against them is non-physical and must not be interpreted as a protocol-quality metric.
2026-07-24 15:32:46 | INFO     |   Run mode (from config): science
2026-07-24 15:32:46 | INFO     |   Structure 3ZG0 already local: output/pdb/3ZG0.pdb
2026-07-24 15:32:46 | INFO     |   Structure 1VQQ already local: output/pdb/1VQQ.pdb
2026-07-24 15:32:46 | INFO     |   Structure 1UTN already local: output/pdb/1UTN.pdb
2026-07-24 15:32:46 | INFO     |   Structure 1YAH already local: output/pdb/1YAH.pdb
2026-07-24 15:32:46 | INFO     |   Structure 1VQQ already local: output/pdb/1VQQ.pdb
2026-07-24 15:32:46 | INFO     |   Structure 3ZG0 already local: output/pdb/3ZG0.pdb
2026-07-24 15:32:46 | INFO     |   Structure 4DKI already local: output/pdb/4DKI.pdb
2026-07-24 15:32:46 | INFO     | Science mode: real scientific validation expected.
2026-07-24 15:32:46 | INFO     |   Cleaning PBP2a (apo)…
2026-07-24 15:32:46 | INFO     |   Polar hydrogens added to output/workdir/PBP2a_clean.pdb
2026-07-24 15:33:51 | INFO     |   Receptor PDBQT written via obabel (-xr): output/workdir/PBP2a_clean.pdbqt
2026-07-24 15:33:51 | INFO     |   Cleaning PBP2a (holo, protein-only)…
2026-07-24 15:33:51 | WARNING  |   Could not read PDB via RDKit. Skipping hydrogen addition.
2026-07-24 15:33:51 | INFO     |   Receptor PDBQT written via obabel (-xr): output/workdir/PBP2a_holo_clean.pdbqt
2026-07-24 15:33:51 | WARNING  |   Could not read PDB via RDKit. Skipping hydrogen addition.
2026-07-24 15:33:52 | INFO     |   Receptor PDBQT written via obabel (-xr): output/workdir/PBP2a_3ZG0_clean.pdbqt
2026-07-24 15:33:52 | INFO     |   Added PBP2a conformer 3ZG0 receptor PDBQT: output/workdir/PBP2a_3ZG0_clean.pdbqt
2026-07-24 15:33:52 | INFO     |   Polar hydrogens added to output/workdir/PBP2a_4DKI_clean.pdb
2026-07-24 15:34:59 | INFO     |   Receptor PDBQT written via obabel (-xr): output/workdir/PBP2a_4DKI_clean.pdbqt
2026-07-24 15:34:59 | INFO     |   Added PBP2a conformer 4DKI receptor PDBQT: output/workdir/PBP2a_4DKI_clean.pdbqt
2026-07-24 15:34:59 | INFO     |   Computing active site centroid (conserved residues SER403, LYS406, TYR446) using side-chain atoms…
2026-07-24 15:34:59 | INFO     |     Active site center: [23.95072216 27.87146293 88.53164786]
2026-07-24 15:34:59 | INFO     |   Computing allosteric site centroid (TYR105, GLN199, GLU237) using side-chain atoms…
2026-07-24 15:34:59 | INFO     |     Allosteric site center: [24.97548178 30.9366667  28.8698331 ]
2026-07-24 15:34:59 | INFO     |   Cleaning Human Trypsin (1UTN)…
2026-07-24 15:34:59 | INFO     |   Polar hydrogens added to output/workdir/trypsin_clean.pdb
2026-07-24 15:34:59 | INFO     |   Receptor PDBQT written via obabel (-xr): output/workdir/trypsin_clean.pdbqt
2026-07-24 15:34:59 | INFO     |   Computing trypsin active site centroid (His57, Asp102, Ser195) using side-chain atoms…
2026-07-24 15:34:59 | INFO     |     Trypsin active site center: [22.54101663 14.86204433 22.53591386]
2026-07-24 15:34:59 | INFO     |   Cleaning Human Carboxylesterase 1 (1YAH)…
2026-07-24 15:35:00 | INFO     |   Polar hydrogens added to output/workdir/CES1_clean.pdb
2026-07-24 15:36:57 | INFO     |   Receptor PDBQT written via obabel (-xr): output/workdir/CES1_clean.pdbqt
2026-07-24 15:36:57 | INFO     |   Computing CES1 active site centroid (Ser221, His468, Glu354) using side-chain atoms…
2026-07-24 15:36:57 | INFO     |     CES1 active site center: [-7.13865188 43.85391877 37.96102563]
2026-07-24 15:36:57 | INFO     |   Grid config saved: output/workdir/grid_configs/grid_active.txt
2026-07-24 15:36:57 | INFO     | ─── Phase 1 complete ───
2026-07-24 15:36:57 | INFO     | ─── Phase 0: Redocking Validation ───
2026-07-24 15:36:58 | INFO     |   Native ligand (resname override 'AI8'): chain A, residue AI8
2026-07-24 15:36:58 | INFO     |   Native ligand SMILES: CCONC(C(O)N[C@H](CO)[C@@H]1NC(C(O)O)[C@@H](SC2NC(C3CCN(C)CC3)CS2)CS1)[C@@H]1NSC(N)N1
2026-07-24 15:36:58 | INFO     |   Native ligand PDBQT written to output/workdir/native_ligand.pdbqt
2026-07-24 15:36:58 | INFO     |   Redocking native ligand into PBP2a…
2026-07-24 15:36:58 | INFO     |   Redocking box: 18.7 x 29.1 x 21.4 Å (auto-sized from native ligand).
2026-07-24 15:38:35 | INFO     | ─── Phase 0: Dependency Check ───
2026-07-24 15:38:35 | INFO     |   ✓  AutoDock Vina binary found on PATH (version: AutoDock Vina v1.2.7)
2026-07-24 15:38:35 | INFO     |   ✓  OpenBabel binary found on PATH (version: Open Babel 3.1.0 -- Feb 17 2026 -- 07:27:20
Usage:
obabel [-i<input-type>] <infilename> [-o<output-type>] -O<outfilename> [Options]
Try  -H option for more information.)
2026-07-24 15:38:35 | INFO     |   ✓  All required Python packages found.
2026-07-24 15:41:00 | INFO     | AutoAntibiotic Discovery Pipeline v5.1.0
2026-07-24 15:41:00 | INFO     | ─── Phase 0: Dependency Check ───
2026-07-24 15:41:00 | INFO     |   ✓  AutoDock Vina binary found on PATH (version: AutoDock Vina v1.2.7)
2026-07-24 15:41:00 | INFO     |   ✓  OpenBabel binary found on PATH (version: Open Babel 3.1.0 -- Feb 17 2026 -- 07:27:20
Usage:
obabel [-i<input-type>] <infilename> [-o<output-type>] -O<outfilename> [Options]
Try  -H option for more information.)
2026-07-24 15:41:00 | INFO     |   ✓  All required Python packages found.
2026-07-24 15:41:00 | INFO     | ─── Phase 1: Target Preparation & Centroid Calculation ───
2026-07-24 15:41:00 | INFO     |   NOTE: bundled tests/data/*.pdb files are minimal mock structures for offline CI runs — they are NOT real crystallographic models. Any redocking RMSD computed against them is non-physical and must not be interpreted as a protocol-quality metric.
2026-07-24 15:41:00 | INFO     |   Run mode (from config): science
2026-07-24 15:41:00 | INFO     |   Structure 3ZG0 already local: output/pdb/3ZG0.pdb
2026-07-24 15:41:00 | INFO     |   Structure 1VQQ already local: output/pdb/1VQQ.pdb
2026-07-24 15:41:00 | INFO     |   Structure 1UTN already local: output/pdb/1UTN.pdb
2026-07-24 15:41:00 | INFO     |   Structure 1YAH already local: output/pdb/1YAH.pdb
2026-07-24 15:41:00 | INFO     |   Structure 1VQQ already local: output/pdb/1VQQ.pdb
2026-07-24 15:41:00 | INFO     |   Structure 3ZG0 already local: output/pdb/3ZG0.pdb
2026-07-24 15:41:00 | INFO     |   Structure 4DKI already local: output/pdb/4DKI.pdb
2026-07-24 15:41:00 | INFO     | Science mode: real scientific validation expected.
2026-07-24 15:41:00 | INFO     |   Cleaning PBP2a (apo)…
2026-07-24 15:41:01 | INFO     |   Polar hydrogens added to output/workdir/PBP2a_clean.pdb
2026-07-24 15:42:05 | INFO     |   Receptor PDBQT written via obabel (-xr): output/workdir/PBP2a_clean.pdbqt
2026-07-24 15:42:05 | INFO     |   Cleaning PBP2a (holo, protein-only)…
2026-07-24 15:42:05 | WARNING  |   Could not read PDB via RDKit. Skipping hydrogen addition.
2026-07-24 15:42:05 | INFO     |   Receptor PDBQT written via obabel (-xr): output/workdir/PBP2a_holo_clean.pdbqt
2026-07-24 15:42:06 | WARNING  |   Could not read PDB via RDKit. Skipping hydrogen addition.
2026-07-24 15:42:06 | INFO     |   Receptor PDBQT written via obabel (-xr): output/workdir/PBP2a_3ZG0_clean.pdbqt
2026-07-24 15:42:06 | INFO     |   Added PBP2a conformer 3ZG0 receptor PDBQT: output/workdir/PBP2a_3ZG0_clean.pdbqt
2026-07-24 15:42:06 | INFO     |   Polar hydrogens added to output/workdir/PBP2a_4DKI_clean.pdb
2026-07-24 15:43:13 | INFO     |   Receptor PDBQT written via obabel (-xr): output/workdir/PBP2a_4DKI_clean.pdbqt
2026-07-24 15:43:13 | INFO     |   Added PBP2a conformer 4DKI receptor PDBQT: output/workdir/PBP2a_4DKI_clean.pdbqt
2026-07-24 15:43:13 | INFO     |   Computing active site centroid (conserved residues SER403, LYS406, TYR446) using side-chain atoms…
2026-07-24 15:43:13 | INFO     |     Active site center: [23.95072216 27.87146293 88.53164786]
2026-07-24 15:43:13 | INFO     |   Computing allosteric site centroid (TYR105, GLN199, GLU237) using side-chain atoms…
2026-07-24 15:43:13 | INFO     |     Allosteric site center: [24.97548178 30.9366667  28.8698331 ]
2026-07-24 15:43:13 | INFO     |   Cleaning Human Trypsin (1UTN)…
2026-07-24 15:43:13 | INFO     |   Polar hydrogens added to output/workdir/trypsin_clean.pdb
2026-07-24 15:43:13 | INFO     |   Receptor PDBQT written via obabel (-xr): output/workdir/trypsin_clean.pdbqt
2026-07-24 15:43:13 | INFO     |   Computing trypsin active site centroid (His57, Asp102, Ser195) using side-chain atoms…
2026-07-24 15:43:13 | INFO     |     Trypsin active site center: [22.54101663 14.86204433 22.53591386]
2026-07-24 15:43:13 | INFO     |   Cleaning Human Carboxylesterase 1 (1YAH)…
2026-07-24 15:43:14 | INFO     |   Polar hydrogens added to output/workdir/CES1_clean.pdb
2026-07-24 15:45:12 | INFO     |   Receptor PDBQT written via obabel (-xr): output/workdir/CES1_clean.pdbqt
2026-07-24 15:45:12 | INFO     |   Computing CES1 active site centroid (Ser221, His468, Glu354) using side-chain atoms…
2026-07-24 15:45:12 | INFO     |     CES1 active site center: [-7.13865188 43.85391877 37.96102563]
2026-07-24 15:45:12 | INFO     |   Grid config saved: output/workdir/grid_configs/grid_active.txt
2026-07-24 15:45:12 | INFO     | ─── Phase 1 complete ───
2026-07-24 15:45:12 | INFO     | ─── Phase 0: Redocking Validation ───
2026-07-24 15:45:12 | INFO     |   Native ligand (resname override 'AI8'): chain A, residue AI8
2026-07-24 15:45:12 | INFO     |   Native ligand SMILES: CCONC(C(O)N[C@H](CO)[C@@H]1NC(C(O)O)[C@@H](SC2NC(C3CCN(C)CC3)CS2)CS1)[C@@H]1NSC(N)N1
2026-07-24 15:45:13 | INFO     |   Native ligand PDBQT written to output/workdir/native_ligand.pdbqt
2026-07-24 15:45:13 | INFO     |   Redocking native ligand into PBP2a…
2026-07-24 15:45:13 | INFO     |   Redocking box: 18.7 x 29.1 x 21.4 Å (auto-sized from native ligand).
2026-07-24 15:46:50 | INFO     |   [Vina stdout, conformer 0 seed 1] AutoDock Vina v1.2.7
#################################################################
# If you used AutoDock Vina in your work, please cite:          #
#                                                               #
# J. Eberhardt, D. Santos-Martins, A. F. Tillack, and S. Forli  #
# AutoDock Vina 1.2.0: New Docking Methods, Expanded Force      #
# Field, and Python Bindings, J. Chem. Inf. Model. (2021)       #
# DOI 10.1021/acs.jcim.1c00203                                  #
#                                                               #
# O. Trott, A. J. Olson,                                        #
# AutoDock Vina: improving the speed and accuracy of docking    #
# with a new scoring function, efficient optimization and       #
# multithreading, J. Comp. Chem. (2010)                         #
# DOI 10.1002/jcc.21334                                         #
#                                                               #
# Please see https://github.com/ccsb-scripps/AutoDock-Vina for  #
# more information.                                             #
#################################################################

Scoring function : vina
Rigid receptor: output/workdir/PBP2a_clean.pdbqt
Ligand: output/workdir/native_ligand.pdbqt
Grid center: X 27.902 Y 29.847 Z 88.317
Grid size  : X 18.7 Y 29.1 Z 21.4
Grid space : 0.375
Exhaustiveness: 32
CPU: 0
Verbosity: 1

Computing Vina grid ... done.
Performing docking (random seed: 1) ... 
0%   10   20   30   40   50   60   70   80   90   100%
|----|----|----|----|----|----|----|----|----|----|
***************************************************

mode |   affinity | dist from best mode
     | (kcal/mol) | rmsd l.b.| rmsd u.b.
-----+------------+----------+----------
   1       -6.952          0          0
   2       -6.791      3.637      9.872
   3        -6.77      3.405      7.121
2026-07-24 15:46:50 | INFO     |   RMSD (Kabsch, 27 atoms) = 1.937 Å
2026-07-24 15:46:50 | INFO     |   Core RMSD (ring scaffold, 12 atoms) = 1.251 Å
2026-07-24 15:46:50 | INFO     |   Redocking RMSD (conformer 0, seed 1) = 1.937 Å (core 1.251 Å)
2026-07-24 15:48:23 | INFO     |   [Vina stdout, conformer 0 seed 2] AutoDock Vina v1.2.7
#################################################################
# If you used AutoDock Vina in your work, please cite:          #
#                                                               #
# J. Eberhardt, D. Santos-Martins, A. F. Tillack, and S. Forli  #
# AutoDock Vina 1.2.0: New Docking Methods, Expanded Force      #
# Field, and Python Bindings, J. Chem. Inf. Model. (2021)       #
# DOI 10.1021/acs.jcim.1c00203                                  #
#                                                               #
# O. Trott, A. J. Olson,                                        #
# AutoDock Vina: improving the speed and accuracy of docking    #
# with a new scoring function, efficient optimization and       #
# multithreading, J. Comp. Chem. (2010)                         #
# DOI 10.1002/jcc.21334                                         #
#                                                               #
# Please see https://github.com/ccsb-scripps/AutoDock-Vina for  #
# more information.                                             #
#################################################################

Scoring function : vina
Rigid receptor: output/workdir/PBP2a_clean.pdbqt
Ligand: output/workdir/native_ligand.pdbqt
Grid center: X 27.902 Y 29.847 Z 88.317
Grid size  : X 18.7 Y 29.1 Z 21.4
Grid space : 0.375
Exhaustiveness: 32
CPU: 0
Verbosity: 1

Computing Vina grid ... done.
Performing docking (random seed: 2) ... 
0%   10   20   30   40   50   60   70   80   90   100%
|----|----|----|----|----|----|----|----|----|----|
***************************************************

mode |   affinity | dist from best mode
     | (kcal/mol) | rmsd l.b.| rmsd u.b.
-----+------------+----------+----------
   1       -6.857          0          0
   2       -6.817      3.164      6.962
   3       -6.515      12.27      15.95
2026-07-24 15:48:24 | INFO     |   RMSD (Kabsch, 27 atoms) = 2.091 Å
2026-07-24 15:48:24 | INFO     |   Core RMSD (ring scaffold, 12 atoms) = 1.235 Å
2026-07-24 15:48:24 | INFO     |   Redocking RMSD (conformer 0, seed 2) = 2.091 Å (core 1.235 Å)
2026-07-24 15:49:55 | INFO     |   [Vina stdout, conformer 0 seed 3] AutoDock Vina v1.2.7
#################################################################
# If you used AutoDock Vina in your work, please cite:          #
#                                                               #
# J. Eberhardt, D. Santos-Martins, A. F. Tillack, and S. Forli  #
# AutoDock Vina 1.2.0: New Docking Methods, Expanded Force      #
# Field, and Python Bindings, J. Chem. Inf. Model. (2021)       #
# DOI 10.1021/acs.jcim.1c00203                                  #
#                                                               #
# O. Trott, A. J. Olson,                                        #
# AutoDock Vina: improving the speed and accuracy of docking    #
# with a new scoring function, efficient optimization and       #
# multithreading, J. Comp. Chem. (2010)                         #
# DOI 10.1002/jcc.21334                                         #
#                                                               #
# Please see https://github.com/ccsb-scripps/AutoDock-Vina for  #
# more information.                                             #
#################################################################

Scoring function : vina
Rigid receptor: output/workdir/PBP2a_clean.pdbqt
Ligand: output/workdir/native_ligand.pdbqt
Grid center: X 27.902 Y 29.847 Z 88.317
Grid size  : X 18.7 Y 29.1 Z 21.4
Grid space : 0.375
Exhaustiveness: 32
CPU: 0
Verbosity: 1

Computing Vina grid ... done.
Performing docking (random seed: 3) ... 
0%   10   20   30   40   50   60   70   80   90   100%
|----|----|----|----|----|----|----|----|----|----|
***************************************************

mode |   affinity | dist from best mode
     | (kcal/mol) | rmsd l.b.| rmsd u.b.
-----+------------+----------+----------
   1       -6.917          0          0
   2       -6.581      1.606      2.145
   3       -6.443      11.11      15.51
2026-07-24 15:49:56 | INFO     |   RMSD (Kabsch, 27 atoms) = 2.069 Å
2026-07-24 15:49:56 | INFO     |   Core RMSD (ring scaffold, 12 atoms) = 1.223 Å
2026-07-24 15:49:56 | INFO     |   Redocking RMSD (conformer 0, seed 3) = 2.069 Å (core 1.223 Å)
2026-07-24 15:49:56 | INFO     |   Multi-start RMSDs (conformer 0) = 1.937, 2.091, 2.069 Å; best = 1.937 Å
2026-07-24 15:51:19 | INFO     | AutoAntibiotic Discovery Pipeline v5.1.0
2026-07-24 15:51:19 | INFO     | ─── Phase 0: Dependency Check ───
2026-07-24 15:51:19 | INFO     |   ✓  AutoDock Vina binary found on PATH (version: AutoDock Vina v1.2.7)
2026-07-24 15:51:19 | INFO     |   ✓  OpenBabel binary found on PATH (version: Open Babel 3.1.0 -- Feb 17 2026 -- 07:27:20
Usage:
obabel [-i<input-type>] <infilename> [-o<output-type>] -O<outfilename> [Options]
Try  -H option for more information.)
2026-07-24 15:51:19 | INFO     |   ✓  All required Python packages found.
2026-07-24 15:51:19 | INFO     | ─── Phase 1: Target Preparation & Centroid Calculation ───
2026-07-24 15:51:19 | INFO     |   NOTE: bundled tests/data/*.pdb files are minimal mock structures for offline CI runs — they are NOT real crystallographic models. Any redocking RMSD computed against them is non-physical and must not be interpreted as a protocol-quality metric.
2026-07-24 15:51:19 | INFO     |   Run mode (from config): science
2026-07-24 15:51:19 | INFO     |   Structure 3ZG0 already local: output/pdb/3ZG0.pdb
2026-07-24 15:51:19 | INFO     |   Structure 1VQQ already local: output/pdb/1VQQ.pdb
2026-07-24 15:51:19 | INFO     |   Structure 1UTN already local: output/pdb/1UTN.pdb
2026-07-24 15:51:19 | INFO     |   Structure 1YAH already local: output/pdb/1YAH.pdb
2026-07-24 15:51:19 | INFO     |   Structure 1VQQ already local: output/pdb/1VQQ.pdb
2026-07-24 15:51:19 | INFO     |   Structure 3ZG0 already local: output/pdb/3ZG0.pdb
2026-07-24 15:51:19 | INFO     |   Structure 4DKI already local: output/pdb/4DKI.pdb
2026-07-24 15:51:19 | INFO     | Science mode: real scientific validation expected.
2026-07-24 15:51:19 | INFO     |   Cleaning PBP2a (apo)…
2026-07-24 15:51:19 | INFO     |   Polar hydrogens added to output/workdir/PBP2a_clean.pdb
2026-07-24 15:51:33 | INFO     | AutoAntibiotic Discovery Pipeline v5.1.0
2026-07-24 15:51:33 | INFO     | ─── Phase 0: Dependency Check ───
2026-07-24 15:51:33 | INFO     |   ✓  AutoDock Vina binary found on PATH (version: AutoDock Vina v1.2.7)
2026-07-24 15:51:33 | INFO     |   ✓  OpenBabel binary found on PATH (version: Open Babel 3.1.0 -- Feb 17 2026 -- 07:27:20
Usage:
obabel [-i<input-type>] <infilename> [-o<output-type>] -O<outfilename> [Options]
Try  -H option for more information.)
2026-07-24 15:51:33 | INFO     |   ✓  All required Python packages found.
2026-07-24 15:51:33 | INFO     | ─── Phase 1: Target Preparation & Centroid Calculation ───
2026-07-24 15:51:33 | INFO     |   NOTE: bundled tests/data/*.pdb files are minimal mock structures for offline CI runs — they are NOT real crystallographic models. Any redocking RMSD computed against them is non-physical and must not be interpreted as a protocol-quality metric.
2026-07-24 15:51:33 | INFO     |   Run mode (from config): science
2026-07-24 15:51:33 | INFO     |   Structure 3ZG0 already local: output/pdb/3ZG0.pdb
2026-07-24 15:51:33 | INFO     |   Structure 1VQQ already local: output/pdb/1VQQ.pdb
2026-07-24 15:51:33 | INFO     |   Structure 1UTN already local: output/pdb/1UTN.pdb
2026-07-24 15:51:33 | INFO     |   Structure 1YAH already local: output/pdb/1YAH.pdb
2026-07-24 15:51:33 | INFO     |   Structure 1VQQ already local: output/pdb/1VQQ.pdb
2026-07-24 15:51:33 | INFO     |   Structure 3ZG0 already local: output/pdb/3ZG0.pdb
2026-07-24 15:51:33 | INFO     |   Structure 4DKI already local: output/pdb/4DKI.pdb
2026-07-24 15:51:33 | INFO     | Science mode: real scientific validation expected.
2026-07-24 15:51:33 | INFO     |   Cleaning PBP2a (apo)…
2026-07-24 15:51:34 | INFO     |   Polar hydrogens added to output/workdir/PBP2a_clean.pdb
2026-07-24 15:52:38 | INFO     |   Receptor PDBQT written via obabel (-xr): output/workdir/PBP2a_clean.pdbqt
2026-07-24 15:52:38 | INFO     |   Cleaning PBP2a (holo, protein-only)…
2026-07-24 15:52:38 | WARNING  |   Could not read PDB via RDKit. Skipping hydrogen addition.
2026-07-24 15:52:39 | INFO     |   Receptor PDBQT written via obabel (-xr): output/workdir/PBP2a_holo_clean.pdbqt
2026-07-24 15:52:39 | WARNING  |   Could not read PDB via RDKit. Skipping hydrogen addition.
2026-07-24 15:52:39 | INFO     |   Receptor PDBQT written via obabel (-xr): output/workdir/PBP2a_3ZG0_clean.pdbqt
2026-07-24 15:52:39 | INFO     |   Added PBP2a conformer 3ZG0 receptor PDBQT: output/workdir/PBP2a_3ZG0_clean.pdbqt
2026-07-24 15:52:40 | INFO     |   Polar hydrogens added to output/workdir/PBP2a_4DKI_clean.pdb
2026-07-24 15:53:46 | INFO     |   Receptor PDBQT written via obabel (-xr): output/workdir/PBP2a_4DKI_clean.pdbqt
2026-07-24 15:53:46 | INFO     |   Added PBP2a conformer 4DKI receptor PDBQT: output/workdir/PBP2a_4DKI_clean.pdbqt
2026-07-24 15:53:46 | INFO     |   Computing active site centroid (conserved residues SER403, LYS406, TYR446) using side-chain atoms…
2026-07-24 15:53:46 | INFO     |     Active site center: [23.95072216 27.87146293 88.53164786]
2026-07-24 15:53:46 | INFO     |   Computing allosteric site centroid (TYR105, GLN199, GLU237) using side-chain atoms…
2026-07-24 15:53:46 | INFO     |     Allosteric site center: [24.97548178 30.9366667  28.8698331 ]
2026-07-24 15:53:46 | INFO     |   Cleaning Human Trypsin (1UTN)…
2026-07-24 15:53:46 | INFO     |   Polar hydrogens added to output/workdir/trypsin_clean.pdb
2026-07-24 15:53:46 | INFO     |   Receptor PDBQT written via obabel (-xr): output/workdir/trypsin_clean.pdbqt
2026-07-24 15:53:46 | INFO     |   Computing trypsin active site centroid (His57, Asp102, Ser195) using side-chain atoms…
2026-07-24 15:53:46 | INFO     |     Trypsin active site center: [22.54101663 14.86204433 22.53591386]
2026-07-24 15:53:46 | INFO     |   Cleaning Human Carboxylesterase 1 (1YAH)…
2026-07-24 15:53:47 | INFO     |   Polar hydrogens added to output/workdir/CES1_clean.pdb
2026-07-24 15:55:45 | INFO     |   Receptor PDBQT written via obabel (-xr): output/workdir/CES1_clean.pdbqt
2026-07-24 15:55:45 | INFO     |   Computing CES1 active site centroid (Ser221, His468, Glu354) using side-chain atoms…
2026-07-24 15:55:45 | INFO     |     CES1 active site center: [-7.13865188 43.85391877 37.96102563]
2026-07-24 15:55:45 | INFO     |   Grid config saved: output/workdir/grid_configs/grid_active.txt
2026-07-24 15:55:45 | INFO     | ─── Phase 1 complete ───
2026-07-24 15:55:45 | INFO     | ─── Phase 0: Redocking Validation ───
2026-07-24 15:55:45 | INFO     |   Native ligand (resname override 'AI8'): chain A, residue AI8
2026-07-24 15:55:45 | INFO     |   Native ligand SMILES: CCONC(C(O)N[C@H](CO)[C@@H]1NC(C(O)O)[C@@H](SC2NC(C3CCN(C)CC3)CS2)CS1)[C@@H]1NSC(N)N1
2026-07-24 15:55:45 | INFO     |   Native ligand PDBQT written to output/workdir/native_ligand.pdbqt
2026-07-24 15:55:45 | INFO     |   Redocking native ligand into PBP2a…
2026-07-24 15:55:45 | INFO     |   Redocking box: 18.7 x 29.1 x 21.4 Å (auto-sized from native ligand).
2026-07-24 15:57:21 | INFO     |   [Vina stdout, conformer 0 seed 1] AutoDock Vina v1.2.7
#################################################################
# If you used AutoDock Vina in your work, please cite:          #
#                                                               #
# J. Eberhardt, D. Santos-Martins, A. F. Tillack, and S. Forli  #
# AutoDock Vina 1.2.0: New Docking Methods, Expanded Force      #
# Field, and Python Bindings, J. Chem. Inf. Model. (2021)       #
# DOI 10.1021/acs.jcim.1c00203                                  #
#                                                               #
# O. Trott, A. J. Olson,                                        #
# AutoDock Vina: improving the speed and accuracy of docking    #
# with a new scoring function, efficient optimization and       #
# multithreading, J. Comp. Chem. (2010)                         #
# DOI 10.1002/jcc.21334                                         #
#                                                               #
# Please see https://github.com/ccsb-scripps/AutoDock-Vina for  #
# more information.                                             #
#################################################################

Scoring function : vina
Rigid receptor: output/workdir/PBP2a_clean.pdbqt
Ligand: output/workdir/native_ligand.pdbqt
Grid center: X 27.902 Y 29.847 Z 88.317
Grid size  : X 18.7 Y 29.1 Z 21.4
Grid space : 0.375
Exhaustiveness: 32
CPU: 0
Verbosity: 1

Computing Vina grid ... done.
Performing docking (random seed: 1) ... 
0%   10   20   30   40   50   60   70   80   90   100%
|----|----|----|----|----|----|----|----|----|----|
***************************************************

mode |   affinity | dist from best mode
     | (kcal/mol) | rmsd l.b.| rmsd u.b.
-----+------------+----------+----------
   1       -6.952          0          0
   2       -6.791      3.637      9.872
   3        -6.77      3.405      7.121
2026-07-24 15:57:22 | INFO     |   RMSD (Kabsch, 27 atoms) = 1.937 Å
2026-07-24 15:57:22 | INFO     |   Core RMSD (ring scaffold, 12 atoms) = 1.251 Å
2026-07-24 15:57:22 | INFO     |   Redocking RMSD (conformer 0, seed 1) = 1.937 Å (core 1.251 Å)
2026-07-24 15:58:51 | INFO     |   [Vina stdout, conformer 0 seed 2] AutoDock Vina v1.2.7
#################################################################
# If you used AutoDock Vina in your work, please cite:          #
#                                                               #
# J. Eberhardt, D. Santos-Martins, A. F. Tillack, and S. Forli  #
# AutoDock Vina 1.2.0: New Docking Methods, Expanded Force      #
# Field, and Python Bindings, J. Chem. Inf. Model. (2021)       #
# DOI 10.1021/acs.jcim.1c00203                                  #
#                                                               #
# O. Trott, A. J. Olson,                                        #
# AutoDock Vina: improving the speed and accuracy of docking    #
# with a new scoring function, efficient optimization and       #
# multithreading, J. Comp. Chem. (2010)                         #
# DOI 10.1002/jcc.21334                                         #
#                                                               #
# Please see https://github.com/ccsb-scripps/AutoDock-Vina for  #
# more information.                                             #
#################################################################

Scoring function : vina
Rigid receptor: output/workdir/PBP2a_clean.pdbqt
Ligand: output/workdir/native_ligand.pdbqt
Grid center: X 27.902 Y 29.847 Z 88.317
Grid size  : X 18.7 Y 29.1 Z 21.4
Grid space : 0.375
Exhaustiveness: 32
CPU: 0
Verbosity: 1

Computing Vina grid ... done.
Performing docking (random seed: 2) ... 
0%   10   20   30   40   50   60   70   80   90   100%
|----|----|----|----|----|----|----|----|----|----|
***************************************************

mode |   affinity | dist from best mode
     | (kcal/mol) | rmsd l.b.| rmsd u.b.
-----+------------+----------+----------
   1       -6.857          0          0
   2       -6.817      3.164      6.962
   3       -6.515      12.27      15.95
2026-07-24 15:58:51 | INFO     |   RMSD (Kabsch, 27 atoms) = 2.091 Å
2026-07-24 15:58:51 | INFO     |   Core RMSD (ring scaffold, 12 atoms) = 1.235 Å
2026-07-24 15:58:51 | INFO     |   Redocking RMSD (conformer 0, seed 2) = 2.091 Å (core 1.235 Å)
2026-07-24 16:00:14 | INFO     |   [Vina stdout, conformer 0 seed 3] AutoDock Vina v1.2.7
#################################################################
# If you used AutoDock Vina in your work, please cite:          #
#                                                               #
# J. Eberhardt, D. Santos-Martins, A. F. Tillack, and S. Forli  #
# AutoDock Vina 1.2.0: New Docking Methods, Expanded Force      #
# Field, and Python Bindings, J. Chem. Inf. Model. (2021)       #
# DOI 10.1021/acs.jcim.1c00203                                  #
#                                                               #
# O. Trott, A. J. Olson,                                        #
# AutoDock Vina: improving the speed and accuracy of docking    #
# with a new scoring function, efficient optimization and       #
# multithreading, J. Comp. Chem. (2010)                         #
# DOI 10.1002/jcc.21334                                         #
#                                                               #
# Please see https://github.com/ccsb-scripps/AutoDock-Vina for  #
# more information.                                             #
#################################################################

Scoring function : vina
Rigid receptor: output/workdir/PBP2a_clean.pdbqt
Ligand: output/workdir/native_ligand.pdbqt
Grid center: X 27.902 Y 29.847 Z 88.317
Grid size  : X 18.7 Y 29.1 Z 21.4
Grid space : 0.375
Exhaustiveness: 32
CPU: 0
Verbosity: 1

Computing Vina grid ... done.
Performing docking (random seed: 3) ... 
0%   10   20   30   40   50   60   70   80   90   100%
|----|----|----|----|----|----|----|----|----|----|
***************************************************

mode |   affinity | dist from best mode
     | (kcal/mol) | rmsd l.b.| rmsd u.b.
-----+------------+----------+----------
   1       -6.917          0          0
   2       -6.581      1.606      2.145
   3       -6.443      11.11      15.51
2026-07-24 16:00:14 | INFO     |   RMSD (Kabsch, 27 atoms) = 2.069 Å
2026-07-24 16:00:14 | INFO     |   Core RMSD (ring scaffold, 12 atoms) = 1.223 Å
2026-07-24 16:00:14 | INFO     |   Redocking RMSD (conformer 0, seed 3) = 2.069 Å (core 1.223 Å)
2026-07-24 16:00:14 | INFO     |   Multi-start RMSDs (conformer 0) = 1.937, 2.091, 2.069 Å; best = 1.937 Å
2026-07-24 16:01:36 | INFO     |   [Vina stdout, conformer 1 seed 1] AutoDock Vina v1.2.7
#################################################################
# If you used AutoDock Vina in your work, please cite:          #
#                                                               #
# J. Eberhardt, D. Santos-Martins, A. F. Tillack, and S. Forli  #
# AutoDock Vina 1.2.0: New Docking Methods, Expanded Force      #
# Field, and Python Bindings, J. Chem. Inf. Model. (2021)       #
# DOI 10.1021/acs.jcim.1c00203                                  #
#                                                               #
# O. Trott, A. J. Olson,                                        #
# AutoDock Vina: improving the speed and accuracy of docking    #
# with a new scoring function, efficient optimization and       #
# multithreading, J. Comp. Chem. (2010)                         #
# DOI 10.1002/jcc.21334                                         #
#                                                               #
# Please see https://github.com/ccsb-scripps/AutoDock-Vina for  #
# more information.                                             #
#################################################################

Scoring function : vina
Rigid receptor: output/workdir/PBP2a_3ZG0_clean.pdbqt
Ligand: output/workdir/native_ligand.pdbqt
Grid center: X 27.902 Y 29.847 Z 88.317
Grid size  : X 18.7 Y 29.1 Z 21.4
Grid space : 0.375
Exhaustiveness: 32
CPU: 0
Verbosity: 1

Computing Vina grid ... done.
Performing docking (random seed: 1) ... 
0%   10   20   30   40   50   60   70   80   90   100%
|----|----|----|----|----|----|----|----|----|----|
***************************************************

mode |   affinity | dist from best mode
     | (kcal/mol) | rmsd l.b.| rmsd u.b.
-----+------------+----------+----------
   1       -6.699          0          0
   2       -6.482      1.962      2.954
   3       -6.448       3.17       12.5
2026-07-24 16:01:36 | INFO     |   RMSD (Kabsch, 27 atoms) = 2.071 Å
2026-07-24 16:01:36 | INFO     |   Core RMSD (ring scaffold, 12 atoms) = 1.114 Å
2026-07-24 16:01:36 | INFO     |   Redocking RMSD (conformer 1, seed 1) = 2.071 Å (core 1.114 Å)
2026-07-24 16:02:56 | INFO     |   [Vina stdout, conformer 1 seed 2] AutoDock Vina v1.2.7
#################################################################
# If you used AutoDock Vina in your work, please cite:          #
#                                                               #
# J. Eberhardt, D. Santos-Martins, A. F. Tillack, and S. Forli  #
# AutoDock Vina 1.2.0: New Docking Methods, Expanded Force      #
# Field, and Python Bindings, J. Chem. Inf. Model. (2021)       #
# DOI 10.1021/acs.jcim.1c00203                                  #
#                                                               #
# O. Trott, A. J. Olson,                                        #
# AutoDock Vina: improving the speed and accuracy of docking    #
# with a new scoring function, efficient optimization and       #
# multithreading, J. Comp. Chem. (2010)                         #
# DOI 10.1002/jcc.21334                                         #
#                                                               #
# Please see https://github.com/ccsb-scripps/AutoDock-Vina for  #
# more information.                                             #
#################################################################

Scoring function : vina
Rigid receptor: output/workdir/PBP2a_3ZG0_clean.pdbqt
Ligand: output/workdir/native_ligand.pdbqt
Grid center: X 27.902 Y 29.847 Z 88.317
Grid size  : X 18.7 Y 29.1 Z 21.4
Grid space : 0.375
Exhaustiveness: 32
CPU: 0
Verbosity: 1

Computing Vina grid ... done.
Performing docking (random seed: 2) ... 
0%   10   20   30   40   50   60   70   80   90   100%
|----|----|----|----|----|----|----|----|----|----|
***************************************************

mode |   affinity | dist from best mode
     | (kcal/mol) | rmsd l.b.| rmsd u.b.
-----+------------+----------+----------
   1       -6.832          0          0
   2         -6.6      3.476      12.54
   3       -6.597      3.647      7.467
2026-07-24 16:02:56 | INFO     |   RMSD (Kabsch, 27 atoms) = 2.146 Å
2026-07-24 16:02:57 | INFO     |   Core RMSD (ring scaffold, 12 atoms) = 1.215 Å
2026-07-24 16:02:57 | INFO     |   Redocking RMSD (conformer 1, seed 2) = 2.146 Å (core 1.215 Å)
2026-07-24 16:04:16 | INFO     |   [Vina stdout, conformer 1 seed 3] AutoDock Vina v1.2.7
#################################################################
# If you used AutoDock Vina in your work, please cite:          #
#                                                               #
# J. Eberhardt, D. Santos-Martins, A. F. Tillack, and S. Forli  #
# AutoDock Vina 1.2.0: New Docking Methods, Expanded Force      #
# Field, and Python Bindings, J. Chem. Inf. Model. (2021)       #
# DOI 10.1021/acs.jcim.1c00203                                  #
#                                                               #
# O. Trott, A. J. Olson,                                        #
# AutoDock Vina: improving the speed and accuracy of docking    #
# with a new scoring function, efficient optimization and       #
# multithreading, J. Comp. Chem. (2010)                         #
# DOI 10.1002/jcc.21334                                         #
#                                                               #
# Please see https://github.com/ccsb-scripps/AutoDock-Vina for  #
# more information.                                             #
#################################################################

Scoring function : vina
Rigid receptor: output/workdir/PBP2a_3ZG0_clean.pdbqt
Ligand: output/workdir/native_ligand.pdbqt
Grid center: X 27.902 Y 29.847 Z 88.317
Grid size  : X 18.7 Y 29.1 Z 21.4
Grid space : 0.375
Exhaustiveness: 32
CPU: 0
Verbosity: 1

Computing Vina grid ... done.
Performing docking (random seed: 3) ... 
0%   10   20   30   40   50   60   70   80   90   100%
|----|----|----|----|----|----|----|----|----|----|
***************************************************

mode |   affinity | dist from best mode
     | (kcal/mol) | rmsd l.b.| rmsd u.b.
-----+------------+----------+----------
   1        -6.83          0          0
   2       -6.593      3.473      12.56
   3       -6.506      4.095      9.202
2026-07-24 16:04:17 | INFO     |   RMSD (Kabsch, 27 atoms) = 2.119 Å
2026-07-24 16:04:17 | INFO     |   Core RMSD (ring scaffold, 12 atoms) = 1.187 Å
2026-07-24 16:04:17 | INFO     |   Redocking RMSD (conformer 1, seed 3) = 2.119 Å (core 1.187 Å)
2026-07-24 16:04:17 | INFO     |   Multi-start RMSDs (conformer 1) = 2.071, 2.146, 2.119 Å; best = 2.071 Å
2026-07-24 16:05:35 | INFO     |   [Vina stdout, conformer 2 seed 1] AutoDock Vina v1.2.7
#################################################################
# If you used AutoDock Vina in your work, please cite:          #
#                                                               #
# J. Eberhardt, D. Santos-Martins, A. F. Tillack, and S. Forli  #
# AutoDock Vina 1.2.0: New Docking Methods, Expanded Force      #
# Field, and Python Bindings, J. Chem. Inf. Model. (2021)       #
# DOI 10.1021/acs.jcim.1c00203                                  #
#                                                               #
# O. Trott, A. J. Olson,                                        #
# AutoDock Vina: improving the speed and accuracy of docking    #
# with a new scoring function, efficient optimization and       #
# multithreading, J. Comp. Chem. (2010)                         #
# DOI 10.1002/jcc.21334                                         #
#                                                               #
# Please see https://github.com/ccsb-scripps/AutoDock-Vina for  #
# more information.                                             #
#################################################################

Scoring function : vina
Rigid receptor: output/workdir/PBP2a_4DKI_clean.pdbqt
Ligand: output/workdir/native_ligand.pdbqt
Grid center: X 27.902 Y 29.847 Z 88.317
Grid size  : X 18.7 Y 29.1 Z 21.4
Grid space : 0.375
Exhaustiveness: 32
CPU: 0
Verbosity: 1

Computing Vina grid ... done.
Performing docking (random seed: 1) ... 
0%   10   20   30   40   50   60   70   80   90   100%
|----|----|----|----|----|----|----|----|----|----|
***************************************************

mode |   affinity | dist from best mode
     | (kcal/mol) | rmsd l.b.| rmsd u.b.
-----+------------+----------+----------
   1       -7.884          0          0
   2       -7.843      2.742      4.296
   3       -7.709      2.962      6.506
2026-07-24 16:05:36 | INFO     |   RMSD (Kabsch, 27 atoms) = 2.795 Å
2026-07-24 16:05:36 | INFO     |   Core RMSD (ring scaffold, 12 atoms) = 1.154 Å
2026-07-24 16:05:36 | INFO     |   Redocking RMSD (conformer 2, seed 1) = 2.795 Å (core 1.154 Å)
2026-07-24 16:06:53 | INFO     |   [Vina stdout, conformer 2 seed 2] AutoDock Vina v1.2.7
#################################################################
# If you used AutoDock Vina in your work, please cite:          #
#                                                               #
# J. Eberhardt, D. Santos-Martins, A. F. Tillack, and S. Forli  #
# AutoDock Vina 1.2.0: New Docking Methods, Expanded Force      #
# Field, and Python Bindings, J. Chem. Inf. Model. (2021)       #
# DOI 10.1021/acs.jcim.1c00203                                  #
#                                                               #
# O. Trott, A. J. Olson,                                        #
# AutoDock Vina: improving the speed and accuracy of docking    #
# with a new scoring function, efficient optimization and       #
# multithreading, J. Comp. Chem. (2010)                         #
# DOI 10.1002/jcc.21334                                         #
#                                                               #
# Please see https://github.com/ccsb-scripps/AutoDock-Vina for  #
# more information.                                             #
#################################################################

Scoring function : vina
Rigid receptor: output/workdir/PBP2a_4DKI_clean.pdbqt
Ligand: output/workdir/native_ligand.pdbqt
Grid center: X 27.902 Y 29.847 Z 88.317
Grid size  : X 18.7 Y 29.1 Z 21.4
Grid space : 0.375
Exhaustiveness: 32
CPU: 0
Verbosity: 1

Computing Vina grid ... done.
Performing docking (random seed: 2) ... 
0%   10   20   30   40   50   60   70   80   90   100%
|----|----|----|----|----|----|----|----|----|----|
***************************************************

mode |   affinity | dist from best mode
     | (kcal/mol) | rmsd l.b.| rmsd u.b.
-----+------------+----------+----------
   1       -7.832          0          0
   2       -7.691       3.28      9.288
   3       -7.665      2.342      3.761
2026-07-24 16:06:53 | INFO     |   RMSD (Kabsch, 27 atoms) = 2.838 Å
2026-07-24 16:06:53 | INFO     |   Core RMSD (ring scaffold, 12 atoms) = 1.158 Å
2026-07-24 16:06:53 | INFO     |   Redocking RMSD (conformer 2, seed 2) = 2.838 Å (core 1.158 Å)
2026-07-24 16:08:09 | INFO     |   [Vina stdout, conformer 2 seed 3] AutoDock Vina v1.2.7
#################################################################
# If you used AutoDock Vina in your work, please cite:          #
#                                                               #
# J. Eberhardt, D. Santos-Martins, A. F. Tillack, and S. Forli  #
# AutoDock Vina 1.2.0: New Docking Methods, Expanded Force      #
# Field, and Python Bindings, J. Chem. Inf. Model. (2021)       #
# DOI 10.1021/acs.jcim.1c00203                                  #
#                                                               #
# O. Trott, A. J. Olson,                                        #
# AutoDock Vina: improving the speed and accuracy of docking    #
# with a new scoring function, efficient optimization and       #
# multithreading, J. Comp. Chem. (2010)                         #
# DOI 10.1002/jcc.21334                                         #
#                                                               #
# Please see https://github.com/ccsb-scripps/AutoDock-Vina for  #
# more information.                                             #
#################################################################

Scoring function : vina
Rigid receptor: output/workdir/PBP2a_4DKI_clean.pdbqt
Ligand: output/workdir/native_ligand.pdbqt
Grid center: X 27.902 Y 29.847 Z 88.317
Grid size  : X 18.7 Y 29.1 Z 21.4
Grid space : 0.375
Exhaustiveness: 32
CPU: 0
Verbosity: 1

Computing Vina grid ... done.
Performing docking (random seed: 3) ... 
0%   10   20   30   40   50   60   70   80   90   100%
|----|----|----|----|----|----|----|----|----|----|
***************************************************

mode |   affinity | dist from best mode
     | (kcal/mol) | rmsd l.b.| rmsd u.b.
-----+------------+----------+----------
   1       -7.692          0          0
   2       -7.616      2.931      6.421
   3       -7.436       3.21      6.719
2026-07-24 16:08:09 | INFO     |   RMSD (Kabsch, 27 atoms) = 2.843 Å
2026-07-24 16:08:09 | INFO     |   Core RMSD (ring scaffold, 12 atoms) = 1.157 Å
2026-07-24 16:08:09 | INFO     |   Redocking RMSD (conformer 2, seed 3) = 2.843 Å (core 1.157 Å)
2026-07-24 16:08:09 | INFO     |   Multi-start RMSDs (conformer 2) = 2.795, 2.838, 2.843 Å; best = 2.795 Å
2026-07-24 16:08:09 | INFO     |   Best (consensus) Redocking RMSD = 1.937 Å (full-ligand); core (active-site scaffold) = 1.251 Å
2026-07-24 16:08:09 | INFO     |   ✓  Redocking validated (core RMSD = 1.251 Å ≤ 2.0 Å).
2026-07-24 16:08:09 | INFO     |   Validation results written: output/workdir/validation_results.json
2026-07-24 16:08:09 | INFO     |   Release status written: /Users/tom/Documents/apps/AutoAntibiotic/status.json
2026-07-24 16:08:09 | INFO     |   ✓  Enrichment validation: AUC=0.792, EF_1%=19.25
2026-07-24 16:08:09 | INFO     | ─── Phase 0.5 complete ───
2026-07-24 16:08:09 | INFO     | ─── Phase 2: Library Generation ───
2026-07-24 16:08:09 | INFO     |   Loading external compound library from CSV: data/screen_library_final.csv
2026-07-24 16:08:09 | INFO     |   Loaded 244 compounds from external CSV.
2026-07-24 16:08:09 | INFO     | ─── Phase 2: Filtering ───
2026-07-24 16:08:09 | INFO     |   Structural exclusion (β-lactam): 0 removed.
2026-07-24 16:08:09 | INFO     |   Similarity filter (Tc < 0.3): 1 removed.
2026-07-24 16:08:09 | INFO     |   ADMET filter (Lipinski + QED > 0.5): 30 removed.
2026-07-24 16:08:09 | INFO     |   PAINS filter: 2 removed.
2026-07-24 16:08:09 | INFO     |   Brenk alerts: 13 removed.
2026-07-24 16:08:09 | INFO     |   Passed filters: 198 compounds.
2026-07-24 16:08:09 | INFO     | ─── Phase 2 complete ───
2026-07-24 16:08:09 | INFO     | ─── Phase 3: Virtual Screening ───
2026-07-24 16:08:10 | INFO     |   Docking all 198 compounds against PBP2a active site (3 conformers)…
2026-07-24 16:09:04 | INFO     |     Docked 25 / 198 (active_c0)
2026-07-24 16:09:57 | INFO     |     Docked 50 / 198 (active_c0)
2026-07-24 16:10:45 | INFO     |     Docked 75 / 198 (active_c0)
2026-07-24 16:11:55 | INFO     |     Docked 100 / 198 (active_c0)
2026-07-24 16:12:45 | INFO     |     Docked 125 / 198 (active_c0)
2026-07-24 16:13:49 | INFO     |     Docked 150 / 198 (active_c0)
2026-07-24 16:15:16 | INFO     |     Docked 175 / 198 (active_c0)
2026-07-24 16:17:06 | INFO     |     Docked 25 / 198 (active_c1)
2026-07-24 16:17:48 | INFO     |     Docked 50 / 198 (active_c1)
2026-07-24 16:18:33 | INFO     |     Docked 75 / 198 (active_c1)
2026-07-24 16:19:26 | INFO     |     Docked 100 / 198 (active_c1)
2026-07-24 16:20:19 | INFO     |     Docked 125 / 198 (active_c1)
2026-07-24 16:20:34 | INFO     | AutoAntibiotic Discovery Pipeline v5.1.0
2026-07-24 16:20:34 | INFO     | ─── Phase 0: Dependency Check ───
2026-07-24 16:20:34 | INFO     |   ✓  AutoDock Vina binary found on PATH (version: AutoDock Vina v1.2.7)
2026-07-24 16:20:35 | INFO     |   ✓  OpenBabel binary found on PATH (version: Open Babel 3.1.0 -- Feb 17 2026 -- 07:27:20
Usage:
obabel [-i<input-type>] <infilename> [-o<output-type>] -O<outfilename> [Options]
Try  -H option for more information.)
2026-07-24 16:20:35 | INFO     |   ✓  All required Python packages found.
2026-07-24 16:20:35 | INFO     | ─── Phase 1: Target Preparation & Centroid Calculation ───
2026-07-24 16:20:35 | INFO     |   NOTE: bundled tests/data/*.pdb files are minimal mock structures for offline CI runs — they are NOT real crystallographic models. Any redocking RMSD computed against them is non-physical and must not be interpreted as a protocol-quality metric.
2026-07-24 16:20:35 | INFO     |   Run mode (from config): science
2026-07-24 16:20:35 | INFO     |   Structure 3ZG0 already local: output/pdb/3ZG0.pdb
2026-07-24 16:20:35 | INFO     |   Structure 1VQQ already local: output/pdb/1VQQ.pdb
2026-07-24 16:20:35 | INFO     |   Structure 1UTN already local: output/pdb/1UTN.pdb
2026-07-24 16:20:35 | INFO     |   Structure 1YAH already local: output/pdb/1YAH.pdb
2026-07-24 16:20:35 | INFO     |   Structure 1VQQ already local: output/pdb/1VQQ.pdb
2026-07-24 16:20:35 | INFO     |   Structure 3ZG0 already local: output/pdb/3ZG0.pdb
2026-07-24 16:20:35 | INFO     |   Structure 4DKI already local: output/pdb/4DKI.pdb
2026-07-24 16:20:35 | INFO     | Science mode: real scientific validation expected.
2026-07-24 16:20:35 | INFO     |   Cleaning PBP2a (apo)…
2026-07-24 16:20:38 | INFO     |   Polar hydrogens added to output/workdir/PBP2a_clean.pdb
2026-07-24 16:21:08 | INFO     |     Docked 150 / 198 (active_c1)
2026-07-24 16:21:44 | WARNING  |   Vina returned exit code -15.
  stderr: WARNING: At low exhaustiveness, it may be impossible to utilize all CPUs.
  stdout: AutoDock Vina v1.2.7
#################################################################
# If you used AutoDock Vina in your work, please cite:          #
#                                                               #
# J. Eberhardt, D. Santos-Martins, A. F. Tillack, and S. Forli  #
# AutoDock Vina 1.2.0: New Docking Methods, Expanded Force      #
# Field, and Python Bindings, J. Chem. Inf. Model. (2021)       #
# DOI 10.1021/acs.jcim.1c00203                                  #
#                                                               #
# O. Trott, A. J. Olson,                                        #
# AutoDock Vina: improving the speed and accuracy of docking    #
# with a new scoring function, efficient optimization and       #
# multithreading, J. Comp. Chem. (2010)                         #
# DOI 10.1002/jcc.21334                                         #
#                                                               #
# Please see https://github.com/ccsb-scripps/AutoDock-Vina for  #
# more information.                                             #
#################################################################

Scoring function : vina
Rigid receptor: output/workdir/PBP2a_3ZG0_clean.pdbqt
Ligand: output/workdir/AAB0081_active_c1_lig.pdbqt
Grid center: X 23.951 Y 27.871 Z 88.532
Grid size  : X 20 Y 20 Z 20
Grid space : 0.375
Exhaustiveness: 8
CPU: 0
Verbosity: 1

Computing Vina grid ... done.
Performing docking (random seed: -1479732024) ... 
0%   10   20   30   40   50   60   70   80   90   100%
|----|----|----|----|----|----|----|----|----|----|
**
2026-07-24 16:21:44 | WARNING  |   Vina returned exit code -15.
  stderr: WARNING: At low exhaustiveness, it may be impossible to utilize all CPUs.
  stdout: AutoDock Vina v1.2.7
#################################################################
# If you used AutoDock Vina in your work, please cite:          #
#                                                               #
# J. Eberhardt, D. Santos-Martins, A. F. Tillack, and S. Forli  #
# AutoDock Vina 1.2.0: New Docking Methods, Expanded Force      #
# Field, and Python Bindings, J. Chem. Inf. Model. (2021)       #
# DOI 10.1021/acs.jcim.1c00203                                  #
#                                                               #
# O. Trott, A. J. Olson,                                        #
# AutoDock Vina: improving the speed and accuracy of docking    #
# with a new scoring function, efficient optimization and       #
# multithreading, J. Comp. Chem. (2010)                         #
# DOI 10.1002/jcc.21334                                         #
#                                                               #
# Please see https://github.com/ccsb-scripps/AutoDock-Vina for  #
# more information.                                             #
#################################################################

Scoring function : vina
Rigid receptor: output/workdir/PBP2a_3ZG0_clean.pdbqt
Ligand: output/workdir/AAB0059_active_c1_lig.pdbqt
Grid center: X 23.951 Y 27.871 Z 88.532
Grid size  : X 20 Y 20 Z 20
Grid space : 0.375
Exhaustiveness: 8
CPU: 0
Verbosity: 1

Computing Vina grid ... done.
Performing docking (random seed: -1281305808) ... 
0%   10   20   30   40   50   60   70   80   90   100%
|----|----|----|----|----|----|----|----|----|----|
***
2026-07-24 16:21:44 | WARNING  |   Vina returned exit code -15.
  stderr: 
  stdout: 
2026-07-24 16:21:44 | WARNING  |   Vina returned exit code -15.
  stderr: WARNING: At low exhaustiveness, it may be impossible to utilize all CPUs.
  stdout: AutoDock Vina v1.2.7
#################################################################
# If you used AutoDock Vina in your work, please cite:          #
#                                                               #
# J. Eberhardt, D. Santos-Martins, A. F. Tillack, and S. Forli  #
# AutoDock Vina 1.2.0: New Docking Methods, Expanded Force      #
# Field, and Python Bindings, J. Chem. Inf. Model. (2021)       #
# DOI 10.1021/acs.jcim.1c00203                                  #
#                                                               #
# O. Trott, A. J. Olson,                                        #
# AutoDock Vina: improving the speed and accuracy of docking    #
# with a new scoring function, efficient optimization and       #
# multithreading, J. Comp. Chem. (2010)                         #
# DOI 10.1002/jcc.21334                                         #
#                                                               #
# Please see https://github.com/ccsb-scripps/AutoDock-Vina for  #
# more information.                                             #
#################################################################

Scoring function : vina
Rigid receptor: output/workdir/PBP2a_3ZG0_clean.pdbqt
Ligand: output/workdir/AAB0058_active_c1_lig.pdbqt
Grid center: X 23.951 Y 27.871 Z 88.532
Grid size  : X 20 Y 20 Z 20
Grid space : 0.375
Exhaustiveness: 8
CPU: 0
Verbosity: 1

Computing Vina grid ... done.
Performing docking (random seed: 464033915) ... 
0%   10   20   30   40   50   60   70   80   90   100%
|----|----|----|----|----|----|----|----|----|----|
*******************
2026-07-24 16:21:44 | WARNING  |   Vina returned exit code -15.
  stderr: 
  stdout: AutoDock Vina v1.2.7
#################################################################
# If you used AutoDock Vina in your work, please cite:          #
#                                                               #
# J. Eberhardt, D. Santos-Martins, A. F. Tillack, and S. Forli  #
# AutoDock Vina 1.2.0: New Docking Methods, Expanded Force      #
# Field, and Python Bindings, J. Chem. Inf. Model. (2021)       #
# DOI 10.1021/acs.jcim.1c00203                                  #
#                                                               #
# O. Trott, A. J. Olson,                                        #
# AutoDock Vina: improving the speed and accuracy of docking    #
# with a new scoring function, efficient optimization and       #
# multithreading, J. Comp. Chem. (2010)                         #
# DOI 10.1002/jcc.21334                                         #
#                                                               #
# Please see https://github.com/ccsb-scripps/AutoDock-Vina for  #
# more information.                                             #
#################################################################

Scoring function : vina
Rigid receptor: output/workdir/PBP2a_3ZG0_clean.pdbqt
Ligand: output/workdir/AAB0082_active_c1_lig.pdbqt
Grid center: X 23.951 Y 27.871 Z 88.532
Grid size  : X 20 Y 20 Z 20
Grid space : 0.375
Exhaustiveness: 8
CPU: 0
Verbosity: 1

Computing Vina grid ...
2026-07-24 16:21:44 | WARNING  |   Vina returned exit code -15.
  stderr: WARNING: At low exhaustiveness, it may be impossible to utilize all CPUs.
  stdout: AutoDock Vina v1.2.7
#################################################################
# If you used AutoDock Vina in your work, please cite:          #
#                                                               #
# J. Eberhardt, D. Santos-Martins, A. F. Tillack, and S. Forli  #
# AutoDock Vina 1.2.0: New Docking Methods, Expanded Force      #
# Field, and Python Bindings, J. Chem. Inf. Model. (2021)       #
# DOI 10.1021/acs.jcim.1c00203                                  #
#                                                               #
# O. Trott, A. J. Olson,                                        #
# AutoDock Vina: improving the speed and accuracy of docking    #
# with a new scoring function, efficient optimization and       #
# multithreading, J. Comp. Chem. (2010)                         #
# DOI 10.1002/jcc.21334                                         #
#                                                               #
# Please see https://github.com/ccsb-scripps/AutoDock-Vina for  #
# more information.                                             #
#################################################################

Scoring function : vina
Rigid receptor: output/workdir/PBP2a_3ZG0_clean.pdbqt
Ligand: output/workdir/AAB0016_active_c1_lig.pdbqt
Grid center: X 23.951 Y 27.871 Z 88.532
Grid size  : X 20 Y 20 Z 20
Grid space : 0.375
Exhaustiveness: 8
CPU: 0
Verbosity: 1

Computing Vina grid ... done.
Performing docking (random seed: 941721627) ... 
0%   10   20   30   40   50   60   70   80   90   100%
|----|----|----|----|----|----|----|----|----|----|
*************************************
2026-07-24 16:21:44 | WARNING  |   Vina returned exit code -15.
  stderr: WARNING: At low exhaustiveness, it may be impossible to utilize all CPUs.
  stdout: AutoDock Vina v1.2.7
#################################################################
# If you used AutoDock Vina in your work, please cite:          #
#                                                               #
# J. Eberhardt, D. Santos-Martins, A. F. Tillack, and S. Forli  #
# AutoDock Vina 1.2.0: New Docking Methods, Expanded Force      #
# Field, and Python Bindings, J. Chem. Inf. Model. (2021)       #
# DOI 10.1021/acs.jcim.1c00203                                  #
#                                                               #
# O. Trott, A. J. Olson,                                        #
# AutoDock Vina: improving the speed and accuracy of docking    #
# with a new scoring function, efficient optimization and       #
# multithreading, J. Comp. Chem. (2010)                         #
# DOI 10.1002/jcc.21334                                         #
#                                                               #
# Please see https://github.com/ccsb-scripps/AutoDock-Vina for  #
# more information.                                             #
#################################################################

Scoring function : vina
Rigid receptor: output/workdir/PBP2a_3ZG0_clean.pdbqt
Ligand: output/workdir/AAB0054_active_c1_lig.pdbqt
Grid center: X 23.951 Y 27.871 Z 88.532
Grid size  : X 20 Y 20 Z 20
Grid space : 0.375
Exhaustiveness: 8
CPU: 0
Verbosity: 1

Computing Vina grid ... done.
Performing docking (random seed: -1568623148) ... 
0%   10   20   30   40   50   60   70   80   90   100%
|----|----|----|----|----|----|----|----|----|----|
*********************
2026-07-24 16:21:44 | WARNING  |   Vina returned exit code -15.
  stderr: WARNING: At low exhaustiveness, it may be impossible to utilize all CPUs.
  stdout: AutoDock Vina v1.2.7
#################################################################
# If you used AutoDock Vina in your work, please cite:          #
#                                                               #
# J. Eberhardt, D. Santos-Martins, A. F. Tillack, and S. Forli  #
# AutoDock Vina 1.2.0: New Docking Methods, Expanded Force      #
# Field, and Python Bindings, J. Chem. Inf. Model. (2021)       #
# DOI 10.1021/acs.jcim.1c00203                                  #
#                                                               #
# O. Trott, A. J. Olson,                                        #
# AutoDock Vina: improving the speed and accuracy of docking    #
# with a new scoring function, efficient optimization and       #
# multithreading, J. Comp. Chem. (2010)                         #
# DOI 10.1002/jcc.21334                                         #
#                                                               #
# Please see https://github.com/ccsb-scripps/AutoDock-Vina for  #
# more information.                                             #
#################################################################

Scoring function : vina
Rigid receptor: output/workdir/PBP2a_3ZG0_clean.pdbqt
Ligand: output/workdir/AAB0005_active_c1_lig.pdbqt
Grid center: X 23.951 Y 27.871 Z 88.532
Grid size  : X 20 Y 20 Z 20
Grid space : 0.375
Exhaustiveness: 8
CPU: 0
Verbosity: 1

Computing Vina grid ... done.
Performing docking (random seed: -405491473) ... 
0%   10   20   30   40   50   60   70   80   90   100%
|----|----|----|----|----|----|----|----|----|----|
**************************************************
2026-07-24 16:21:44 | WARNING  |   Vina returned exit code -15.
  stderr: WARNING: At low exhaustiveness, it may be impossible to utilize all CPUs.
  stdout: AutoDock Vina v1.2.7
#################################################################
# If you used AutoDock Vina in your work, please cite:          #
#                                                               #
# J. Eberhardt, D. Santos-Martins, A. F. Tillack, and S. Forli  #
# AutoDock Vina 1.2.0: New Docking Methods, Expanded Force      #
# Field, and Python Bindings, J. Chem. Inf. Model. (2021)       #
# DOI 10.1021/acs.jcim.1c00203                                  #
#                                                               #
# O. Trott, A. J. Olson,                                        #
# AutoDock Vina: improving the speed and accuracy of docking    #
# with a new scoring function, efficient optimization and       #
# multithreading, J. Comp. Chem. (2010)                         #
# DOI 10.1002/jcc.21334                                         #
#                                                               #
# Please see https://github.com/ccsb-scripps/AutoDock-Vina for  #
# more information.                                             #
#################################################################

Scoring function : vina
Rigid receptor: output/workdir/PBP2a_3ZG0_clean.pdbqt
Ligand: output/workdir/AAB0042_active_c1_lig.pdbqt
Grid center: X 23.951 Y 27.871 Z 88.532
Grid size  : X 20 Y 20 Z 20
Grid space : 0.375
Exhaustiveness: 8
CPU: 0
Verbosity: 1

Computing Vina grid ... done.
Performing docking (random seed: -11245053) ... 
0%   10   20   30   40   50   60   70   80   90   100%
|----|----|----|----|----|----|----|----|----|----|
****************************
2026-07-24 16:21:44 | WARNING  |   Vina returned exit code -15.
  stderr: 
  stdout: 
2026-07-24 16:21:44 | WARNING  |   Vina returned exit code -15.
  stderr: WARNING: At low exhaustiveness, it may be impossible to utilize all CPUs.
  stdout: AutoDock Vina v1.2.7
#################################################################
# If you used AutoDock Vina in your work, please cite:          #
#                                                               #
# J. Eberhardt, D. Santos-Martins, A. F. Tillack, and S. Forli  #
# AutoDock Vina 1.2.0: New Docking Methods, Expanded Force      #
# Field, and Python Bindings, J. Chem. Inf. Model. (2021)       #
# DOI 10.1021/acs.jcim.1c00203                                  #
#                                                               #
# O. Trott, A. J. Olson,                                        #
# AutoDock Vina: improving the speed and accuracy of docking    #
# with a new scoring function, efficient optimization and       #
# multithreading, J. Comp. Chem. (2010)                         #
# DOI 10.1002/jcc.21334                                         #
#                                                               #
# Please see https://github.com/ccsb-scripps/AutoDock-Vina for  #
# more information.                                             #
#################################################################

Scoring function : vina
Rigid receptor: output/workdir/PBP2a_3ZG0_clean.pdbqt
Ligand: output/workdir/AAB0053_active_c1_lig.pdbqt
Grid center: X 23.951 Y 27.871 Z 88.532
Grid size  : X 20 Y 20 Z 20
Grid space : 0.375
Exhaustiveness: 8
CPU: 0
Verbosity: 1

Computing Vina grid ... done.
Performing docking (random seed: 2104998191) ... 
0%   10   20   30   40   50   60   70   80   90   100%
|----|----|----|----|----|----|----|----|----|----|
*********************************
2026-07-24 16:21:44 | WARNING  |   Vina returned exit code -15.
  stderr: WARNING: At low exhaustiveness, it may be impossible to utilize all CPUs.
  stdout: AutoDock Vina v1.2.7
#################################################################
# If you used AutoDock Vina in your work, please cite:          #
#                                                               #
# J. Eberhardt, D. Santos-Martins, A. F. Tillack, and S. Forli  #
# AutoDock Vina 1.2.0: New Docking Methods, Expanded Force      #
# Field, and Python Bindings, J. Chem. Inf. Model. (2021)       #
# DOI 10.1021/acs.jcim.1c00203                                  #
#                                                               #
# O. Trott, A. J. Olson,                                        #
# AutoDock Vina: improving the speed and accuracy of docking    #
# with a new scoring function, efficient optimization and       #
# multithreading, J. Comp. Chem. (2010)                         #
# DOI 10.1002/jcc.21334                                         #
#                                                               #
# Please see https://github.com/ccsb-scripps/AutoDock-Vina for  #
# more information.                                             #
#################################################################

Scoring function : vina
Rigid receptor: output/workdir/PBP2a_3ZG0_clean.pdbqt
Ligand: output/workdir/AAB0038_active_c1_lig.pdbqt
Grid center: X 23.951 Y 27.871 Z 88.532
Grid size  : X 20 Y 20 Z 20
Grid space : 0.375
Exhaustiveness: 8
CPU: 0
Verbosity: 1

Computing Vina grid ... done.
Performing docking (random seed: -1606485407) ... 
0%   10   20   30   40   50   60   70   80   90   100%
|----|----|----|----|----|----|----|----|----|----|
*****************************
2026-07-24 16:21:44 | INFO     |     Docked 175 / 198 (active_c1)
2026-07-24 16:21:44 | WARNING  |   Vina returned exit code -15.
  stderr: WARNING: At low exhaustiveness, it may be impossible to utilize all CPUs.
  stdout: AutoDock Vina v1.2.7
#################################################################
# If you used AutoDock Vina in your work, please cite:          #
#                                                               #
# J. Eberhardt, D. Santos-Martins, A. F. Tillack, and S. Forli  #
# AutoDock Vina 1.2.0: New Docking Methods, Expanded Force      #
# Field, and Python Bindings, J. Chem. Inf. Model. (2021)       #
# DOI 10.1021/acs.jcim.1c00203                                  #
#                                                               #
# O. Trott, A. J. Olson,                                        #
# AutoDock Vina: improving the speed and accuracy of docking    #
# with a new scoring function, efficient optimization and       #
# multithreading, J. Comp. Chem. (2010)                         #
# DOI 10.1002/jcc.21334                                         #
#                                                               #
# Please see https://github.com/ccsb-scripps/AutoDock-Vina for  #
# more information.                                             #
#################################################################

Scoring function : vina
Rigid receptor: output/workdir/PBP2a_3ZG0_clean.pdbqt
Ligand: output/workdir/AAB0035_active_c1_lig.pdbqt
Grid center: X 23.951 Y 27.871 Z 88.532
Grid size  : X 20 Y 20 Z 20
Grid space : 0.375
Exhaustiveness: 8
CPU: 0
Verbosity: 1

Computing Vina grid ... done.
Performing docking (random seed: -1769380181) ... 
0%   10   20   30   40   50   60   70   80   90   100%
|----|----|----|----|----|----|----|----|----|----|
************************************
2026-07-24 16:21:44 | WARNING  |   Vina returned exit code -15.
  stderr: WARNING: At low exhaustiveness, it may be impossible to utilize all CPUs.
  stdout: AutoDock Vina v1.2.7
#################################################################
# If you used AutoDock Vina in your work, please cite:          #
#                                                               #
# J. Eberhardt, D. Santos-Martins, A. F. Tillack, and S. Forli  #
# AutoDock Vina 1.2.0: New Docking Methods, Expanded Force      #
# Field, and Python Bindings, J. Chem. Inf. Model. (2021)       #
# DOI 10.1021/acs.jcim.1c00203                                  #
#                                                               #
# O. Trott, A. J. Olson,                                        #
# AutoDock Vina: improving the speed and accuracy of docking    #
# with a new scoring function, efficient optimization and       #
# multithreading, J. Comp. Chem. (2010)                         #
# DOI 10.1002/jcc.21334                                         #
#                                                               #
# Please see https://github.com/ccsb-scripps/AutoDock-Vina for  #
# more information.                                             #
#################################################################

Scoring function : vina
Rigid receptor: output/workdir/PBP2a_3ZG0_clean.pdbqt
Ligand: output/workdir/AAB0050_active_c1_lig.pdbqt
Grid center: X 23.951 Y 27.871 Z 88.532
Grid size  : X 20 Y 20 Z 20
Grid space : 0.375
Exhaustiveness: 8
CPU: 0
Verbosity: 1

Computing Vina grid ... done.
Performing docking (random seed: -629116308) ... 
0%   10   20   30   40   50   60   70   80   90   100%
|----|----|----|----|----|----|----|----|----|----|
**************
2026-07-24 16:21:48 | INFO     | AutoAntibiotic Discovery Pipeline v5.1.0
2026-07-24 16:21:48 | INFO     | ─── Phase 0: Dependency Check ───
2026-07-24 16:21:48 | INFO     |   ✓  AutoDock Vina binary found on PATH (version: AutoDock Vina v1.2.7)
2026-07-24 16:21:48 | INFO     |   ✓  OpenBabel binary found on PATH (version: Open Babel 3.1.0 -- Feb 17 2026 -- 07:27:20
Usage:
obabel [-i<input-type>] <infilename> [-o<output-type>] -O<outfilename> [Options]
Try  -H option for more information.)
2026-07-24 16:21:48 | INFO     |   ✓  All required Python packages found.
2026-07-24 16:21:48 | INFO     | ─── Phase 1: Target Preparation & Centroid Calculation ───
2026-07-24 16:21:48 | INFO     |   NOTE: bundled tests/data/*.pdb files are minimal mock structures for offline CI runs — they are NOT real crystallographic models. Any redocking RMSD computed against them is non-physical and must not be interpreted as a protocol-quality metric.
2026-07-24 16:21:48 | INFO     |   Run mode (from config): science
2026-07-24 16:21:48 | INFO     |   Structure 3ZG0 already local: output/pdb/3ZG0.pdb
2026-07-24 16:21:48 | INFO     |   Structure 1VQQ already local: output/pdb/1VQQ.pdb
2026-07-24 16:21:48 | INFO     |   Structure 1UTN already local: output/pdb/1UTN.pdb
2026-07-24 16:21:48 | INFO     |   Structure 1YAH already local: output/pdb/1YAH.pdb
2026-07-24 16:21:48 | INFO     |   Structure 1VQQ already local: output/pdb/1VQQ.pdb
2026-07-24 16:21:48 | INFO     |   Structure 3ZG0 already local: output/pdb/3ZG0.pdb
2026-07-24 16:21:48 | INFO     |   Structure 4DKI already local: output/pdb/4DKI.pdb
2026-07-24 16:21:48 | INFO     | Science mode: real scientific validation expected.
2026-07-24 16:21:48 | INFO     |   Cleaning PBP2a (apo)…
2026-07-24 16:21:48 | INFO     |   Polar hydrogens added to output/workdir/PBP2a_clean.pdb
2026-07-24 16:22:53 | INFO     |   Receptor PDBQT written via obabel (-xr): output/workdir/PBP2a_clean.pdbqt
2026-07-24 16:22:53 | INFO     |   Cleaning PBP2a (holo, protein-only)…
2026-07-24 16:22:53 | WARNING  |   Could not read PDB via RDKit. Skipping hydrogen addition.
2026-07-24 16:22:53 | INFO     |   Receptor PDBQT written via obabel (-xr): output/workdir/PBP2a_holo_clean.pdbqt
2026-07-24 16:22:53 | WARNING  |   Could not read PDB via RDKit. Skipping hydrogen addition.
2026-07-24 16:22:54 | INFO     |   Receptor PDBQT written via obabel (-xr): output/workdir/PBP2a_3ZG0_clean.pdbqt
2026-07-24 16:22:54 | INFO     |   Added PBP2a conformer 3ZG0 receptor PDBQT: output/workdir/PBP2a_3ZG0_clean.pdbqt
2026-07-24 16:22:54 | INFO     |   Polar hydrogens added to output/workdir/PBP2a_4DKI_clean.pdb
2026-07-24 16:24:01 | INFO     |   Receptor PDBQT written via obabel (-xr): output/workdir/PBP2a_4DKI_clean.pdbqt
2026-07-24 16:24:01 | INFO     |   Added PBP2a conformer 4DKI receptor PDBQT: output/workdir/PBP2a_4DKI_clean.pdbqt
2026-07-24 16:24:01 | INFO     |   Computing active site centroid (conserved residues SER403, LYS406, TYR446) using side-chain atoms…
2026-07-24 16:24:01 | INFO     |     Active site center: [23.95072216 27.87146293 88.53164786]
2026-07-24 16:24:01 | INFO     |   Computing allosteric site centroid (TYR105, GLN199, GLU237) using side-chain atoms…
2026-07-24 16:24:01 | INFO     |     Allosteric site center: [24.97548178 30.9366667  28.8698331 ]
2026-07-24 16:24:01 | INFO     |   Cleaning Human Trypsin (1UTN)…
2026-07-24 16:24:01 | INFO     |   Polar hydrogens added to output/workdir/trypsin_clean.pdb
2026-07-24 16:24:01 | INFO     |   Receptor PDBQT written via obabel (-xr): output/workdir/trypsin_clean.pdbqt
2026-07-24 16:24:01 | INFO     |   Computing trypsin active site centroid (His57, Asp102, Ser195) using side-chain atoms…
2026-07-24 16:24:01 | INFO     |     Trypsin active site center: [22.54101663 14.86204433 22.53591386]
2026-07-24 16:24:01 | INFO     |   Cleaning Human Carboxylesterase 1 (1YAH)…
2026-07-24 16:24:02 | INFO     |   Polar hydrogens added to output/workdir/CES1_clean.pdb
2026-07-24 16:25:59 | INFO     |   Receptor PDBQT written via obabel (-xr): output/workdir/CES1_clean.pdbqt
2026-07-24 16:25:59 | INFO     |   Computing CES1 active site centroid (Ser221, His468, Glu354) using side-chain atoms…
2026-07-24 16:25:59 | INFO     |     CES1 active site center: [-7.13865188 43.85391877 37.96102563]
2026-07-24 16:25:59 | INFO     |   Grid config saved: output/workdir/grid_configs/grid_active.txt
2026-07-24 16:25:59 | INFO     | ─── Phase 1 complete ───
2026-07-24 16:25:59 | INFO     | ─── Phase 0: Redocking Validation ───
2026-07-24 16:25:59 | INFO     |   Native ligand (resname override 'AI8'): chain A, residue AI8
2026-07-24 16:25:59 | INFO     |   Native ligand SMILES: CCONC(C(O)N[C@H](CO)[C@@H]1NC(C(O)O)[C@@H](SC2NC(C3CCN(C)CC3)CS2)CS1)[C@@H]1NSC(N)N1
2026-07-24 16:26:00 | INFO     |   Native ligand PDBQT written to output/workdir/native_ligand.pdbqt
2026-07-24 16:26:00 | INFO     |   Redocking native ligand into PBP2a…
2026-07-24 16:26:00 | INFO     |   Redocking box: 18.7 x 29.1 x 21.4 Å (auto-sized from native ligand).
2026-07-24 16:27:33 | INFO     |   [Vina stdout, conformer 0 seed 1] AutoDock Vina v1.2.7
#################################################################
# If you used AutoDock Vina in your work, please cite:          #
#                                                               #
# J. Eberhardt, D. Santos-Martins, A. F. Tillack, and S. Forli  #
# AutoDock Vina 1.2.0: New Docking Methods, Expanded Force      #
# Field, and Python Bindings, J. Chem. Inf. Model. (2021)       #
# DOI 10.1021/acs.jcim.1c00203                                  #
#                                                               #
# O. Trott, A. J. Olson,                                        #
# AutoDock Vina: improving the speed and accuracy of docking    #
# with a new scoring function, efficient optimization and       #
# multithreading, J. Comp. Chem. (2010)                         #
# DOI 10.1002/jcc.21334                                         #
#                                                               #
# Please see https://github.com/ccsb-scripps/AutoDock-Vina for  #
# more information.                                             #
#################################################################

Scoring function : vina
Rigid receptor: output/workdir/PBP2a_clean.pdbqt
Ligand: output/workdir/native_ligand.pdbqt
Grid center: X 27.902 Y 29.847 Z 88.317
Grid size  : X 18.7 Y 29.1 Z 21.4
Grid space : 0.375
Exhaustiveness: 32
CPU: 0
Verbosity: 1

Computing Vina grid ... done.
Performing docking (random seed: 1) ... 
0%   10   20   30   40   50   60   70   80   90   100%
|----|----|----|----|----|----|----|----|----|----|
***************************************************

mode |   affinity | dist from best mode
     | (kcal/mol) | rmsd l.b.| rmsd u.b.
-----+------------+----------+----------
   1       -6.952          0          0
   2       -6.791      3.637      9.872
   3        -6.77      3.405      7.121
2026-07-24 16:27:34 | INFO     |   RMSD (Kabsch, 27 atoms) = 1.937 Å
2026-07-24 16:27:34 | INFO     |   Core RMSD (ring scaffold, 12 atoms) = 1.251 Å
2026-07-24 16:27:34 | INFO     |   Redocking RMSD (conformer 0, seed 1) = 1.937 Å (core 1.251 Å)
2026-07-24 16:29:02 | INFO     |   [Vina stdout, conformer 0 seed 2] AutoDock Vina v1.2.7
#################################################################
# If you used AutoDock Vina in your work, please cite:          #
#                                                               #
# J. Eberhardt, D. Santos-Martins, A. F. Tillack, and S. Forli  #
# AutoDock Vina 1.2.0: New Docking Methods, Expanded Force      #
# Field, and Python Bindings, J. Chem. Inf. Model. (2021)       #
# DOI 10.1021/acs.jcim.1c00203                                  #
#                                                               #
# O. Trott, A. J. Olson,                                        #
# AutoDock Vina: improving the speed and accuracy of docking    #
# with a new scoring function, efficient optimization and       #
# multithreading, J. Comp. Chem. (2010)                         #
# DOI 10.1002/jcc.21334                                         #
#                                                               #
# Please see https://github.com/ccsb-scripps/AutoDock-Vina for  #
# more information.                                             #
#################################################################

Scoring function : vina
Rigid receptor: output/workdir/PBP2a_clean.pdbqt
Ligand: output/workdir/native_ligand.pdbqt
Grid center: X 27.902 Y 29.847 Z 88.317
Grid size  : X 18.7 Y 29.1 Z 21.4
Grid space : 0.375
Exhaustiveness: 32
CPU: 0
Verbosity: 1

Computing Vina grid ... done.
Performing docking (random seed: 2) ... 
0%   10   20   30   40   50   60   70   80   90   100%
|----|----|----|----|----|----|----|----|----|----|
***************************************************

mode |   affinity | dist from best mode
     | (kcal/mol) | rmsd l.b.| rmsd u.b.
-----+------------+----------+----------
   1       -6.857          0          0
   2       -6.817      3.164      6.962
   3       -6.515      12.27      15.95
2026-07-24 16:29:02 | INFO     |   RMSD (Kabsch, 27 atoms) = 2.091 Å
2026-07-24 16:29:02 | INFO     |   Core RMSD (ring scaffold, 12 atoms) = 1.235 Å
2026-07-24 16:29:02 | INFO     |   Redocking RMSD (conformer 0, seed 2) = 2.091 Å (core 1.235 Å)
2026-07-24 16:30:32 | INFO     |   [Vina stdout, conformer 0 seed 3] AutoDock Vina v1.2.7
#################################################################
# If you used AutoDock Vina in your work, please cite:          #
#                                                               #
# J. Eberhardt, D. Santos-Martins, A. F. Tillack, and S. Forli  #
# AutoDock Vina 1.2.0: New Docking Methods, Expanded Force      #
# Field, and Python Bindings, J. Chem. Inf. Model. (2021)       #
# DOI 10.1021/acs.jcim.1c00203                                  #
#                                                               #
# O. Trott, A. J. Olson,                                        #
# AutoDock Vina: improving the speed and accuracy of docking    #
# with a new scoring function, efficient optimization and       #
# multithreading, J. Comp. Chem. (2010)                         #
# DOI 10.1002/jcc.21334                                         #
#                                                               #
# Please see https://github.com/ccsb-scripps/AutoDock-Vina for  #
# more information.                                             #
#################################################################

Scoring function : vina
Rigid receptor: output/workdir/PBP2a_clean.pdbqt
Ligand: output/workdir/native_ligand.pdbqt
Grid center: X 27.902 Y 29.847 Z 88.317
Grid size  : X 18.7 Y 29.1 Z 21.4
Grid space : 0.375
Exhaustiveness: 32
CPU: 0
Verbosity: 1

Computing Vina grid ... done.
Performing docking (random seed: 3) ... 
0%   10   20   30   40   50   60   70   80   90   100%
|----|----|----|----|----|----|----|----|----|----|
***************************************************

mode |   affinity | dist from best mode
     | (kcal/mol) | rmsd l.b.| rmsd u.b.
-----+------------+----------+----------
   1       -6.917          0          0
   2       -6.581      1.606      2.145
   3       -6.443      11.11      15.51
2026-07-24 16:30:32 | INFO     |   RMSD (Kabsch, 27 atoms) = 2.069 Å
2026-07-24 16:30:32 | INFO     |   Core RMSD (ring scaffold, 12 atoms) = 1.223 Å
2026-07-24 16:30:32 | INFO     |   Redocking RMSD (conformer 0, seed 3) = 2.069 Å (core 1.223 Å)
2026-07-24 16:30:32 | INFO     |   Multi-start RMSDs (conformer 0) = 1.937, 2.091, 2.069 Å; best = 1.937 Å
2026-07-24 16:32:30 | INFO     | AutoAntibiotic Discovery Pipeline v5.1.0
2026-07-24 16:32:30 | INFO     | ─── Phase 0: Dependency Check ───
2026-07-24 16:32:30 | INFO     |   ✓  AutoDock Vina binary found on PATH (version: AutoDock Vina v1.2.7)
2026-07-24 16:32:30 | INFO     |   ✓  OpenBabel binary found on PATH (version: Open Babel 3.1.0 -- Feb 17 2026 -- 07:27:20
Usage:
obabel [-i<input-type>] <infilename> [-o<output-type>] -O<outfilename> [Options]
Try  -H option for more information.)
2026-07-24 16:32:30 | INFO     |   ✓  All required Python packages found.
2026-07-24 16:32:30 | INFO     | ─── Phase 1: Target Preparation & Centroid Calculation ───
2026-07-24 16:32:30 | INFO     |   NOTE: bundled tests/data/*.pdb files are minimal mock structures for offline CI runs — they are NOT real crystallographic models. Any redocking RMSD computed against them is non-physical and must not be interpreted as a protocol-quality metric.
2026-07-24 16:32:30 | INFO     |   Run mode (from config): science
2026-07-24 16:32:30 | INFO     |   Structure 3ZG0 already local: output/pdb/3ZG0.pdb
2026-07-24 16:32:30 | INFO     |   Structure 1VQQ already local: output/pdb/1VQQ.pdb
2026-07-24 16:32:30 | INFO     |   Structure 1UTN already local: output/pdb/1UTN.pdb
2026-07-24 16:32:30 | INFO     |   Structure 1YAH already local: output/pdb/1YAH.pdb
2026-07-24 16:32:30 | INFO     |   Structure 1VQQ already local: output/pdb/1VQQ.pdb
2026-07-24 16:32:30 | INFO     |   Structure 3ZG0 already local: output/pdb/3ZG0.pdb
2026-07-24 16:32:30 | INFO     |   Structure 4DKI already local: output/pdb/4DKI.pdb
2026-07-24 16:32:30 | INFO     | Science mode: real scientific validation expected.
2026-07-24 16:32:30 | INFO     |   Cleaning PBP2a (apo)…
2026-07-24 16:32:30 | INFO     |   Polar hydrogens added to output/workdir/PBP2a_clean.pdb
2026-07-24 16:33:35 | INFO     |   Receptor PDBQT written via obabel (-xr): output/workdir/PBP2a_clean.pdbqt
2026-07-24 16:33:35 | INFO     |   Cleaning PBP2a (holo, protein-only)…
2026-07-24 16:33:35 | WARNING  |   Could not read PDB via RDKit. Skipping hydrogen addition.
2026-07-24 16:33:35 | INFO     |   Receptor PDBQT written via obabel (-xr): output/workdir/PBP2a_holo_clean.pdbqt
2026-07-24 16:33:35 | WARNING  |   Could not read PDB via RDKit. Skipping hydrogen addition.
2026-07-24 16:33:36 | INFO     |   Receptor PDBQT written via obabel (-xr): output/workdir/PBP2a_3ZG0_clean.pdbqt
2026-07-24 16:33:36 | INFO     |   Added PBP2a conformer 3ZG0 receptor PDBQT: output/workdir/PBP2a_3ZG0_clean.pdbqt
2026-07-24 16:33:36 | INFO     |   Polar hydrogens added to output/workdir/PBP2a_4DKI_clean.pdb
2026-07-24 16:34:42 | INFO     |   Receptor PDBQT written via obabel (-xr): output/workdir/PBP2a_4DKI_clean.pdbqt
2026-07-24 16:34:42 | INFO     |   Added PBP2a conformer 4DKI receptor PDBQT: output/workdir/PBP2a_4DKI_clean.pdbqt
2026-07-24 16:34:42 | INFO     |   Computing active site centroid (conserved residues SER403, LYS406, TYR446) using side-chain atoms…
2026-07-24 16:34:42 | INFO     |     Active site center: [23.95072216 27.87146293 88.53164786]
2026-07-24 16:34:42 | INFO     |   Computing allosteric site centroid (TYR105, GLN199, GLU237) using side-chain atoms…
2026-07-24 16:34:42 | INFO     |     Allosteric site center: [24.97548178 30.9366667  28.8698331 ]
2026-07-24 16:34:42 | INFO     |   Cleaning Human Trypsin (1UTN)…
2026-07-24 16:34:42 | INFO     |   Polar hydrogens added to output/workdir/trypsin_clean.pdb
2026-07-24 16:34:43 | INFO     |   Receptor PDBQT written via obabel (-xr): output/workdir/trypsin_clean.pdbqt
2026-07-24 16:34:43 | INFO     |   Computing trypsin active site centroid (His57, Asp102, Ser195) using side-chain atoms…
2026-07-24 16:34:43 | INFO     |     Trypsin active site center: [22.54101663 14.86204433 22.53591386]
2026-07-24 16:34:43 | INFO     |   Cleaning Human Carboxylesterase 1 (1YAH)…
2026-07-24 16:34:43 | INFO     |   Polar hydrogens added to output/workdir/CES1_clean.pdb
2026-07-24 16:36:41 | INFO     |   Receptor PDBQT written via obabel (-xr): output/workdir/CES1_clean.pdbqt
2026-07-24 16:36:41 | INFO     |   Computing CES1 active site centroid (Ser221, His468, Glu354) using side-chain atoms…
2026-07-24 16:36:41 | INFO     |     CES1 active site center: [-7.13865188 43.85391877 37.96102563]
2026-07-24 16:36:41 | INFO     |   Grid config saved: output/workdir/grid_configs/grid_active.txt
2026-07-24 16:36:41 | INFO     | ─── Phase 1 complete ───
2026-07-24 16:36:41 | INFO     | ─── Phase 0: Redocking Validation ───
2026-07-24 16:36:41 | INFO     |   Native ligand (resname override 'AI8'): chain A, residue AI8
2026-07-24 16:36:41 | INFO     |   Native ligand SMILES: CCONC(C(O)N[C@H](CO)[C@@H]1NC(C(O)O)[C@@H](SC2NC(C3CCN(C)CC3)CS2)CS1)[C@@H]1NSC(N)N1
2026-07-24 16:36:41 | INFO     |   Native ligand PDBQT written to output/workdir/native_ligand.pdbqt
2026-07-24 16:36:42 | INFO     |   Redocking native ligand into PBP2a…
2026-07-24 16:36:42 | INFO     |   Redocking box: 18.7 x 29.1 x 21.4 Å (auto-sized from native ligand).
2026-07-24 16:38:13 | INFO     |   [Vina stdout, conformer 0 seed 1] AutoDock Vina v1.2.7
#################################################################
# If you used AutoDock Vina in your work, please cite:          #
#                                                               #
# J. Eberhardt, D. Santos-Martins, A. F. Tillack, and S. Forli  #
# AutoDock Vina 1.2.0: New Docking Methods, Expanded Force      #
# Field, and Python Bindings, J. Chem. Inf. Model. (2021)       #
# DOI 10.1021/acs.jcim.1c00203                                  #
#                                                               #
# O. Trott, A. J. Olson,                                        #
# AutoDock Vina: improving the speed and accuracy of docking    #
# with a new scoring function, efficient optimization and       #
# multithreading, J. Comp. Chem. (2010)                         #
# DOI 10.1002/jcc.21334                                         #
#                                                               #
# Please see https://github.com/ccsb-scripps/AutoDock-Vina for  #
# more information.                                             #
#################################################################

Scoring function : vina
Rigid receptor: output/workdir/PBP2a_clean.pdbqt
Ligand: output/workdir/native_ligand.pdbqt
Grid center: X 27.902 Y 29.847 Z 88.317
Grid size  : X 18.7 Y 29.1 Z 21.4
Grid space : 0.375
Exhaustiveness: 32
CPU: 0
Verbosity: 1

Computing Vina grid ... done.
Performing docking (random seed: 1) ... 
0%   10   20   30   40   50   60   70   80   90   100%
|----|----|----|----|----|----|----|----|----|----|
***************************************************

mode |   affinity | dist from best mode
     | (kcal/mol) | rmsd l.b.| rmsd u.b.
-----+------------+----------+----------
   1       -6.952          0          0
   2       -6.791      3.637      9.872
   3        -6.77      3.405      7.121
2026-07-24 16:38:14 | INFO     |   RMSD (Kabsch, 27 atoms) = 1.937 Å
2026-07-24 16:38:14 | INFO     |   Core RMSD (ring scaffold, 12 atoms) = 1.251 Å
2026-07-24 16:38:14 | INFO     |   Redocking RMSD (conformer 0, seed 1) = 1.937 Å (core 1.251 Å)
2026-07-24 16:39:38 | INFO     |   [Vina stdout, conformer 0 seed 2] AutoDock Vina v1.2.7
#################################################################
# If you used AutoDock Vina in your work, please cite:          #
#                                                               #
# J. Eberhardt, D. Santos-Martins, A. F. Tillack, and S. Forli  #
# AutoDock Vina 1.2.0: New Docking Methods, Expanded Force      #
# Field, and Python Bindings, J. Chem. Inf. Model. (2021)       #
# DOI 10.1021/acs.jcim.1c00203                                  #
#                                                               #
# O. Trott, A. J. Olson,                                        #
# AutoDock Vina: improving the speed and accuracy of docking    #
# with a new scoring function, efficient optimization and       #
# multithreading, J. Comp. Chem. (2010)                         #
# DOI 10.1002/jcc.21334                                         #
#                                                               #
# Please see https://github.com/ccsb-scripps/AutoDock-Vina for  #
# more information.                                             #
#################################################################

Scoring function : vina
Rigid receptor: output/workdir/PBP2a_clean.pdbqt
Ligand: output/workdir/native_ligand.pdbqt
Grid center: X 27.902 Y 29.847 Z 88.317
Grid size  : X 18.7 Y 29.1 Z 21.4
Grid space : 0.375
Exhaustiveness: 32
CPU: 0
Verbosity: 1

Computing Vina grid ... done.
Performing docking (random seed: 2) ... 
0%   10   20   30   40   50   60   70   80   90   100%
|----|----|----|----|----|----|----|----|----|----|
***************************************************

mode |   affinity | dist from best mode
     | (kcal/mol) | rmsd l.b.| rmsd u.b.
-----+------------+----------+----------
   1       -6.857          0          0
   2       -6.817      3.164      6.962
   3       -6.515      12.27      15.95
2026-07-24 16:39:38 | INFO     |   RMSD (Kabsch, 27 atoms) = 2.091 Å
2026-07-24 16:39:38 | INFO     |   Core RMSD (ring scaffold, 12 atoms) = 1.235 Å
2026-07-24 16:39:38 | INFO     |   Redocking RMSD (conformer 0, seed 2) = 2.091 Å (core 1.235 Å)
2026-07-24 16:41:02 | INFO     |   [Vina stdout, conformer 0 seed 3] AutoDock Vina v1.2.7
#################################################################
# If you used AutoDock Vina in your work, please cite:          #
#                                                               #
# J. Eberhardt, D. Santos-Martins, A. F. Tillack, and S. Forli  #
# AutoDock Vina 1.2.0: New Docking Methods, Expanded Force      #
# Field, and Python Bindings, J. Chem. Inf. Model. (2021)       #
# DOI 10.1021/acs.jcim.1c00203                                  #
#                                                               #
# O. Trott, A. J. Olson,                                        #
# AutoDock Vina: improving the speed and accuracy of docking    #
# with a new scoring function, efficient optimization and       #
# multithreading, J. Comp. Chem. (2010)                         #
# DOI 10.1002/jcc.21334                                         #
#                                                               #
# Please see https://github.com/ccsb-scripps/AutoDock-Vina for  #
# more information.                                             #
#################################################################

Scoring function : vina
Rigid receptor: output/workdir/PBP2a_clean.pdbqt
Ligand: output/workdir/native_ligand.pdbqt
Grid center: X 27.902 Y 29.847 Z 88.317
Grid size  : X 18.7 Y 29.1 Z 21.4
Grid space : 0.375
Exhaustiveness: 32
CPU: 0
Verbosity: 1

Computing Vina grid ... done.
Performing docking (random seed: 3) ... 
0%   10   20   30   40   50   60   70   80   90   100%
|----|----|----|----|----|----|----|----|----|----|
***************************************************

mode |   affinity | dist from best mode
     | (kcal/mol) | rmsd l.b.| rmsd u.b.
-----+------------+----------+----------
   1       -6.917          0          0
   2       -6.581      1.606      2.145
   3       -6.443      11.11      15.51
2026-07-24 16:41:02 | INFO     |   RMSD (Kabsch, 27 atoms) = 2.069 Å
2026-07-24 16:41:02 | INFO     |   Core RMSD (ring scaffold, 12 atoms) = 1.223 Å
2026-07-24 16:41:02 | INFO     |   Redocking RMSD (conformer 0, seed 3) = 2.069 Å (core 1.223 Å)
2026-07-24 16:41:02 | INFO     |   Multi-start RMSDs (conformer 0) = 1.937, 2.091, 2.069 Å; best = 1.937 Å
2026-07-24 16:42:25 | INFO     |   [Vina stdout, conformer 1 seed 1] AutoDock Vina v1.2.7
#################################################################
# If you used AutoDock Vina in your work, please cite:          #
#                                                               #
# J. Eberhardt, D. Santos-Martins, A. F. Tillack, and S. Forli  #
# AutoDock Vina 1.2.0: New Docking Methods, Expanded Force      #
# Field, and Python Bindings, J. Chem. Inf. Model. (2021)       #
# DOI 10.1021/acs.jcim.1c00203                                  #
#                                                               #
# O. Trott, A. J. Olson,                                        #
# AutoDock Vina: improving the speed and accuracy of docking    #
# with a new scoring function, efficient optimization and       #
# multithreading, J. Comp. Chem. (2010)                         #
# DOI 10.1002/jcc.21334                                         #
#                                                               #
# Please see https://github.com/ccsb-scripps/AutoDock-Vina for  #
# more information.                                             #
#################################################################

Scoring function : vina
Rigid receptor: output/workdir/PBP2a_3ZG0_clean.pdbqt
Ligand: output/workdir/native_ligand.pdbqt
Grid center: X 27.902 Y 29.847 Z 88.317
Grid size  : X 18.7 Y 29.1 Z 21.4
Grid space : 0.375
Exhaustiveness: 32
CPU: 0
Verbosity: 1

Computing Vina grid ... done.
Performing docking (random seed: 1) ... 
0%   10   20   30   40   50   60   70   80   90   100%
|----|----|----|----|----|----|----|----|----|----|
***************************************************

mode |   affinity | dist from best mode
     | (kcal/mol) | rmsd l.b.| rmsd u.b.
-----+------------+----------+----------
   1       -6.699          0          0
   2       -6.482      1.962      2.954
   3       -6.448       3.17       12.5
2026-07-24 16:42:25 | INFO     |   RMSD (Kabsch, 27 atoms) = 2.071 Å
2026-07-24 16:42:25 | INFO     |   Core RMSD (ring scaffold, 12 atoms) = 1.114 Å
2026-07-24 16:42:25 | INFO     |   Redocking RMSD (conformer 1, seed 1) = 2.071 Å (core 1.114 Å)
2026-07-24 16:43:44 | INFO     |   [Vina stdout, conformer 1 seed 2] AutoDock Vina v1.2.7
#################################################################
# If you used AutoDock Vina in your work, please cite:          #
#                                                               #
# J. Eberhardt, D. Santos-Martins, A. F. Tillack, and S. Forli  #
# AutoDock Vina 1.2.0: New Docking Methods, Expanded Force      #
# Field, and Python Bindings, J. Chem. Inf. Model. (2021)       #
# DOI 10.1021/acs.jcim.1c00203                                  #
#                                                               #
# O. Trott, A. J. Olson,                                        #
# AutoDock Vina: improving the speed and accuracy of docking    #
# with a new scoring function, efficient optimization and       #
# multithreading, J. Comp. Chem. (2010)                         #
# DOI 10.1002/jcc.21334                                         #
#                                                               #
# Please see https://github.com/ccsb-scripps/AutoDock-Vina for  #
# more information.                                             #
#################################################################

Scoring function : vina
Rigid receptor: output/workdir/PBP2a_3ZG0_clean.pdbqt
Ligand: output/workdir/native_ligand.pdbqt
Grid center: X 27.902 Y 29.847 Z 88.317
Grid size  : X 18.7 Y 29.1 Z 21.4
Grid space : 0.375
Exhaustiveness: 32
CPU: 0
Verbosity: 1

Computing Vina grid ... done.
Performing docking (random seed: 2) ... 
0%   10   20   30   40   50   60   70   80   90   100%
|----|----|----|----|----|----|----|----|----|----|
***************************************************

mode |   affinity | dist from best mode
     | (kcal/mol) | rmsd l.b.| rmsd u.b.
-----+------------+----------+----------
   1       -6.832          0          0
   2         -6.6      3.476      12.54
   3       -6.597      3.647      7.467
2026-07-24 16:43:45 | INFO     |   RMSD (Kabsch, 27 atoms) = 2.146 Å
2026-07-24 16:43:45 | INFO     |   Core RMSD (ring scaffold, 12 atoms) = 1.215 Å
2026-07-24 16:43:45 | INFO     |   Redocking RMSD (conformer 1, seed 2) = 2.146 Å (core 1.215 Å)
2026-07-24 16:45:05 | INFO     |   [Vina stdout, conformer 1 seed 3] AutoDock Vina v1.2.7
#################################################################
# If you used AutoDock Vina in your work, please cite:          #
#                                                               #
# J. Eberhardt, D. Santos-Martins, A. F. Tillack, and S. Forli  #
# AutoDock Vina 1.2.0: New Docking Methods, Expanded Force      #
# Field, and Python Bindings, J. Chem. Inf. Model. (2021)       #
# DOI 10.1021/acs.jcim.1c00203                                  #
#                                                               #
# O. Trott, A. J. Olson,                                        #
# AutoDock Vina: improving the speed and accuracy of docking    #
# with a new scoring function, efficient optimization and       #
# multithreading, J. Comp. Chem. (2010)                         #
# DOI 10.1002/jcc.21334                                         #
#                                                               #
# Please see https://github.com/ccsb-scripps/AutoDock-Vina for  #
# more information.                                             #
#################################################################

Scoring function : vina
Rigid receptor: output/workdir/PBP2a_3ZG0_clean.pdbqt
Ligand: output/workdir/native_ligand.pdbqt
Grid center: X 27.902 Y 29.847 Z 88.317
Grid size  : X 18.7 Y 29.1 Z 21.4
Grid space : 0.375
Exhaustiveness: 32
CPU: 0
Verbosity: 1

Computing Vina grid ... done.
Performing docking (random seed: 3) ... 
0%   10   20   30   40   50   60   70   80   90   100%
|----|----|----|----|----|----|----|----|----|----|
***************************************************

mode |   affinity | dist from best mode
     | (kcal/mol) | rmsd l.b.| rmsd u.b.
-----+------------+----------+----------
   1        -6.83          0          0
   2       -6.593      3.473      12.56
   3       -6.506      4.095      9.202
2026-07-24 16:45:06 | INFO     |   RMSD (Kabsch, 27 atoms) = 2.119 Å
2026-07-24 16:45:06 | INFO     |   Core RMSD (ring scaffold, 12 atoms) = 1.187 Å
2026-07-24 16:45:06 | INFO     |   Redocking RMSD (conformer 1, seed 3) = 2.119 Å (core 1.187 Å)
2026-07-24 16:45:06 | INFO     |   Multi-start RMSDs (conformer 1) = 2.071, 2.146, 2.119 Å; best = 2.071 Å
2026-07-24 16:46:24 | INFO     |   [Vina stdout, conformer 2 seed 1] AutoDock Vina v1.2.7
#################################################################
# If you used AutoDock Vina in your work, please cite:          #
#                                                               #
# J. Eberhardt, D. Santos-Martins, A. F. Tillack, and S. Forli  #
# AutoDock Vina 1.2.0: New Docking Methods, Expanded Force      #
# Field, and Python Bindings, J. Chem. Inf. Model. (2021)       #
# DOI 10.1021/acs.jcim.1c00203                                  #
#                                                               #
# O. Trott, A. J. Olson,                                        #
# AutoDock Vina: improving the speed and accuracy of docking    #
# with a new scoring function, efficient optimization and       #
# multithreading, J. Comp. Chem. (2010)                         #
# DOI 10.1002/jcc.21334                                         #
#                                                               #
# Please see https://github.com/ccsb-scripps/AutoDock-Vina for  #
# more information.                                             #
#################################################################

Scoring function : vina
Rigid receptor: output/workdir/PBP2a_4DKI_clean.pdbqt
Ligand: output/workdir/native_ligand.pdbqt
Grid center: X 27.902 Y 29.847 Z 88.317
Grid size  : X 18.7 Y 29.1 Z 21.4
Grid space : 0.375
Exhaustiveness: 32
CPU: 0
Verbosity: 1

Computing Vina grid ... done.
Performing docking (random seed: 1) ... 
0%   10   20   30   40   50   60   70   80   90   100%
|----|----|----|----|----|----|----|----|----|----|
***************************************************

mode |   affinity | dist from best mode
     | (kcal/mol) | rmsd l.b.| rmsd u.b.
-----+------------+----------+----------
   1       -7.884          0          0
   2       -7.843      2.742      4.296
   3       -7.709      2.962      6.506
2026-07-24 16:46:24 | INFO     |   RMSD (Kabsch, 27 atoms) = 2.795 Å
2026-07-24 16:46:24 | INFO     |   Core RMSD (ring scaffold, 12 atoms) = 1.154 Å
2026-07-24 16:46:24 | INFO     |   Redocking RMSD (conformer 2, seed 1) = 2.795 Å (core 1.154 Å)
2026-07-24 16:47:39 | INFO     |   [Vina stdout, conformer 2 seed 2] AutoDock Vina v1.2.7
#################################################################
# If you used AutoDock Vina in your work, please cite:          #
#                                                               #
# J. Eberhardt, D. Santos-Martins, A. F. Tillack, and S. Forli  #
# AutoDock Vina 1.2.0: New Docking Methods, Expanded Force      #
# Field, and Python Bindings, J. Chem. Inf. Model. (2021)       #
# DOI 10.1021/acs.jcim.1c00203                                  #
#                                                               #
# O. Trott, A. J. Olson,                                        #
# AutoDock Vina: improving the speed and accuracy of docking    #
# with a new scoring function, efficient optimization and       #
# multithreading, J. Comp. Chem. (2010)                         #
# DOI 10.1002/jcc.21334                                         #
#                                                               #
# Please see https://github.com/ccsb-scripps/AutoDock-Vina for  #
# more information.                                             #
#################################################################

Scoring function : vina
Rigid receptor: output/workdir/PBP2a_4DKI_clean.pdbqt
Ligand: output/workdir/native_ligand.pdbqt
Grid center: X 27.902 Y 29.847 Z 88.317
Grid size  : X 18.7 Y 29.1 Z 21.4
Grid space : 0.375
Exhaustiveness: 32
CPU: 0
Verbosity: 1

Computing Vina grid ... done.
Performing docking (random seed: 2) ... 
0%   10   20   30   40   50   60   70   80   90   100%
|----|----|----|----|----|----|----|----|----|----|
***************************************************

mode |   affinity | dist from best mode
     | (kcal/mol) | rmsd l.b.| rmsd u.b.
-----+------------+----------+----------
   1       -7.832          0          0
   2       -7.691       3.28      9.288
   3       -7.665      2.342      3.761
2026-07-24 16:47:40 | INFO     |   RMSD (Kabsch, 27 atoms) = 2.838 Å
2026-07-24 16:47:40 | INFO     |   Core RMSD (ring scaffold, 12 atoms) = 1.158 Å
2026-07-24 16:47:40 | INFO     |   Redocking RMSD (conformer 2, seed 2) = 2.838 Å (core 1.158 Å)
2026-07-24 16:48:55 | INFO     |   [Vina stdout, conformer 2 seed 3] AutoDock Vina v1.2.7
#################################################################
# If you used AutoDock Vina in your work, please cite:          #
#                                                               #
# J. Eberhardt, D. Santos-Martins, A. F. Tillack, and S. Forli  #
# AutoDock Vina 1.2.0: New Docking Methods, Expanded Force      #
# Field, and Python Bindings, J. Chem. Inf. Model. (2021)       #
# DOI 10.1021/acs.jcim.1c00203                                  #
#                                                               #
# O. Trott, A. J. Olson,                                        #
# AutoDock Vina: improving the speed and accuracy of docking    #
# with a new scoring function, efficient optimization and       #
# multithreading, J. Comp. Chem. (2010)                         #
# DOI 10.1002/jcc.21334                                         #
#                                                               #
# Please see https://github.com/ccsb-scripps/AutoDock-Vina for  #
# more information.                                             #
#################################################################

Scoring function : vina
Rigid receptor: output/workdir/PBP2a_4DKI_clean.pdbqt
Ligand: output/workdir/native_ligand.pdbqt
Grid center: X 27.902 Y 29.847 Z 88.317
Grid size  : X 18.7 Y 29.1 Z 21.4
Grid space : 0.375
Exhaustiveness: 32
CPU: 0
Verbosity: 1

Computing Vina grid ... done.
Performing docking (random seed: 3) ... 
0%   10   20   30   40   50   60   70   80   90   100%
|----|----|----|----|----|----|----|----|----|----|
***************************************************

mode |   affinity | dist from best mode
     | (kcal/mol) | rmsd l.b.| rmsd u.b.
-----+------------+----------+----------
   1       -7.692          0          0
   2       -7.616      2.931      6.421
   3       -7.436       3.21      6.719
2026-07-24 16:48:55 | INFO     |   RMSD (Kabsch, 27 atoms) = 2.843 Å
2026-07-24 16:48:55 | INFO     |   Core RMSD (ring scaffold, 12 atoms) = 1.157 Å
2026-07-24 16:48:55 | INFO     |   Redocking RMSD (conformer 2, seed 3) = 2.843 Å (core 1.157 Å)
2026-07-24 16:48:55 | INFO     |   Multi-start RMSDs (conformer 2) = 2.795, 2.838, 2.843 Å; best = 2.795 Å
2026-07-24 16:48:55 | INFO     |   Best (consensus) Redocking RMSD = 1.937 Å (full-ligand); core (active-site scaffold) = 1.251 Å
2026-07-24 16:48:55 | INFO     |   ✓  Redocking validated (core RMSD = 1.251 Å ≤ 2.0 Å).
2026-07-24 16:48:55 | INFO     |   Validation results written: output/workdir/validation_results.json
2026-07-24 16:48:55 | INFO     |   Release status written: /Users/tom/Documents/apps/AutoAntibiotic/status.json
2026-07-24 16:48:55 | INFO     |   ✓  Enrichment validation: AUC=0.792, EF_1%=19.25
2026-07-24 16:48:55 | INFO     | ─── Phase 0.5 complete ───
2026-07-24 16:48:55 | INFO     | ─── Phase 2: Library Generation ───
2026-07-24 16:48:55 | INFO     |   Loading external compound library from CSV: data/screen_library_final.csv
2026-07-24 16:48:55 | INFO     |   Loaded 244 compounds from external CSV.
2026-07-24 16:48:56 | INFO     | ─── Phase 2: Filtering ───
2026-07-24 16:48:56 | INFO     |   Structural exclusion (β-lactam): 0 removed.
2026-07-24 16:48:56 | INFO     |   Similarity filter (Tc < 0.3): 1 removed.
2026-07-24 16:48:56 | INFO     |   ADMET filter (Lipinski + QED > 0.5): 30 removed.
2026-07-24 16:48:56 | INFO     |   PAINS filter: 2 removed.
2026-07-24 16:48:56 | INFO     |   Brenk alerts: 13 removed.
2026-07-24 16:48:56 | INFO     |   Passed filters: 198 compounds.
2026-07-24 16:48:56 | INFO     | ─── Phase 2 complete ───
2026-07-24 16:48:56 | INFO     | ─── Phase 3: Virtual Screening ───
2026-07-24 16:48:56 | INFO     |   Docking all 198 compounds against PBP2a active site (3 conformers)…
2026-07-24 16:49:47 | INFO     |     Docked 25 / 198 (active_c0)
2026-07-24 16:50:37 | INFO     |     Docked 50 / 198 (active_c0)
2026-07-24 16:51:24 | INFO     |     Docked 75 / 198 (active_c0)
2026-07-24 16:52:33 | INFO     |     Docked 100 / 198 (active_c0)
2026-07-24 16:53:24 | INFO     |     Docked 125 / 198 (active_c0)
2026-07-24 16:54:28 | INFO     |     Docked 150 / 198 (active_c0)
2026-07-24 16:55:56 | INFO     |     Docked 175 / 198 (active_c0)
2026-07-24 16:57:38 | INFO     |     Docked 25 / 198 (active_c1)
2026-07-24 16:58:18 | INFO     |     Docked 50 / 198 (active_c1)
2026-07-24 16:59:07 | INFO     |     Docked 75 / 198 (active_c1)
2026-07-24 17:00:06 | INFO     |     Docked 100 / 198 (active_c1)
2026-07-24 17:00:56 | INFO     |     Docked 125 / 198 (active_c1)
2026-07-24 17:01:47 | INFO     |     Docked 150 / 198 (active_c1)
2026-07-24 17:02:56 | INFO     |     Docked 175 / 198 (active_c1)
2026-07-24 17:04:38 | INFO     |     Docked 25 / 198 (active_c2)
2026-07-24 17:05:22 | INFO     |     Docked 50 / 198 (active_c2)
2026-07-24 17:06:07 | INFO     |     Docked 75 / 198 (active_c2)
2026-07-24 17:07:10 | INFO     |     Docked 100 / 198 (active_c2)
2026-07-24 17:07:56 | INFO     |     Docked 125 / 198 (active_c2)
2026-07-24 17:08:46 | INFO     |     Docked 150 / 198 (active_c2)
2026-07-24 17:09:55 | INFO     |     Docked 175 / 198 (active_c2)
2026-07-24 17:10:50 | INFO     |   Active-site docking complete: 198/198 scored.
2026-07-24 17:11:40 | INFO     |   Pharmacophore pre-filter removed 0 surface-binder compounds.
2026-07-24 17:11:40 | INFO     |   Docking all 198 compounds against PBP2a allosteric site (3 conformers)…
2026-07-24 17:12:35 | INFO     |     Docked 25 / 198 (allosteric_c0)
2026-07-24 17:13:18 | INFO     |     Docked 50 / 198 (allosteric_c0)
2026-07-24 17:14:08 | INFO     |     Docked 75 / 198 (allosteric_c0)
2026-07-24 17:15:17 | INFO     |     Docked 100 / 198 (allosteric_c0)
2026-07-24 17:16:07 | INFO     |     Docked 125 / 198 (allosteric_c0)
2026-07-24 17:17:09 | INFO     |     Docked 150 / 198 (allosteric_c0)
2026-07-24 17:18:26 | INFO     |     Docked 175 / 198 (allosteric_c0)
2026-07-24 17:20:18 | INFO     |     Docked 25 / 198 (allosteric_c1)
2026-07-24 17:21:01 | INFO     |     Docked 50 / 198 (allosteric_c1)
2026-07-24 17:21:57 | INFO     |     Docked 75 / 198 (allosteric_c1)
2026-07-24 17:23:05 | INFO     |     Docked 100 / 198 (allosteric_c1)
2026-07-24 17:23:58 | INFO     |     Docked 125 / 198 (allosteric_c1)
2026-07-24 17:25:00 | INFO     |     Docked 150 / 198 (allosteric_c1)
2026-07-24 17:26:19 | INFO     |     Docked 175 / 198 (allosteric_c1)
2026-07-24 17:28:22 | INFO     |     Docked 25 / 198 (allosteric_c2)
2026-07-24 17:29:09 | INFO     |     Docked 50 / 198 (allosteric_c2)
2026-07-24 17:30:07 | INFO     |     Docked 75 / 198 (allosteric_c2)
2026-07-24 17:31:18 | INFO     |     Docked 100 / 198 (allosteric_c2)
2026-07-24 17:32:12 | INFO     |     Docked 125 / 198 (allosteric_c2)
2026-07-24 17:33:19 | INFO     |     Docked 150 / 198 (allosteric_c2)
2026-07-24 17:34:42 | INFO     |     Docked 175 / 198 (allosteric_c2)
2026-07-24 17:35:49 | INFO     |   Allosteric-site docking complete: 198/198 scored.
2026-07-24 17:35:49 | INFO     |   Top 20 candidates by best energy.
2026-07-24 17:35:49 | INFO     |     1. ALL_QU04: -10.05 kcal/mol (active: -10.05)
2026-07-24 17:35:49 | INFO     |     2. ALL_SU08: -9.96 kcal/mol (active: -9.96)
2026-07-24 17:35:49 | INFO     |     3. ALL_SU14: -9.88 kcal/mol (active: -9.88)
2026-07-24 17:35:49 | INFO     |     4. ALL_QU09: -9.75 kcal/mol (active: -9.75)
2026-07-24 17:35:49 | INFO     |     5. ALL_QU05: -9.75 kcal/mol (active: -9.75)
2026-07-24 17:35:49 | INFO     |     6. ALL_SP03: -9.49 kcal/mol (active: -9.49)
2026-07-24 17:35:49 | INFO     |     7. ALL_SU15: -9.45 kcal/mol (active: -9.45)
2026-07-24 17:35:49 | INFO     |     8. ALL_SU03: -9.44 kcal/mol (active: -9.44)
2026-07-24 17:35:49 | INFO     |     9. ALL_TE07: -9.41 kcal/mol (active: -9.41)
2026-07-24 17:35:49 | INFO     |     10. ALL_SU04: -9.35 kcal/mol (active: -9.35)
2026-07-24 17:35:49 | INFO     | ─── Phase 3 complete ───
2026-07-24 17:35:49 | INFO     | ─── Phase 4: Selectivity & Resistance Analysis ───
2026-07-24 17:35:49 | INFO     |   Docking top 10 vs Human Trypsin (1UTN)…
2026-07-24 17:36:39 | INFO     |   Docking top 10 vs Human Carboxylesterase 1 (1YAH)…
2026-07-24 17:37:34 | INFO     |   ALL_QU04: mechanism-restricted SI = 1.52 (pass).
2026-07-24 17:37:34 | WARNING  |   ALL_SU08: Low mechanism-restricted selectivity (SI = 1.40 < 1.5). Flagged for off-target risk.
2026-07-24 17:37:34 | INFO     |   ALL_SU14: mechanism-restricted SI = 1.58 (pass).
2026-07-24 17:37:34 | INFO     |   ALL_QU05: mechanism-restricted SI = 2.06 (pass).
2026-07-24 17:37:34 | WARNING  |   ALL_SP03: Low mechanism-restricted selectivity (SI = 1.47 < 1.5). Flagged for off-target risk.
2026-07-24 17:37:34 | INFO     |   ALL_SU15: mechanism-restricted SI = 1.56 (pass).
2026-07-24 17:37:34 | WARNING  |   ALL_SU03: Low mechanism-restricted selectivity (SI = 1.24 < 1.5). Flagged for off-target risk.
2026-07-24 17:37:34 | WARNING  |   ALL_TE07: Low mechanism-restricted selectivity (SI = 1.18 < 1.5). Flagged for off-target risk.
2026-07-24 17:37:34 | WARNING  |   ALL_SU04: Low mechanism-restricted selectivity (SI = 1.17 < 1.5). Flagged for off-target risk.
2026-07-24 17:37:34 | WARNING  |   ALL_SU01: Low mechanism-restricted selectivity (SI = 1.15 < 1.5). Flagged for off-target risk.
2026-07-24 17:37:34 | WARNING  |   ALL_SU09: Low mechanism-restricted selectivity (SI = 1.27 < 1.5). Flagged for off-target risk.
2026-07-24 17:37:34 | WARNING  |   ALL_IN08: Low mechanism-restricted selectivity (SI = 1.23 < 1.5). Flagged for off-target risk.
2026-07-24 17:37:40 | INFO     | ─── Phase 4 complete ───
2026-07-24 17:37:40 | INFO     |   Final Top-10 ranked by PBP2a best energy (catalytic-engagement tiebreak).
2026-07-24 17:37:40 | INFO     |   Diversified final set: 5 diverse + 15 filler = 20 candidate(s).
2026-07-24 17:37:40 | INFO     |   Final report: 4 candidate(s) at SI >= 1.5, filled to 20 total.
2026-07-24 17:37:40 | INFO     | ─── Phase 5: Reporting ───
2026-07-24 17:37:40 | INFO     |   CSV report saved: output/top_candidates.csv
2026-07-24 17:37:40 | INFO     |   JSON candidates saved: output/top_candidates.json
2026-07-24 17:37:40 | INFO     |   Image saved: output/top1_ALL_QU05.png
2026-07-24 17:37:40 | INFO     |   Image saved: output/top2_ALL_SU14.png
2026-07-24 17:37:40 | INFO     |   Image saved: output/top3_ALL_SU15.png
2026-07-24 17:37:40 | INFO     |   Interaction diagram saved: output/interaction_ALL_QU05.png
2026-07-24 17:37:40 | INFO     |   Interaction diagram saved: output/interaction_ALL_SU14.png
2026-07-24 17:37:40 | INFO     |   Interaction diagram saved: output/interaction_ALL_SU15.png
2026-07-24 17:37:40 | INFO     | Interaction diagrams saved to output/
2026-07-24 17:37:40 | INFO     |   PyMOL script saved: output/visualization.pml (3 ligand pose(s) loaded).
2026-07-24 17:37:40 | INFO     |   Filter funnel saved: output/filter_funnel.json
2026-07-24 17:37:40 | INFO     |   ROC curve saved: output/figures/roc_curve.png
2026-07-24 17:37:41 | INFO     |   Energy distribution saved: output/figures/energy_distribution.png
2026-07-24 17:37:41 | INFO     |   SI scatter plot saved: output/figures/si_scatter.png
2026-07-24 17:37:41 | INFO     |   Filter funnel saved: output/figures/filter_funnel.png
2026-07-24 17:37:41 | INFO     |   Binding diagram saved: output/figures/top3_binding_1_ALL_QU05.png
2026-07-24 17:37:41 | INFO     |   Binding diagram saved: output/figures/top3_binding_2_ALL_SU14.png
2026-07-24 17:37:41 | INFO     |   Binding diagram saved: output/figures/top3_binding_3_ALL_SU15.png
2026-07-24 17:37:41 | INFO     |   All figures saved to output/figures
2026-07-24 17:37:41 | INFO     | ============================================================
2026-07-24 17:37:41 | INFO     |   PIPELINE SUMMARY
2026-07-24 17:37:41 | INFO     | ============================================================
2026-07-24 17:37:41 | INFO     |   Total compounds generated:     244
2026-07-24 17:37:41 | INFO     |   After filtering:               198
2026-07-24 17:37:41 | INFO     |   Top candidates reported:       20
2026-07-24 17:37:41 | INFO     |   Successfully docked:           20
2026-07-24 17:37:41 | INFO     |   Selectivity pass (SI >= 2.0):  4
2026-07-24 17:37:41 | INFO     |   Docking engine:                Vina
2026-07-24 17:37:41 | INFO     |   Redocking RMSD:                1.937 Å
2026-07-24 17:37:41 | INFO     |   Redocking validated:           True
2026-07-24 17:37:41 | INFO     |   Protocol validation: RMSD 1.937 Å (Validated)
2026-07-24 17:37:41 | INFO     |   CSV report:                    output/top_candidates.csv
2026-07-24 17:37:41 | INFO     |   Open output/visualization.pml in PyMOL to inspect binding poses.
2026-07-24 17:37:41 | INFO     | ============================================================
2026-07-24 17:37:41 | INFO     | Pipeline complete. Exiting.
2026-07-24 19:18:52 | INFO     | ─── Phase 0: Dependency Check ───
2026-07-24 19:18:52 | INFO     |   ✓  AutoDock Vina binary found on PATH (version: AutoDock Vina v1.2.7)
2026-07-24 19:18:53 | INFO     |   ✓  OpenBabel binary found on PATH (version: Open Babel 3.1.0 -- Feb 17 2026 -- 07:27:20
Usage:
obabel [-i<input-type>] <infilename> [-o<output-type>] -O<outfilename> [Options]
Try  -H option for more information.)
2026-07-24 19:18:53 | INFO     |   ✓  All required Python packages found.
2026-07-24 19:18:53 | INFO     | ─── Phase 1: Target Preparation & Centroid Calculation ───
2026-07-24 19:18:53 | INFO     |   NOTE: bundled tests/data/*.pdb files are minimal mock structures for offline CI runs — they are NOT real crystallographic models. Any redocking RMSD computed against them is non-physical and must not be interpreted as a protocol-quality metric.
2026-07-24 19:18:53 | INFO     |   Run mode (from config): science
2026-07-24 19:18:53 | INFO     |   Structure 3ZG0 already local: /Users/tom/Documents/apps/AutoAntibiotic/output/pdb_enrich/3ZG0.pdb
2026-07-24 19:18:53 | INFO     |   Structure 1VQQ already local: /Users/tom/Documents/apps/AutoAntibiotic/output/pdb_enrich/1VQQ.pdb
2026-07-24 19:18:53 | INFO     |   Structure 1UTN already local: /Users/tom/Documents/apps/AutoAntibiotic/output/pdb_enrich/1UTN.pdb
2026-07-24 19:18:53 | INFO     |   Structure 1YAH already local: /Users/tom/Documents/apps/AutoAntibiotic/output/pdb_enrich/1YAH.pdb
2026-07-24 19:18:53 | INFO     |   Structure 1VQQ already local: /Users/tom/Documents/apps/AutoAntibiotic/output/pdb_enrich/1VQQ.pdb
2026-07-24 19:18:53 | INFO     |   Structure 3ZG0 already local: /Users/tom/Documents/apps/AutoAntibiotic/output/pdb_enrich/3ZG0.pdb
2026-07-24 19:18:53 | INFO     |   Structure 4DKI already local: /Users/tom/Documents/apps/AutoAntibiotic/output/pdb_enrich/4DKI.pdb
2026-07-24 19:18:53 | INFO     | Science mode: real scientific validation expected.
2026-07-24 19:18:53 | INFO     |   Cleaning PBP2a (apo)…
2026-07-24 19:18:53 | INFO     |   Cleaning PBP2a (holo, protein-only)…
2026-07-24 19:18:53 | INFO     |   Added PBP2a conformer 3ZG0 receptor PDBQT: /Users/tom/Documents/apps/AutoAntibiotic/output/workdir_enrich/PBP2a_3ZG0_clean.pdbqt
2026-07-24 19:18:53 | INFO     |   Added PBP2a conformer 4DKI receptor PDBQT: /Users/tom/Documents/apps/AutoAntibiotic/output/workdir_enrich/PBP2a_4DKI_clean.pdbqt
2026-07-24 19:18:53 | INFO     |   Computing active site centroid (conserved residues SER403, LYS406, TYR446) using side-chain atoms…
2026-07-24 19:18:53 | INFO     |     Active site center: [23.95072216 27.87146293 88.53164786]
2026-07-24 19:18:53 | INFO     |   Computing allosteric site centroid (TYR105, GLN199, GLU237) using side-chain atoms…
2026-07-24 19:18:53 | INFO     |     Allosteric site center: [24.97548178 30.9366667  28.8698331 ]
2026-07-24 19:18:53 | INFO     |   Cleaning Human Trypsin (1UTN)…
2026-07-24 19:18:53 | INFO     |   Computing trypsin active site centroid (His57, Asp102, Ser195) using side-chain atoms…
2026-07-24 19:18:53 | INFO     |     Trypsin active site center: [22.54101663 14.86204433 22.53591386]
2026-07-24 19:18:53 | INFO     |   Cleaning Human Carboxylesterase 1 (1YAH)…
2026-07-24 19:18:53 | INFO     |   Computing CES1 active site centroid (Ser221, His468, Glu354) using side-chain atoms…
2026-07-24 19:18:53 | INFO     |     CES1 active site center: [-7.13865188 43.85391877 37.96102563]
2026-07-24 19:18:53 | INFO     |   Grid config saved: /Users/tom/Documents/apps/AutoAntibiotic/output/workdir_enrich/grid_configs/grid_active.txt
2026-07-24 19:18:53 | INFO     | ─── Phase 1 complete ───
2026-07-24 19:18:54 | INFO     |   Active-site box: (20.0, 20.0, 20.0); center: [23.95072216 27.87146293 88.53164786]
2026-07-24 19:18:54 | INFO     |   Loaded 21 known actives
2026-07-24 19:18:54 | INFO     |   Loaded 150 known decoys
2026-07-24 19:18:54 | INFO     |   Docking 171 compounds against PBP2a active site...
2026-07-24 19:20:05 | INFO     | ─── Phase 0: Dependency Check ───
2026-07-24 19:20:05 | INFO     |   ✓  AutoDock Vina binary found on PATH (version: AutoDock Vina v1.2.7)
2026-07-24 19:20:05 | INFO     |   ✓  OpenBabel binary found on PATH (version: Open Babel 3.1.0 -- Feb 17 2026 -- 07:27:20
Usage:
obabel [-i<input-type>] <infilename> [-o<output-type>] -O<outfilename> [Options]
Try  -H option for more information.)
2026-07-24 19:20:05 | INFO     |   ✓  All required Python packages found.
2026-07-24 19:20:05 | INFO     | ─── Phase 1: Target Preparation & Centroid Calculation ───
2026-07-24 19:20:05 | INFO     |   NOTE: bundled tests/data/*.pdb files are minimal mock structures for offline CI runs — they are NOT real crystallographic models. Any redocking RMSD computed against them is non-physical and must not be interpreted as a protocol-quality metric.
2026-07-24 19:20:05 | INFO     |   Run mode (from config): science
2026-07-24 19:20:05 | INFO     |   Structure 3ZG0 already local: /Users/tom/Documents/apps/AutoAntibiotic/output/pdb_enrich/3ZG0.pdb
2026-07-24 19:20:05 | INFO     |   Structure 1VQQ already local: /Users/tom/Documents/apps/AutoAntibiotic/output/pdb_enrich/1VQQ.pdb
2026-07-24 19:20:05 | INFO     |   Structure 1UTN already local: /Users/tom/Documents/apps/AutoAntibiotic/output/pdb_enrich/1UTN.pdb
2026-07-24 19:20:05 | INFO     |   Structure 1YAH already local: /Users/tom/Documents/apps/AutoAntibiotic/output/pdb_enrich/1YAH.pdb
2026-07-24 19:20:05 | INFO     |   Structure 1VQQ already local: /Users/tom/Documents/apps/AutoAntibiotic/output/pdb_enrich/1VQQ.pdb
2026-07-24 19:20:05 | INFO     |   Structure 3ZG0 already local: /Users/tom/Documents/apps/AutoAntibiotic/output/pdb_enrich/3ZG0.pdb
2026-07-24 19:20:05 | INFO     |   Structure 4DKI already local: /Users/tom/Documents/apps/AutoAntibiotic/output/pdb_enrich/4DKI.pdb
2026-07-24 19:20:05 | INFO     | Science mode: real scientific validation expected.
2026-07-24 19:20:05 | INFO     |   Cleaning PBP2a (apo)…
2026-07-24 19:20:05 | INFO     |   Cleaning PBP2a (holo, protein-only)…
2026-07-24 19:20:05 | INFO     |   Added PBP2a conformer 3ZG0 receptor PDBQT: /Users/tom/Documents/apps/AutoAntibiotic/output/workdir_enrich/PBP2a_3ZG0_clean.pdbqt
2026-07-24 19:20:05 | INFO     |   Added PBP2a conformer 4DKI receptor PDBQT: /Users/tom/Documents/apps/AutoAntibiotic/output/workdir_enrich/PBP2a_4DKI_clean.pdbqt
2026-07-24 19:20:05 | INFO     |   Computing active site centroid (conserved residues SER403, LYS406, TYR446) using side-chain atoms…
2026-07-24 19:20:05 | INFO     |     Active site center: [23.95072216 27.87146293 88.53164786]
2026-07-24 19:20:05 | INFO     |   Computing allosteric site centroid (TYR105, GLN199, GLU237) using side-chain atoms…
2026-07-24 19:20:05 | INFO     |     Allosteric site center: [24.97548178 30.9366667  28.8698331 ]
2026-07-24 19:20:05 | INFO     |   Cleaning Human Trypsin (1UTN)…
2026-07-24 19:20:05 | INFO     |   Computing trypsin active site centroid (His57, Asp102, Ser195) using side-chain atoms…
2026-07-24 19:20:05 | INFO     |     Trypsin active site center: [22.54101663 14.86204433 22.53591386]
2026-07-24 19:20:05 | INFO     |   Cleaning Human Carboxylesterase 1 (1YAH)…
2026-07-24 19:20:05 | INFO     |   Computing CES1 active site centroid (Ser221, His468, Glu354) using side-chain atoms…
2026-07-24 19:20:05 | INFO     |     CES1 active site center: [-7.13865188 43.85391877 37.96102563]
2026-07-24 19:20:05 | INFO     |   Grid config saved: /Users/tom/Documents/apps/AutoAntibiotic/output/workdir_enrich/grid_configs/grid_active.txt
2026-07-24 19:20:05 | INFO     | ─── Phase 1 complete ───
2026-07-24 19:20:05 | INFO     |   Active-site box: (20.0, 20.0, 20.0); center: [23.95072216 27.87146293 88.53164786]
2026-07-24 19:20:05 | INFO     |   Loaded 21 known actives
2026-07-24 19:20:05 | INFO     |   Loaded 150 known decoys
2026-07-24 19:20:05 | INFO     |   Docking 171 compounds against PBP2a active site...
2026-07-24 19:22:12 | INFO     |     Docked 25 / 171 (enrich_c0)
2026-07-24 19:24:25 | INFO     |     Docked 50 / 171 (enrich_c0)
2026-07-24 19:40:22 | INFO     | ─── Phase 0: Dependency Check ───
2026-07-24 19:40:22 | INFO     |   ✓  AutoDock Vina binary found on PATH (version: AutoDock Vina v1.2.7)
2026-07-24 19:40:22 | INFO     |   ✓  OpenBabel binary found on PATH (version: Open Babel 3.1.0 -- Feb 17 2026 -- 07:27:20
Usage:
obabel [-i<input-type>] <infilename> [-o<output-type>] -O<outfilename> [Options]
Try  -H option for more information.)
2026-07-24 19:40:22 | INFO     |   ✓  All required Python packages found.
2026-07-24 19:40:22 | INFO     | ─── Phase 1: Target Preparation & Centroid Calculation ───
2026-07-24 19:40:22 | INFO     |   NOTE: bundled tests/data/*.pdb files are minimal mock structures for offline CI runs — they are NOT real crystallographic models. Any redocking RMSD computed against them is non-physical and must not be interpreted as a protocol-quality metric.
2026-07-24 19:40:22 | INFO     |   Run mode (from config): science
2026-07-24 19:40:22 | INFO     |   Structure 3ZG0 already local: output/pdb/3ZG0.pdb
2026-07-24 19:40:22 | INFO     |   Structure 1VQQ already local: output/pdb/1VQQ.pdb
2026-07-24 19:40:22 | INFO     |   Structure 1UTN already local: output/pdb/1UTN.pdb
2026-07-24 19:40:22 | INFO     |   Structure 1YAH already local: output/pdb/1YAH.pdb
2026-07-24 19:40:22 | INFO     |   Structure 1VQQ already local: output/pdb/1VQQ.pdb
2026-07-24 19:40:22 | INFO     |   Structure 3ZG0 already local: output/pdb/3ZG0.pdb
2026-07-24 19:40:22 | INFO     |   Structure 4DKI already local: output/pdb/4DKI.pdb
2026-07-24 19:40:22 | INFO     | Science mode: real scientific validation expected.
2026-07-24 19:40:22 | INFO     |   Cleaning PBP2a (apo)…
2026-07-24 19:40:23 | INFO     |   Polar hydrogens added to output/workdir/PBP2a_clean.pdb
2026-07-24 19:41:27 | INFO     |   Receptor PDBQT written via obabel (-xr): output/workdir/PBP2a_clean.pdbqt
2026-07-24 19:41:27 | INFO     |   Cleaning PBP2a (holo, protein-only)…
2026-07-24 19:41:27 | WARNING  |   Could not read PDB via RDKit. Skipping hydrogen addition.
2026-07-24 19:41:28 | INFO     |   Receptor PDBQT written via obabel (-xr): output/workdir/PBP2a_holo_clean.pdbqt
2026-07-24 19:41:28 | WARNING  |   Could not read PDB via RDKit. Skipping hydrogen addition.
2026-07-24 19:41:28 | INFO     |   Receptor PDBQT written via obabel (-xr): output/workdir/PBP2a_3ZG0_clean.pdbqt
2026-07-24 19:41:28 | INFO     |   Added PBP2a conformer 3ZG0 receptor PDBQT: output/workdir/PBP2a_3ZG0_clean.pdbqt
2026-07-24 19:41:28 | INFO     |   Polar hydrogens added to output/workdir/PBP2a_4DKI_clean.pdb
2026-07-24 19:42:35 | INFO     |   Receptor PDBQT written via obabel (-xr): output/workdir/PBP2a_4DKI_clean.pdbqt
2026-07-24 19:42:35 | INFO     |   Added PBP2a conformer 4DKI receptor PDBQT: output/workdir/PBP2a_4DKI_clean.pdbqt
2026-07-24 19:42:35 | INFO     |   Computing active site centroid (conserved residues SER403, LYS406, TYR446) using side-chain atoms…
2026-07-24 19:42:35 | INFO     |     Active site center: [23.95072216 27.87146293 88.53164786]
2026-07-24 19:42:35 | INFO     |   Computing allosteric site centroid (TYR105, GLN199, GLU237) using side-chain atoms…
2026-07-24 19:42:35 | INFO     |     Allosteric site center: [24.97548178 30.9366667  28.8698331 ]
2026-07-24 19:42:35 | INFO     |   Cleaning Human Trypsin (1UTN)…
2026-07-24 19:42:35 | INFO     |   Polar hydrogens added to output/workdir/trypsin_clean.pdb
2026-07-24 19:42:35 | INFO     |   Receptor PDBQT written via obabel (-xr): output/workdir/trypsin_clean.pdbqt
2026-07-24 19:42:35 | INFO     |   Computing trypsin active site centroid (His57, Asp102, Ser195) using side-chain atoms…
2026-07-24 19:42:35 | INFO     |     Trypsin active site center: [22.54101663 14.86204433 22.53591386]
2026-07-24 19:42:35 | INFO     |   Cleaning Human Carboxylesterase 1 (1YAH)…
2026-07-24 19:42:36 | INFO     |   Polar hydrogens added to output/workdir/CES1_clean.pdb
2026-07-24 19:44:34 | INFO     |   Receptor PDBQT written via obabel (-xr): output/workdir/CES1_clean.pdbqt
2026-07-24 19:44:34 | INFO     |   Computing CES1 active site centroid (Ser221, His468, Glu354) using side-chain atoms…
2026-07-24 19:44:34 | INFO     |     CES1 active site center: [-7.13865188 43.85391877 37.96102563]
2026-07-24 19:44:34 | INFO     |   Grid config saved: output/workdir/grid_configs/grid_active.txt
2026-07-24 19:44:34 | INFO     | ─── Phase 1 complete ───
2026-07-24 19:44:34 | INFO     | ─── Phase 0: Redocking Validation ───
2026-07-24 19:44:34 | INFO     |   Native ligand (resname override 'AI8'): chain A, residue AI8
2026-07-24 19:44:34 | INFO     |   Native ligand SMILES: CCONC(C(O)N[C@H](CO)[C@@H]1NC(C(O)O)[C@@H](SC2NC(C3CCN(C)CC3)CS2)CS1)[C@@H]1NSC(N)N1
2026-07-24 19:44:34 | INFO     |   Native ligand PDBQT written to output/workdir/native_ligand.pdbqt
2026-07-24 19:44:34 | INFO     |   Redocking native ligand into PBP2a…
2026-07-24 19:44:34 | INFO     |   Redocking box: 18.7 x 29.1 x 21.4 Å (auto-sized from native ligand).
2026-07-24 19:53:03 | INFO     | ─── Phase 0: Dependency Check ───
2026-07-24 19:53:03 | INFO     |   ✓  AutoDock Vina binary found on PATH (version: AutoDock Vina v1.2.7)
2026-07-24 19:53:03 | INFO     |   ✓  OpenBabel binary found on PATH (version: Open Babel 3.1.0 -- Feb 17 2026 -- 07:27:20
Usage:
obabel [-i<input-type>] <infilename> [-o<output-type>] -O<outfilename> [Options]
Try  -H option for more information.)
2026-07-24 19:53:03 | INFO     |   ✓  All required Python packages found.
2026-07-24 19:53:03 | INFO     | ─── Phase 1: Target Preparation & Centroid Calculation ───
2026-07-24 19:53:03 | INFO     |   NOTE: bundled tests/data/*.pdb files are minimal mock structures for offline CI runs — they are NOT real crystallographic models. Any redocking RMSD computed against them is non-physical and must not be interpreted as a protocol-quality metric.
2026-07-24 19:53:03 | INFO     |   Run mode (from config): science
2026-07-24 19:53:03 | INFO     |   Structure 3ZG0 already local: output/pdb/3ZG0.pdb
2026-07-24 19:53:03 | INFO     |   Structure 1VQQ already local: output/pdb/1VQQ.pdb
2026-07-24 19:53:03 | INFO     |   Structure 1UTN already local: output/pdb/1UTN.pdb
2026-07-24 19:53:03 | INFO     |   Structure 1YAH already local: output/pdb/1YAH.pdb
2026-07-24 19:53:03 | INFO     |   Structure 1VQQ already local: output/pdb/1VQQ.pdb
2026-07-24 19:53:03 | INFO     |   Structure 3ZG0 already local: output/pdb/3ZG0.pdb
2026-07-24 19:53:03 | INFO     |   Structure 4DKI already local: output/pdb/4DKI.pdb
2026-07-24 19:53:03 | INFO     | Science mode: real scientific validation expected.
2026-07-24 19:53:03 | INFO     |   Cleaning PBP2a (apo)…
2026-07-24 19:53:03 | INFO     |   Polar hydrogens added to output/workdir/PBP2a_clean.pdb
2026-07-24 19:54:08 | INFO     |   Receptor PDBQT written via obabel (-xr): output/workdir/PBP2a_clean.pdbqt
2026-07-24 19:54:08 | INFO     |   Cleaning PBP2a (holo, protein-only)…
2026-07-24 19:54:08 | WARNING  |   Could not read PDB via RDKit. Skipping hydrogen addition.
2026-07-24 19:54:08 | INFO     |   Receptor PDBQT written via obabel (-xr): output/workdir/PBP2a_holo_clean.pdbqt
2026-07-24 19:54:08 | WARNING  |   Could not read PDB via RDKit. Skipping hydrogen addition.
2026-07-24 19:54:09 | INFO     |   Receptor PDBQT written via obabel (-xr): output/workdir/PBP2a_3ZG0_clean.pdbqt
2026-07-24 19:54:09 | INFO     |   Added PBP2a conformer 3ZG0 receptor PDBQT: output/workdir/PBP2a_3ZG0_clean.pdbqt
2026-07-24 19:54:09 | INFO     |   Polar hydrogens added to output/workdir/PBP2a_4DKI_clean.pdb
2026-07-24 19:55:09 | INFO     | ─── Phase 0: Dependency Check ───
2026-07-24 19:55:09 | INFO     |   ✓  AutoDock Vina binary found on PATH (version: AutoDock Vina v1.2.7)
2026-07-24 19:55:09 | INFO     |   ✓  OpenBabel binary found on PATH (version: Open Babel 3.1.0 -- Feb 17 2026 -- 07:27:20
Usage:
obabel [-i<input-type>] <infilename> [-o<output-type>] -O<outfilename> [Options]
Try  -H option for more information.)
2026-07-24 19:55:09 | INFO     |   ✓  All required Python packages found.
2026-07-24 19:55:09 | INFO     | ─── Phase 1: Target Preparation & Centroid Calculation ───
2026-07-24 19:55:09 | INFO     |   NOTE: bundled tests/data/*.pdb files are minimal mock structures for offline CI runs — they are NOT real crystallographic models. Any redocking RMSD computed against them is non-physical and must not be interpreted as a protocol-quality metric.
2026-07-24 19:55:09 | INFO     |   Run mode (from config): science
2026-07-24 19:55:09 | INFO     |   Structure 3ZG0 already local: output/pdb/3ZG0.pdb
2026-07-24 19:55:09 | INFO     |   Structure 1VQQ already local: output/pdb/1VQQ.pdb
2026-07-24 19:55:09 | INFO     |   Structure 1UTN already local: output/pdb/1UTN.pdb
2026-07-24 19:55:09 | INFO     |   Structure 1YAH already local: output/pdb/1YAH.pdb
2026-07-24 19:55:09 | INFO     |   Structure 1VQQ already local: output/pdb/1VQQ.pdb
2026-07-24 19:55:09 | INFO     |   Structure 3ZG0 already local: output/pdb/3ZG0.pdb
2026-07-24 19:55:09 | INFO     |   Structure 4DKI already local: output/pdb/4DKI.pdb
2026-07-24 19:55:09 | INFO     | Science mode: real scientific validation expected.
2026-07-24 19:55:09 | INFO     |   Cleaning PBP2a (apo)…
2026-07-24 19:55:09 | INFO     |   Polar hydrogens added to output/workdir/PBP2a_clean.pdb
2026-07-24 19:56:13 | INFO     |   Receptor PDBQT written via obabel (-xr): output/workdir/PBP2a_clean.pdbqt
2026-07-24 19:56:13 | INFO     |   Cleaning PBP2a (holo, protein-only)…
2026-07-24 19:56:14 | WARNING  |   Could not read PDB via RDKit. Skipping hydrogen addition.
2026-07-24 19:56:14 | INFO     |   Receptor PDBQT written via obabel (-xr): output/workdir/PBP2a_holo_clean.pdbqt
2026-07-24 19:56:14 | WARNING  |   Could not read PDB via RDKit. Skipping hydrogen addition.
2026-07-24 19:56:14 | INFO     |   Receptor PDBQT written via obabel (-xr): output/workdir/PBP2a_3ZG0_clean.pdbqt
2026-07-24 19:56:14 | INFO     |   Added PBP2a conformer 3ZG0 receptor PDBQT: output/workdir/PBP2a_3ZG0_clean.pdbqt
2026-07-24 19:56:15 | INFO     |   Polar hydrogens added to output/workdir/PBP2a_4DKI_clean.pdb
2026-07-24 23:40:35 | INFO     | === Re-docking CLASH compounds against CES1 (corrected params) ===
2026-07-24 23:40:35 | INFO     | Found 8 CLASH compounds to re-dock:
2026-07-24 23:40:35 | INFO     |   ALL_QU09
2026-07-24 23:40:35 | INFO     |   ALL_SP12
2026-07-24 23:40:35 | INFO     |   ALL_SP07
2026-07-24 23:40:35 | INFO     |   ACT_OX02
2026-07-24 23:40:35 | INFO     |   ALL_SP06
2026-07-24 23:40:35 | INFO     |   ACT_HE10
2026-07-24 23:40:35 | INFO     |   ACT_OX08
2026-07-24 23:40:35 | INFO     |   LIT_SHA01
2026-07-24 23:40:35 | INFO     | CES1 center: [-7.13865188 43.85391877 37.96102563]
2026-07-24 23:40:35 | INFO     | CES1 box (corrected): (18.0, 18.0, 18.0)
2026-07-24 23:40:35 | INFO     | 
Re-docking ALL_QU09...
2026-07-24 23:40:39 | INFO     |   ALL_QU09: CES1 energy = 7.25 kcal/mol
2026-07-24 23:40:39 | INFO     | 
Re-docking ALL_SP12...
2026-07-24 23:40:42 | INFO     |   ALL_SP12: CES1 energy = 7.70 kcal/mol
2026-07-24 23:40:42 | INFO     | 
Re-docking ALL_SP07...
2026-07-24 23:40:45 | INFO     |   ALL_SP07: CES1 energy = 4.04 kcal/mol
2026-07-24 23:40:45 | INFO     | 
Re-docking ACT_OX02...
2026-07-24 23:40:49 | INFO     |   ACT_OX02: CES1 energy = 2.64 kcal/mol
2026-07-24 23:40:49 | INFO     | 
Re-docking ALL_SP06...
2026-07-24 23:40:51 | INFO     |   ALL_SP06: CES1 energy = 3.66 kcal/mol
2026-07-24 23:40:51 | INFO     | 
Re-docking ACT_HE10...
2026-07-24 23:40:54 | INFO     |   ACT_HE10: CES1 energy = 6.23 kcal/mol
2026-07-24 23:40:54 | INFO     | 
Re-docking ACT_OX08...
2026-07-24 23:40:58 | INFO     |   ACT_OX08: CES1 energy = 1.79 kcal/mol
2026-07-24 23:40:58 | INFO     | 
Re-docking LIT_SHA01...
2026-07-24 23:41:03 | INFO     |   LIT_SHA01: CES1 energy = 8.98 kcal/mol
2026-07-24 23:41:03 | INFO     | 
Updated CSV saved to /Users/tom/Documents/apps/AutoAntibiotic/output/top_candidates.csv
2026-07-26 11:27:06 | INFO     | ─── Phase 0: Dependency Check ───
2026-07-26 11:27:06 | INFO     |   ✓  AutoDock Vina binary found on PATH (version: AutoDock Vina v1.2.7)
2026-07-26 11:27:07 | INFO     |   ✓  OpenBabel binary found on PATH (version: Open Babel 3.1.0 -- Feb 17 2026 -- 07:27:20
Usage:
obabel [-i<input-type>] <infilename> [-o<output-type>] -O<outfilename> [Options]
Try  -H option for more information.)
2026-07-26 11:27:07 | INFO     |   ✓  All required Python packages found.
2026-07-26 11:27:07 | INFO     | ─── Phase 1: Target Preparation & Centroid Calculation ───
2026-07-26 11:27:07 | INFO     |   NOTE: bundled tests/data/*.pdb files are minimal mock structures for offline CI runs — they are NOT real crystallographic models. Any redocking RMSD computed against them is non-physical and must not be interpreted as a protocol-quality metric.
2026-07-26 11:27:07 | INFO     |   Run mode (from config): science
2026-07-26 11:27:07 | INFO     |   Structure 3ZG0 already local: output/pdb/3ZG0.pdb
2026-07-26 11:27:07 | INFO     |   Structure 1VQQ already local: output/pdb/1VQQ.pdb
2026-07-26 11:27:07 | INFO     |   Structure 1UTN already local: output/pdb/1UTN.pdb
2026-07-26 11:27:07 | INFO     |   Structure 1YAH already local: output/pdb/1YAH.pdb
2026-07-26 11:27:07 | INFO     |   Structure 1TQN already local: output/pdb/1TQN.pdb
2026-07-26 11:27:07 | INFO     |   Structure 1VQQ already local: output/pdb/1VQQ.pdb
2026-07-26 11:27:07 | INFO     |   Structure 3ZG0 already local: output/pdb/3ZG0.pdb
2026-07-26 11:27:07 | INFO     |   Structure 4DKI already local: output/pdb/4DKI.pdb
2026-07-26 11:27:07 | INFO     | Science mode: real scientific validation expected.
2026-07-26 11:27:07 | INFO     |   Cleaning PBP2a (apo)…
2026-07-26 11:27:07 | INFO     |   Polar hydrogens added to output/workdir/PBP2a_clean.pdb
2026-07-26 11:27:55 | INFO     | ─── Phase 0: Dependency Check ───
2026-07-26 11:27:55 | INFO     |   ✓  AutoDock Vina binary found on PATH (version: AutoDock Vina v1.2.7)
2026-07-26 11:27:55 | INFO     |   ✓  OpenBabel binary found on PATH (version: Open Babel 3.1.0 -- Feb 17 2026 -- 07:27:20
Usage:
obabel [-i<input-type>] <infilename> [-o<output-type>] -O<outfilename> [Options]
Try  -H option for more information.)
2026-07-26 11:27:55 | INFO     |   ✓  All required Python packages found.
2026-07-26 11:27:55 | INFO     | ─── Phase 1: Target Preparation & Centroid Calculation ───
2026-07-26 11:27:55 | INFO     |   NOTE: bundled tests/data/*.pdb files are minimal mock structures for offline CI runs — they are NOT real crystallographic models. Any redocking RMSD computed against them is non-physical and must not be interpreted as a protocol-quality metric.
2026-07-26 11:27:55 | INFO     |   Run mode (from config): science
2026-07-26 11:27:55 | INFO     |   Structure 3ZG0 already local: output/pdb/3ZG0.pdb
2026-07-26 11:27:55 | INFO     |   Structure 1VQQ already local: output/pdb/1VQQ.pdb
2026-07-26 11:27:55 | INFO     |   Structure 1UTN already local: output/pdb/1UTN.pdb
2026-07-26 11:27:55 | INFO     |   Structure 1YAH already local: output/pdb/1YAH.pdb
2026-07-26 11:27:55 | INFO     |   Structure 1TQN already local: output/pdb/1TQN.pdb
2026-07-26 11:27:55 | INFO     |   Structure 1VQQ already local: output/pdb/1VQQ.pdb
2026-07-26 11:27:55 | INFO     |   Structure 3ZG0 already local: output/pdb/3ZG0.pdb
2026-07-26 11:27:55 | INFO     |   Structure 4DKI already local: output/pdb/4DKI.pdb
2026-07-26 11:27:55 | INFO     | Science mode: real scientific validation expected.
2026-07-26 11:27:55 | INFO     |   Cleaning PBP2a (apo)…
2026-07-26 11:27:55 | INFO     |   Polar hydrogens added to output/workdir/PBP2a_clean.pdb
2026-07-26 12:03:38 | INFO     | AutoAntibiotic Discovery Pipeline v5.2.0
2026-07-26 12:03:38 | INFO     | ─── Phase 0: Dependency Check ───
2026-07-26 12:03:38 | INFO     |   ✓  AutoDock Vina binary found on PATH (version: AutoDock Vina v1.2.7)
2026-07-26 12:03:38 | INFO     |   ✓  OpenBabel binary found on PATH (version: Open Babel 3.1.0 -- Feb 17 2026 -- 07:27:20
Usage:
obabel [-i<input-type>] <infilename> [-o<output-type>] -O<outfilename> [Options]
Try  -H option for more information.)
2026-07-26 12:03:38 | INFO     |   ✓  All required Python packages found.
2026-07-26 12:03:38 | INFO     | ─── Phase 1: Target Preparation & Centroid Calculation ───
2026-07-26 12:03:38 | INFO     |   NOTE: bundled tests/data/*.pdb files are minimal mock structures for offline CI runs — they are NOT real crystallographic models. Any redocking RMSD computed against them is non-physical and must not be interpreted as a protocol-quality metric.
2026-07-26 12:03:38 | INFO     |   Run mode (from config): ci
2026-07-26 12:03:38 | INFO     |   Using local structure for 3ZG0: /Users/tom/Documents/apps/AutoAntibiotic/tests/data/3ZG0.pdb
2026-07-26 12:03:38 | INFO     |   Using local structure for 1VQQ: /Users/tom/Documents/apps/AutoAntibiotic/tests/data/1VQQ.pdb
2026-07-26 12:03:38 | INFO     |   Using local structure for 1UTN: /Users/tom/Documents/apps/AutoAntibiotic/tests/data/1UTN.pdb
2026-07-26 12:03:38 | INFO     |   Using local structure for 1YAH: /Users/tom/Documents/apps/AutoAntibiotic/tests/data/1YAH.pdb
2026-07-26 12:03:38 | INFO     |   Structure 1TQN already local: output/pdb/1TQN.pdb
2026-07-26 12:03:38 | INFO     |   Using local structure for 1VQQ: /Users/tom/Documents/apps/AutoAntibiotic/tests/data/1VQQ.pdb
2026-07-26 12:03:38 | INFO     |   Using local structure for 3ZG0: /Users/tom/Documents/apps/AutoAntibiotic/tests/data/3ZG0.pdb
2026-07-26 12:03:38 | INFO     |   Using local structure for 4DKI: /Users/tom/Documents/apps/AutoAntibiotic/tests/data/4DKI.pdb
2026-07-26 12:03:38 | INFO     | CI mode: using mock PDBs - not for scientific use.
2026-07-26 12:03:38 | INFO     |   Cleaning PBP2a (apo)…
2026-07-26 12:03:38 | WARNING  |   Could not read PDB via RDKit. Skipping hydrogen addition.
2026-07-26 12:03:38 | INFO     |   Receptor PDBQT written via obabel (-xr): output/workdir/PBP2a_clean.pdbqt
2026-07-26 12:03:38 | INFO     |   Cleaning PBP2a (holo, protein-only)…
2026-07-26 12:03:38 | WARNING  |   Could not read PDB via RDKit. Skipping hydrogen addition.
2026-07-26 12:03:38 | INFO     |   Receptor PDBQT written via obabel (-xr): output/workdir/PBP2a_holo_clean.pdbqt
2026-07-26 12:03:38 | WARNING  |   Could not read PDB via RDKit. Skipping hydrogen addition.
2026-07-26 12:03:39 | INFO     |   Receptor PDBQT written via obabel (-xr): output/workdir/PBP2a_3ZG0_clean.pdbqt
2026-07-26 12:03:39 | INFO     |   Added PBP2a conformer 3ZG0 receptor PDBQT: output/workdir/PBP2a_3ZG0_clean.pdbqt
2026-07-26 12:03:39 | WARNING  |   Could not read PDB via RDKit. Skipping hydrogen addition.
2026-07-26 12:03:39 | INFO     |   Receptor PDBQT written via obabel (-xr): output/workdir/PBP2a_4DKI_clean.pdbqt
2026-07-26 12:03:39 | INFO     |   Added PBP2a conformer 4DKI receptor PDBQT: output/workdir/PBP2a_4DKI_clean.pdbqt
2026-07-26 12:03:39 | INFO     |   Computing active site centroid (conserved residues SER403, LYS406, TYR446) using side-chain atoms…
2026-07-26 12:03:39 | INFO     |     Active site center: [49.75925926 49.39814815 49.39814815]
2026-07-26 12:03:39 | INFO     |   Computing allosteric site centroid (TYR105, GLN199, GLU237) using side-chain atoms…
2026-07-26 12:03:39 | INFO     |     Allosteric site center: [19.48148148 19.21296296 19.21296296]
2026-07-26 12:03:39 | INFO     |   Cleaning Human Trypsin (1UTN)…
2026-07-26 12:03:39 | WARNING  |   Could not read PDB via RDKit. Skipping hydrogen addition.
2026-07-26 12:03:39 | INFO     |   Receptor PDBQT written via obabel (-xr): output/workdir/trypsin_clean.pdbqt
2026-07-26 12:03:39 | INFO     |   Computing trypsin active site centroid (His57, Asp102, Ser195) using side-chain atoms…
2026-07-26 12:03:39 | INFO     |     Trypsin active site center: [21.5 20.8 20.6]
2026-07-26 12:03:39 | INFO     |   Cleaning Human Carboxylesterase 1 (1YAH)…
2026-07-26 12:03:39 | WARNING  |   Could not read PDB via RDKit. Skipping hydrogen addition.
2026-07-26 12:03:39 | INFO     |   Receptor PDBQT written via obabel (-xr): output/workdir/CES1_clean.pdbqt
2026-07-26 12:03:39 | INFO     |   Computing CES1 active site centroid (Ser221, His468, Glu354) using side-chain atoms…
2026-07-26 12:03:39 | INFO     |     CES1 active site center: [21.5 20.8 20.6]
2026-07-26 12:03:39 | INFO     |   Cleaning CYP3A4 (1TQN)…
2026-07-26 12:03:39 | INFO     |   Structure 1TQN already local: output/pdb/1TQN.pdb
2026-07-26 12:03:39 | INFO     |   Polar hydrogens added to output/workdir/CYP3A4_clean.pdb
2026-07-26 12:03:44 | INFO     |   Receptor PDBQT written via obabel (-xr): output/workdir/CYP3A4_clean.pdbqt
2026-07-26 12:03:44 | INFO     |   Computing CYP3A4 active site centroid (heme Fe, Thr309, Ala370)…
2026-07-26 12:03:44 | INFO     |     CYP3A4 active site center: [-20.83707145 -22.85971421 -15.8193571 ]
2026-07-26 12:03:44 | INFO     |   Grid config saved: output/workdir/grid_configs/grid_active.txt
2026-07-26 12:03:44 | INFO     | ─── Phase 1 complete ───
2026-07-26 12:03:44 | INFO     | ─── Phase 0: Redocking Validation ───
2026-07-26 12:03:44 | INFO     | Skipping redocking: CI/mock mode
2026-07-26 12:03:44 | ERROR    |   ✗  Redocking validation did NOT reach the 'Validated' (≤ 1.5 Å) bar; docking results should be interpreted with caution. Proceeding and reporting the measured RMSD honestly in the CSV (protocol_trust).
2026-07-26 12:03:44 | WARNING  |   ⚠  Redocking validation is diagnostic only — the screen continues and the protocol_trust badge reflects the true measured RMSD.
2026-07-26 12:03:44 | INFO     |   Release status written: /Users/tom/Documents/apps/AutoAntibiotic/status.json
2026-07-26 12:03:44 | INFO     |   ✓  Enrichment validation: AUC=0.792, EF_1%=19.25
2026-07-26 12:03:44 | INFO     | ─── Phase 0.5 complete ───
2026-07-26 12:03:44 | INFO     | ─── Phase 2: Library Generation ───
2026-07-26 12:03:44 | INFO     |   Fragment pool: 111 unique fragments.
2026-07-26 12:06:27 | INFO     | AutoAntibiotic Discovery Pipeline v5.2.0
2026-07-26 12:06:27 | INFO     | ─── Phase 0: Dependency Check ───
2026-07-26 12:06:27 | INFO     |   ✓  AutoDock Vina binary found on PATH (version: AutoDock Vina v1.2.7)
2026-07-26 12:06:27 | INFO     |   ✓  OpenBabel binary found on PATH (version: Open Babel 3.1.0 -- Feb 17 2026 -- 07:27:20
Usage:
obabel [-i<input-type>] <infilename> [-o<output-type>] -O<outfilename> [Options]
Try  -H option for more information.)
2026-07-26 12:06:27 | INFO     |   ✓  All required Python packages found.
2026-07-26 12:06:27 | INFO     | ─── Phase 1: Target Preparation & Centroid Calculation ───
2026-07-26 12:06:27 | INFO     |   NOTE: bundled tests/data/*.pdb files are minimal mock structures for offline CI runs — they are NOT real crystallographic models. Any redocking RMSD computed against them is non-physical and must not be interpreted as a protocol-quality metric.
2026-07-26 12:06:27 | INFO     |   Run mode (from config): ci
2026-07-26 12:06:27 | INFO     |   Using local structure for 3ZG0: /Users/tom/Documents/apps/AutoAntibiotic/tests/data/3ZG0.pdb
2026-07-26 12:06:27 | INFO     |   Using local structure for 1VQQ: /Users/tom/Documents/apps/AutoAntibiotic/tests/data/1VQQ.pdb
2026-07-26 12:06:27 | INFO     |   Using local structure for 1UTN: /Users/tom/Documents/apps/AutoAntibiotic/tests/data/1UTN.pdb
2026-07-26 12:06:27 | INFO     |   Using local structure for 1YAH: /Users/tom/Documents/apps/AutoAntibiotic/tests/data/1YAH.pdb
2026-07-26 12:06:27 | INFO     |   Structure 1TQN already local: output/pdb/1TQN.pdb
2026-07-26 12:06:27 | INFO     |   Using local structure for 1VQQ: /Users/tom/Documents/apps/AutoAntibiotic/tests/data/1VQQ.pdb
2026-07-26 12:06:27 | INFO     |   Using local structure for 3ZG0: /Users/tom/Documents/apps/AutoAntibiotic/tests/data/3ZG0.pdb
2026-07-26 12:06:27 | INFO     |   Using local structure for 4DKI: /Users/tom/Documents/apps/AutoAntibiotic/tests/data/4DKI.pdb
2026-07-26 12:06:27 | INFO     | CI mode: using mock PDBs - not for scientific use.
2026-07-26 12:06:27 | INFO     |   Cleaning PBP2a (apo)…
2026-07-26 12:06:27 | WARNING  |   Could not read PDB via RDKit. Skipping hydrogen addition.
2026-07-26 12:06:27 | INFO     |   Receptor PDBQT written via obabel (-xr): output/workdir/PBP2a_clean.pdbqt
2026-07-26 12:06:27 | INFO     |   Cleaning PBP2a (holo, protein-only)…
2026-07-26 12:06:27 | WARNING  |   Could not read PDB via RDKit. Skipping hydrogen addition.
2026-07-26 12:06:27 | INFO     |   Receptor PDBQT written via obabel (-xr): output/workdir/PBP2a_holo_clean.pdbqt
2026-07-26 12:06:27 | WARNING  |   Could not read PDB via RDKit. Skipping hydrogen addition.
2026-07-26 12:06:27 | INFO     |   Receptor PDBQT written via obabel (-xr): output/workdir/PBP2a_3ZG0_clean.pdbqt
2026-07-26 12:06:27 | INFO     |   Added PBP2a conformer 3ZG0 receptor PDBQT: output/workdir/PBP2a_3ZG0_clean.pdbqt
2026-07-26 12:06:27 | WARNING  |   Could not read PDB via RDKit. Skipping hydrogen addition.
2026-07-26 12:06:28 | INFO     |   Receptor PDBQT written via obabel (-xr): output/workdir/PBP2a_4DKI_clean.pdbqt
2026-07-26 12:06:28 | INFO     |   Added PBP2a conformer 4DKI receptor PDBQT: output/workdir/PBP2a_4DKI_clean.pdbqt
2026-07-26 12:06:28 | INFO     |   Computing active site centroid (conserved residues SER403, LYS406, TYR446) using side-chain atoms…
2026-07-26 12:06:28 | INFO     |     Active site center: [49.75925926 49.39814815 49.39814815]
2026-07-26 12:06:28 | INFO     |   Computing allosteric site centroid (TYR105, GLN199, GLU237) using side-chain atoms…
2026-07-26 12:06:28 | INFO     |     Allosteric site center: [19.48148148 19.21296296 19.21296296]
2026-07-26 12:06:28 | INFO     |   Cleaning Human Trypsin (1UTN)…
2026-07-26 12:06:28 | WARNING  |   Could not read PDB via RDKit. Skipping hydrogen addition.
2026-07-26 12:06:28 | INFO     |   Receptor PDBQT written via obabel (-xr): output/workdir/trypsin_clean.pdbqt
2026-07-26 12:06:28 | INFO     |   Computing trypsin active site centroid (His57, Asp102, Ser195) using side-chain atoms…
2026-07-26 12:06:28 | INFO     |     Trypsin active site center: [21.5 20.8 20.6]
2026-07-26 12:06:28 | INFO     |   Cleaning Human Carboxylesterase 1 (1YAH)…
2026-07-26 12:06:28 | WARNING  |   Could not read PDB via RDKit. Skipping hydrogen addition.
2026-07-26 12:06:28 | INFO     |   Receptor PDBQT written via obabel (-xr): output/workdir/CES1_clean.pdbqt
2026-07-26 12:06:28 | INFO     |   Computing CES1 active site centroid (Ser221, His468, Glu354) using side-chain atoms…
2026-07-26 12:06:28 | INFO     |     CES1 active site center: [21.5 20.8 20.6]
2026-07-26 12:06:28 | INFO     |   Cleaning CYP3A4 (1TQN)…
2026-07-26 12:06:28 | INFO     |   Structure 1TQN already local: output/pdb/1TQN.pdb
2026-07-26 12:06:28 | INFO     |   Polar hydrogens added to output/workdir/CYP3A4_clean.pdb
2026-07-26 12:06:32 | INFO     |   Receptor PDBQT written via obabel (-xr): output/workdir/CYP3A4_clean.pdbqt
2026-07-26 12:06:32 | INFO     |   Computing CYP3A4 active site centroid (heme Fe, Thr309, Ala370)…
2026-07-26 12:06:32 | INFO     |     CYP3A4 active site center: [-20.83707145 -22.85971421 -15.8193571 ]
2026-07-26 12:06:32 | INFO     |   Grid config saved: output/workdir/grid_configs/grid_active.txt
2026-07-26 12:06:32 | INFO     | ─── Phase 1 complete ───
2026-07-26 12:06:32 | INFO     | ─── Phase 0: Redocking Validation ───
2026-07-26 12:06:32 | INFO     | Skipping redocking: CI/mock mode
2026-07-26 12:06:32 | ERROR    |   ✗  Redocking validation did NOT reach the 'Validated' (≤ 1.5 Å) bar; docking results should be interpreted with caution. Proceeding and reporting the measured RMSD honestly in the CSV (protocol_trust).
2026-07-26 12:06:32 | WARNING  |   ⚠  Redocking validation is diagnostic only — the screen continues and the protocol_trust badge reflects the true measured RMSD.
2026-07-26 12:06:32 | INFO     |   Release status written: /Users/tom/Documents/apps/AutoAntibiotic/status.json
2026-07-26 12:06:32 | INFO     |   ✓  Enrichment validation: AUC=0.792, EF_1%=19.25
2026-07-26 12:06:32 | INFO     | ─── Phase 0.5 complete ───
2026-07-26 12:06:32 | INFO     | ─── Phase 2: Library Generation ───
2026-07-26 12:06:32 | INFO     |   Fragment pool: 111 unique fragments.
2026-07-26 12:06:33 | INFO     |   Pass 1: 5 unique so far.
2026-07-26 12:06:33 | INFO     |   BRICS generated: 5 compounds.
2026-07-26 12:06:33 | INFO     |   After adding seeds: 5 compounds.
2026-07-26 12:06:33 | INFO     |   After adding known actives: 5 compounds.
2026-07-26 12:06:33 | INFO     |   Enforcing diversity filters...
2026-07-26 12:06:33 | INFO     |   After diversity filters: 4 candidates.
2026-07-26 12:06:33 | INFO     |   Library generation complete: 9 compounds.
2026-07-26 12:06:33 | INFO     | ─── Phase 2: Filtering ───
2026-07-26 12:06:33 | INFO     |   Structural exclusion (β-lactam): 0 removed.
2026-07-26 12:06:33 | INFO     |   Similarity filter (Tc < 0.3): 1 removed.
2026-07-26 12:06:33 | INFO     |   ADMET filter (Lipinski + QED > 0.5): 1 removed.
2026-07-26 12:06:33 | INFO     |   PAINS filter: 0 removed.
2026-07-26 12:06:33 | INFO     |   Brenk alerts: 2 removed.
2026-07-26 12:06:33 | INFO     |   Passed filters: 5 compounds.
2026-07-26 12:06:33 | INFO     |   Only 5 compounds passed filters (< 100). Relaxing similarity threshold to 0.5.
2026-07-26 12:06:33 | INFO     |   Structural exclusion (β-lactam): 0 removed.
2026-07-26 12:06:33 | INFO     |   Similarity filter (Tc < 0.5): 1 removed.
2026-07-26 12:06:33 | INFO     |   ADMET filter (Lipinski + QED > 0.5): 1 removed.
2026-07-26 12:06:33 | INFO     |   PAINS filter: 0 removed.
2026-07-26 12:06:33 | INFO     |   Brenk alerts: 2 removed.
2026-07-26 12:06:33 | INFO     |   Passed filters: 5 compounds.
2026-07-26 12:06:33 | INFO     | ─── Phase 2 complete ───
2026-07-26 12:06:33 | INFO     | ─── Phase 3: Virtual Screening ───
2026-07-26 12:06:33 | INFO     |   Docking all 5 compounds against PBP2a active site (3 conformers)…
2026-07-26 12:07:03 | INFO     |   Active-site docking complete: 5/5 scored.
2026-07-26 12:07:03 | INFO     |   Pharmacophore filter removed AA-0003: no Ser403 (15.25 Å) and no Lys406 (4.51 Å) contact
2026-07-26 12:07:03 | INFO     |   Pharmacophore pre-filter removed 1 surface-binder compounds.
2026-07-26 12:07:03 | INFO     |   Docking all 5 compounds against PBP2a allosteric site (3 conformers)…
2026-07-26 12:07:32 | INFO     | ─── Phase 0: Dependency Check ───
2026-07-26 12:07:32 | INFO     |   ✓  AutoDock Vina binary found on PATH (version: AutoDock Vina v1.2.7)
2026-07-26 12:07:32 | INFO     |   ✓  OpenBabel binary found on PATH (version: Open Babel 3.1.0 -- Feb 17 2026 -- 07:27:20
Usage:
obabel [-i<input-type>] <infilename> [-o<output-type>] -O<outfilename> [Options]
Try  -H option for more information.)
2026-07-26 12:07:32 | INFO     |   ✓  All required Python packages found.
2026-07-26 16:53:02 | INFO     | ─── Phase 0: Dependency Check ───
2026-07-26 16:53:02 | INFO     |   ✓  AutoDock Vina binary found on PATH (version: AutoDock Vina v1.2.7)
2026-07-26 16:53:02 | INFO     | ─── Phase 0: Dependency Check ───
2026-07-26 16:53:02 | INFO     |   ✓  AutoDock Vina binary found on PATH (version: AutoDock Vina v1.2.7)
2026-07-26 16:53:03 | INFO     |   ✓  OpenBabel binary found on PATH (version: Open Babel 3.1.0 -- Feb 17 2026 -- 07:38:51
Usage:
obabel [-i<input-type>] <infilename> [-o<output-type>] -O<outfilename> [Options]
Try  -H option for more information.)
2026-07-26 16:53:03 | INFO     |   ✓  All required Python packages found.
2026-07-26 16:53:03 | INFO     |   ✓  OpenBabel binary found on PATH (version: Open Babel 3.1.0 -- Feb 17 2026 -- 07:38:51
Usage:
obabel [-i<input-type>] <infilename> [-o<output-type>] -O<outfilename> [Options]
Try  -H option for more information.)
2026-07-26 16:53:03 | INFO     |   ✓  All required Python packages found.
2026-07-26 16:53:03 | INFO     | ─── Phase 1: Target Preparation & Centroid Calculation ───
2026-07-26 16:53:03 | INFO     |   NOTE: bundled tests/data/*.pdb files are minimal mock structures for offline CI runs — they are NOT real crystallographic models. Any redocking RMSD computed against them is non-physical and must not be interpreted as a protocol-quality metric.
2026-07-26 16:53:03 | INFO     |   Run mode (from config): science
2026-07-26 16:53:03 | INFO     |   Structure 3ZG0 already local: output/pdb/3ZG0.pdb
2026-07-26 16:53:03 | INFO     | ─── Phase 1: Target Preparation & Centroid Calculation ───
2026-07-26 16:53:03 | INFO     |   Structure 1VQQ already local: output/pdb/1VQQ.pdb
2026-07-26 16:53:03 | INFO     |   NOTE: bundled tests/data/*.pdb files are minimal mock structures for offline CI runs — they are NOT real crystallographic models. Any redocking RMSD computed against them is non-physical and must not be interpreted as a protocol-quality metric.
2026-07-26 16:53:03 | INFO     |   Structure 1UTN already local: output/pdb/1UTN.pdb
2026-07-26 16:53:03 | INFO     |   Run mode (from config): science
2026-07-26 16:53:03 | INFO     |   Structure 1YAH already local: output/pdb/1YAH.pdb
2026-07-26 16:53:03 | INFO     |   Structure 3ZG0 already local: output/pdb/3ZG0.pdb
2026-07-26 16:53:03 | INFO     |   Structure 1TQN already local: output/pdb/1TQN.pdb
2026-07-26 16:53:03 | INFO     |   Structure 1VQQ already local: output/pdb/1VQQ.pdb
2026-07-26 16:53:03 | INFO     |   Structure 1VQQ already local: output/pdb/1VQQ.pdb
2026-07-26 16:53:03 | INFO     |   Structure 3ZG0 already local: output/pdb/3ZG0.pdb
2026-07-26 16:53:03 | INFO     |   Structure 1UTN already local: output/pdb/1UTN.pdb
2026-07-26 16:53:03 | INFO     |   Structure 4DKI already local: output/pdb/4DKI.pdb
2026-07-26 16:53:03 | INFO     |   Structure 1YAH already local: output/pdb/1YAH.pdb
2026-07-26 16:53:03 | INFO     | Science mode: real scientific validation expected.
2026-07-26 16:53:03 | INFO     |   Structure 1TQN already local: output/pdb/1TQN.pdb
2026-07-26 16:53:03 | INFO     |   Structure 1VQQ already local: output/pdb/1VQQ.pdb
2026-07-26 16:53:03 | INFO     |   Structure 3ZG0 already local: output/pdb/3ZG0.pdb
2026-07-26 16:53:03 | INFO     |   Structure 4DKI already local: output/pdb/4DKI.pdb
2026-07-26 16:53:03 | INFO     | Science mode: real scientific validation expected.
2026-07-26 16:53:03 | INFO     |   Cleaning PBP2a (apo)…
2026-07-26 16:53:03 | INFO     |   Cleaning PBP2a (apo)…
2026-07-26 16:53:03 | INFO     |   Polar hydrogens added to output/workdir/PBP2a_clean.pdb
2026-07-26 16:53:03 | INFO     |   Polar hydrogens added to output/workdir/PBP2a_clean.pdb
2026-07-26 16:54:33 | INFO     |   Receptor PDBQT written via obabel (-xr): output/workdir/PBP2a_clean.pdbqt
2026-07-26 16:54:33 | INFO     |   Cleaning PBP2a (holo, protein-only)…
2026-07-26 16:54:33 | INFO     |   Receptor PDBQT written via obabel (-xr): output/workdir/PBP2a_clean.pdbqt
2026-07-26 16:54:33 | INFO     |   Cleaning PBP2a (holo, protein-only)…
2026-07-26 16:54:33 | WARNING  |   Could not read PDB via RDKit. Skipping hydrogen addition.
2026-07-26 16:54:33 | WARNING  |   Could not read PDB via RDKit. Skipping hydrogen addition.
2026-07-26 16:54:33 | INFO     |   Receptor PDBQT written via obabel (-xr): output/workdir/PBP2a_holo_clean.pdbqt
2026-07-26 16:54:33 | INFO     |   Receptor PDBQT written via obabel (-xr): output/workdir/PBP2a_holo_clean.pdbqt
2026-07-26 16:54:33 | WARNING  |   Could not read PDB via RDKit. Skipping hydrogen addition.
2026-07-26 16:54:33 | WARNING  |   Could not read PDB via RDKit. Skipping hydrogen addition.
2026-07-26 16:54:34 | INFO     |   Receptor PDBQT written via obabel (-xr): output/workdir/PBP2a_3ZG0_clean.pdbqt
2026-07-26 16:54:34 | INFO     |   Added PBP2a conformer 3ZG0 receptor PDBQT: output/workdir/PBP2a_3ZG0_clean.pdbqt
2026-07-26 16:54:34 | INFO     |   Receptor PDBQT written via obabel (-xr): output/workdir/PBP2a_3ZG0_clean.pdbqt
2026-07-26 16:54:34 | INFO     |   Added PBP2a conformer 3ZG0 receptor PDBQT: output/workdir/PBP2a_3ZG0_clean.pdbqt
2026-07-26 16:54:34 | INFO     |   Polar hydrogens added to output/workdir/PBP2a_4DKI_clean.pdb
2026-07-26 16:54:34 | INFO     |   Polar hydrogens added to output/workdir/PBP2a_4DKI_clean.pdb
2026-07-26 16:55:22 | INFO     | ─── Phase 0: Dependency Check ───
2026-07-26 16:55:22 | INFO     |   ✓  AutoDock Vina binary found on PATH (version: AutoDock Vina v1.2.7)
2026-07-26 16:55:22 | INFO     |   ✓  OpenBabel binary found on PATH (version: Open Babel 3.1.0 -- Feb 17 2026 -- 07:38:51
Usage:
obabel [-i<input-type>] <infilename> [-o<output-type>] -O<outfilename> [Options]
Try  -H option for more information.)
2026-07-26 16:55:22 | INFO     |   ✓  All required Python packages found.
2026-07-26 16:55:22 | INFO     | ─── Phase 1: Target Preparation & Centroid Calculation ───
2026-07-26 16:55:22 | INFO     |   NOTE: bundled tests/data/*.pdb files are minimal mock structures for offline CI runs — they are NOT real crystallographic models. Any redocking RMSD computed against them is non-physical and must not be interpreted as a protocol-quality metric.
2026-07-26 16:55:22 | INFO     |   Run mode (from config): science
2026-07-26 16:55:22 | INFO     |   Structure 3ZG0 already local: output/pdb/3ZG0.pdb
2026-07-26 16:55:22 | INFO     |   Structure 1VQQ already local: output/pdb/1VQQ.pdb
2026-07-26 16:55:22 | INFO     |   Structure 1UTN already local: output/pdb/1UTN.pdb
2026-07-26 16:55:22 | INFO     |   Structure 1YAH already local: output/pdb/1YAH.pdb
2026-07-26 16:55:22 | INFO     |   Structure 1TQN already local: output/pdb/1TQN.pdb
2026-07-26 16:55:22 | INFO     |   Structure 1VQQ already local: output/pdb/1VQQ.pdb
2026-07-26 16:55:22 | INFO     |   Structure 3ZG0 already local: output/pdb/3ZG0.pdb
2026-07-26 16:55:22 | INFO     |   Structure 4DKI already local: output/pdb/4DKI.pdb
2026-07-26 16:55:22 | INFO     | Science mode: real scientific validation expected.
2026-07-26 16:55:22 | INFO     |   Cleaning PBP2a (apo)…
2026-07-26 16:55:23 | INFO     |   Polar hydrogens added to output/workdir/PBP2a_clean.pdb
2026-07-26 16:59:23 | INFO     | ─── Phase 0: Dependency Check ───
2026-07-26 16:59:23 | INFO     |   ✓  AutoDock Vina binary found on PATH (version: AutoDock Vina v1.2.7)
2026-07-26 16:59:23 | INFO     |   ✓  OpenBabel binary found on PATH (version: Open Babel 3.1.0 -- Feb 17 2026 -- 07:38:51
Usage:
obabel [-i<input-type>] <infilename> [-o<output-type>] -O<outfilename> [Options]
Try  -H option for more information.)
2026-07-26 16:59:23 | INFO     |   ✓  All required Python packages found.
2026-07-26 16:59:23 | INFO     | ─── Phase 1: Target Preparation & Centroid Calculation ───
2026-07-26 16:59:23 | INFO     |   NOTE: bundled tests/data/*.pdb files are minimal mock structures for offline CI runs — they are NOT real crystallographic models. Any redocking RMSD computed against them is non-physical and must not be interpreted as a protocol-quality metric.
2026-07-26 16:59:23 | INFO     |   Run mode (from config): science
2026-07-26 16:59:23 | INFO     |   Structure 3ZG0 already local: output/pdb/3ZG0.pdb
2026-07-26 16:59:23 | INFO     |   Structure 1VQQ already local: output/pdb/1VQQ.pdb
2026-07-26 16:59:23 | INFO     |   Structure 1UTN already local: output/pdb/1UTN.pdb
2026-07-26 16:59:23 | INFO     |   Structure 1YAH already local: output/pdb/1YAH.pdb
2026-07-26 16:59:23 | INFO     |   Structure 1TQN already local: output/pdb/1TQN.pdb
2026-07-26 16:59:23 | INFO     |   Structure 1VQQ already local: output/pdb/1VQQ.pdb
2026-07-26 16:59:23 | INFO     |   Structure 3ZG0 already local: output/pdb/3ZG0.pdb
2026-07-26 16:59:23 | INFO     |   Structure 4DKI already local: output/pdb/4DKI.pdb
2026-07-26 16:59:23 | INFO     | Science mode: real scientific validation expected.
2026-07-26 16:59:23 | INFO     |   Cleaning PBP2a (apo)…
2026-07-26 16:59:23 | INFO     |   Polar hydrogens added to output/workdir/PBP2a_clean.pdb
2026-07-26 16:59:24 | INFO     |   Receptor PDBQT written via obabel (-xr): output/workdir/PBP2a_clean.pdbqt
2026-07-26 16:59:24 | INFO     |   Cleaning PBP2a (holo, protein-only)…
2026-07-26 16:59:25 | WARNING  |   Could not read PDB via RDKit. Skipping hydrogen addition.
2026-07-26 16:59:25 | INFO     |   Receptor PDBQT written via obabel (-xr): output/workdir/PBP2a_holo_clean.pdbqt
2026-07-26 16:59:25 | WARNING  |   Could not read PDB via RDKit. Skipping hydrogen addition.
2026-07-26 16:59:25 | INFO     |   Receptor PDBQT written via obabel (-xr): output/workdir/PBP2a_3ZG0_clean.pdbqt
2026-07-26 16:59:25 | INFO     |   Added PBP2a conformer 3ZG0 receptor PDBQT: output/workdir/PBP2a_3ZG0_clean.pdbqt
2026-07-26 16:59:26 | INFO     |   Polar hydrogens added to output/workdir/PBP2a_4DKI_clean.pdb
2026-07-26 16:59:27 | INFO     |   Receptor PDBQT written via obabel (-xr): output/workdir/PBP2a_4DKI_clean.pdbqt
2026-07-26 16:59:27 | INFO     |   Added PBP2a conformer 4DKI receptor PDBQT: output/workdir/PBP2a_4DKI_clean.pdbqt
2026-07-26 16:59:27 | INFO     |   Computing active site centroid (conserved residues SER403, LYS406, TYR446) using side-chain atoms…
2026-07-26 16:59:27 | INFO     |     Active site center: [23.95072216 27.87146293 88.53164786]
2026-07-26 16:59:27 | INFO     |   Computing allosteric site centroid (TYR105, GLN199, GLU237) using side-chain atoms…
2026-07-26 16:59:28 | INFO     |     Allosteric site center: [24.97548178 30.9366667  28.8698331 ]
2026-07-26 16:59:28 | INFO     |   Cleaning Human Trypsin (1UTN)…
2026-07-26 16:59:28 | INFO     |   Polar hydrogens added to output/workdir/trypsin_clean.pdb
2026-07-26 16:59:28 | INFO     |   Receptor PDBQT written via obabel (-xr): output/workdir/trypsin_clean.pdbqt
2026-07-26 16:59:28 | INFO     |   Computing trypsin active site centroid (His57, Asp102, Ser195) using side-chain atoms…
2026-07-26 16:59:28 | INFO     |     Trypsin active site center: [22.54101663 14.86204433 22.53591386]
2026-07-26 16:59:28 | INFO     |   Cleaning Human Carboxylesterase 1 (1YAH)…
2026-07-26 16:59:28 | INFO     |   Polar hydrogens added to output/workdir/CES1_clean.pdb
2026-07-26 16:59:30 | INFO     |   Receptor PDBQT written via obabel (-xr): output/workdir/CES1_clean.pdbqt
2026-07-26 16:59:30 | INFO     |   Computing CES1 active site centroid (Ser221, His468, Glu354) using side-chain atoms…
2026-07-26 16:59:31 | INFO     |     CES1 active site center: [-7.13865188 43.85391877 37.96102563]
2026-07-26 16:59:31 | INFO     |   Cleaning CYP3A4 (1TQN)…
2026-07-26 16:59:31 | INFO     |   Structure 1TQN already local: output/pdb/1TQN.pdb
2026-07-26 16:59:31 | INFO     |   Polar hydrogens added to output/workdir/CYP3A4_clean.pdb
2026-07-26 16:59:31 | INFO     |   Receptor PDBQT written via obabel (-xr): output/workdir/CYP3A4_clean.pdbqt
2026-07-26 16:59:31 | INFO     |   Computing CYP3A4 active site centroid (heme Fe, Thr309, Ala370)…
2026-07-26 16:59:31 | INFO     |     CYP3A4 active site center: [-20.83707145 -22.85971421 -15.8193571 ]
2026-07-26 16:59:31 | INFO     |   Grid config saved: output/workdir/grid_configs/grid_active.txt
2026-07-26 16:59:31 | INFO     | ─── Phase 1 complete ───
2026-07-26 16:59:31 | INFO     | ─── Phase 0: Redocking Validation ───
2026-07-26 16:59:31 | INFO     |   Native ligand (resname override 'AI8'): chain A, residue AI8
2026-07-26 16:59:31 | INFO     |   Native ligand SMILES: CCONC(C(O)N[C@H](CO)[C@@H]1NC(C(O)O)[C@@H](SC2NC(C3CCN(C)CC3)CS2)CS1)[C@@H]1NSC(N)N1
2026-07-26 16:59:31 | INFO     |   Native ligand PDBQT written to output/workdir/native_ligand.pdbqt
2026-07-26 16:59:31 | INFO     |   Redocking native ligand into PBP2a…
2026-07-26 16:59:31 | INFO     |   Redocking box: 18.7 x 29.1 x 21.4 Å (auto-sized from native ligand).
2026-07-26 17:01:05 | INFO     |   [Vina stdout, conformer 0 seed 1] AutoDock Vina v1.2.7
#################################################################
# If you used AutoDock Vina in your work, please cite:          #
#                                                               #
# J. Eberhardt, D. Santos-Martins, A. F. Tillack, and S. Forli  #
# AutoDock Vina 1.2.0: New Docking Methods, Expanded Force      #
# Field, and Python Bindings, J. Chem. Inf. Model. (2021)       #
# DOI 10.1021/acs.jcim.1c00203                                  #
#                                                               #
# O. Trott, A. J. Olson,                                        #
# AutoDock Vina: improving the speed and accuracy of docking    #
# with a new scoring function, efficient optimization and       #
# multithreading, J. Comp. Chem. (2010)                         #
# DOI 10.1002/jcc.21334                                         #
#                                                               #
# Please see https://github.com/ccsb-scripps/AutoDock-Vina for  #
# more information.                                             #
#################################################################

Scoring function : vina
Rigid receptor: output/workdir/PBP2a_clean.pdbqt
Ligand: output/workdir/native_ligand.pdbqt
Grid center: X 27.902 Y 29.847 Z 88.317
Grid size  : X 18.7 Y 29.1 Z 21.4
Grid space : 0.375
Exhaustiveness: 32
CPU: 0
Verbosity: 1

Computing Vina grid ... done.
Performing docking (random seed: 1) ... 
0%   10   20   30   40   50   60   70   80   90   100%
|----|----|----|----|----|----|----|----|----|----|
***************************************************

mode |   affinity | dist from best mode
     | (kcal/mol) | rmsd l.b.| rmsd u.b.
-----+------------+----------+----------
   1       -6.952          0          0
   2       -6.791      3.637      9.872
   3        -6.77      3.405      7.121
2026-07-26 17:01:06 | INFO     |   RMSD (Kabsch, 27 atoms) = 1.937 Å
2026-07-26 17:01:06 | INFO     |   Core RMSD (ring scaffold, 12 atoms) = 1.251 Å
2026-07-26 17:01:06 | INFO     |   Redocking RMSD (conformer 0, seed 1) = 1.937 Å (core 1.251 Å)
2026-07-26 17:02:31 | INFO     |   [Vina stdout, conformer 0 seed 2] AutoDock Vina v1.2.7
#################################################################
# If you used AutoDock Vina in your work, please cite:          #
#                                                               #
# J. Eberhardt, D. Santos-Martins, A. F. Tillack, and S. Forli  #
# AutoDock Vina 1.2.0: New Docking Methods, Expanded Force      #
# Field, and Python Bindings, J. Chem. Inf. Model. (2021)       #
# DOI 10.1021/acs.jcim.1c00203                                  #
#                                                               #
# O. Trott, A. J. Olson,                                        #
# AutoDock Vina: improving the speed and accuracy of docking    #
# with a new scoring function, efficient optimization and       #
# multithreading, J. Comp. Chem. (2010)                         #
# DOI 10.1002/jcc.21334                                         #
#                                                               #
# Please see https://github.com/ccsb-scripps/AutoDock-Vina for  #
# more information.                                             #
#################################################################

Scoring function : vina
Rigid receptor: output/workdir/PBP2a_clean.pdbqt
Ligand: output/workdir/native_ligand.pdbqt
Grid center: X 27.902 Y 29.847 Z 88.317
Grid size  : X 18.7 Y 29.1 Z 21.4
Grid space : 0.375
Exhaustiveness: 32
CPU: 0
Verbosity: 1

Computing Vina grid ... done.
Performing docking (random seed: 2) ... 
0%   10   20   30   40   50   60   70   80   90   100%
|----|----|----|----|----|----|----|----|----|----|
***************************************************

mode |   affinity | dist from best mode
     | (kcal/mol) | rmsd l.b.| rmsd u.b.
-----+------------+----------+----------
   1       -6.857          0          0
   2       -6.817      3.164      6.962
   3       -6.515      12.27      15.95
2026-07-26 17:02:32 | INFO     |   RMSD (Kabsch, 27 atoms) = 2.091 Å
2026-07-26 17:02:32 | INFO     |   Core RMSD (ring scaffold, 12 atoms) = 1.235 Å
2026-07-26 17:02:32 | INFO     |   Redocking RMSD (conformer 0, seed 2) = 2.091 Å (core 1.235 Å)
2026-07-26 17:03:58 | INFO     |   [Vina stdout, conformer 0 seed 3] AutoDock Vina v1.2.7
#################################################################
# If you used AutoDock Vina in your work, please cite:          #
#                                                               #
# J. Eberhardt, D. Santos-Martins, A. F. Tillack, and S. Forli  #
# AutoDock Vina 1.2.0: New Docking Methods, Expanded Force      #
# Field, and Python Bindings, J. Chem. Inf. Model. (2021)       #
# DOI 10.1021/acs.jcim.1c00203                                  #
#                                                               #
# O. Trott, A. J. Olson,                                        #
# AutoDock Vina: improving the speed and accuracy of docking    #
# with a new scoring function, efficient optimization and       #
# multithreading, J. Comp. Chem. (2010)                         #
# DOI 10.1002/jcc.21334                                         #
#                                                               #
# Please see https://github.com/ccsb-scripps/AutoDock-Vina for  #
# more information.                                             #
#################################################################

Scoring function : vina
Rigid receptor: output/workdir/PBP2a_clean.pdbqt
Ligand: output/workdir/native_ligand.pdbqt
Grid center: X 27.902 Y 29.847 Z 88.317
Grid size  : X 18.7 Y 29.1 Z 21.4
Grid space : 0.375
Exhaustiveness: 32
CPU: 0
Verbosity: 1

Computing Vina grid ... done.
Performing docking (random seed: 3) ... 
0%   10   20   30   40   50   60   70   80   90   100%
|----|----|----|----|----|----|----|----|----|----|
***************************************************

mode |   affinity | dist from best mode
     | (kcal/mol) | rmsd l.b.| rmsd u.b.
-----+------------+----------+----------
   1       -6.917          0          0
   2       -6.581      1.606      2.145
   3       -6.443      11.11      15.51
2026-07-26 17:03:58 | INFO     |   RMSD (Kabsch, 27 atoms) = 2.069 Å
2026-07-26 17:03:58 | INFO     |   Core RMSD (ring scaffold, 12 atoms) = 1.223 Å
2026-07-26 17:03:58 | INFO     |   Redocking RMSD (conformer 0, seed 3) = 2.069 Å (core 1.223 Å)
2026-07-26 17:03:58 | INFO     |   Multi-start RMSDs (conformer 0) = 1.937, 2.091, 2.069 Å; best = 1.937 Å
2026-07-26 17:05:25 | INFO     |   [Vina stdout, conformer 1 seed 1] AutoDock Vina v1.2.7
#################################################################
# If you used AutoDock Vina in your work, please cite:          #
#                                                               #
# J. Eberhardt, D. Santos-Martins, A. F. Tillack, and S. Forli  #
# AutoDock Vina 1.2.0: New Docking Methods, Expanded Force      #
# Field, and Python Bindings, J. Chem. Inf. Model. (2021)       #
# DOI 10.1021/acs.jcim.1c00203                                  #
#                                                               #
# O. Trott, A. J. Olson,                                        #
# AutoDock Vina: improving the speed and accuracy of docking    #
# with a new scoring function, efficient optimization and       #
# multithreading, J. Comp. Chem. (2010)                         #
# DOI 10.1002/jcc.21334                                         #
#                                                               #
# Please see https://github.com/ccsb-scripps/AutoDock-Vina for  #
# more information.                                             #
#################################################################

Scoring function : vina
Rigid receptor: output/workdir/PBP2a_3ZG0_clean.pdbqt
Ligand: output/workdir/native_ligand.pdbqt
Grid center: X 27.902 Y 29.847 Z 88.317
Grid size  : X 18.7 Y 29.1 Z 21.4
Grid space : 0.375
Exhaustiveness: 32
CPU: 0
Verbosity: 1

Computing Vina grid ... done.
Performing docking (random seed: 1) ... 
0%   10   20   30   40   50   60   70   80   90   100%
|----|----|----|----|----|----|----|----|----|----|
***************************************************

mode |   affinity | dist from best mode
     | (kcal/mol) | rmsd l.b.| rmsd u.b.
-----+------------+----------+----------
   1       -6.699          0          0
   2       -6.482      1.962      2.954
   3       -6.448       3.17       12.5
2026-07-26 17:05:25 | INFO     |   RMSD (Kabsch, 27 atoms) = 2.071 Å
2026-07-26 17:05:25 | INFO     |   Core RMSD (ring scaffold, 12 atoms) = 1.114 Å
2026-07-26 17:05:25 | INFO     |   Redocking RMSD (conformer 1, seed 1) = 2.071 Å (core 1.114 Å)
2026-07-26 17:06:49 | INFO     |   [Vina stdout, conformer 1 seed 2] AutoDock Vina v1.2.7
#################################################################
# If you used AutoDock Vina in your work, please cite:          #
#                                                               #
# J. Eberhardt, D. Santos-Martins, A. F. Tillack, and S. Forli  #
# AutoDock Vina 1.2.0: New Docking Methods, Expanded Force      #
# Field, and Python Bindings, J. Chem. Inf. Model. (2021)       #
# DOI 10.1021/acs.jcim.1c00203                                  #
#                                                               #
# O. Trott, A. J. Olson,                                        #
# AutoDock Vina: improving the speed and accuracy of docking    #
# with a new scoring function, efficient optimization and       #
# multithreading, J. Comp. Chem. (2010)                         #
# DOI 10.1002/jcc.21334                                         #
#                                                               #
# Please see https://github.com/ccsb-scripps/AutoDock-Vina for  #
# more information.                                             #
#################################################################

Scoring function : vina
Rigid receptor: output/workdir/PBP2a_3ZG0_clean.pdbqt
Ligand: output/workdir/native_ligand.pdbqt
Grid center: X 27.902 Y 29.847 Z 88.317
Grid size  : X 18.7 Y 29.1 Z 21.4
Grid space : 0.375
Exhaustiveness: 32
CPU: 0
Verbosity: 1

Computing Vina grid ... done.
Performing docking (random seed: 2) ... 
0%   10   20   30   40   50   60   70   80   90   100%
|----|----|----|----|----|----|----|----|----|----|
***************************************************

mode |   affinity | dist from best mode
     | (kcal/mol) | rmsd l.b.| rmsd u.b.
-----+------------+----------+----------
   1       -6.832          0          0
   2         -6.6      3.476      12.54
   3       -6.597      3.647      7.467
2026-07-26 17:06:49 | INFO     |   RMSD (Kabsch, 27 atoms) = 2.146 Å
2026-07-26 17:06:49 | INFO     |   Core RMSD (ring scaffold, 12 atoms) = 1.215 Å
2026-07-26 17:06:49 | INFO     |   Redocking RMSD (conformer 1, seed 2) = 2.146 Å (core 1.215 Å)
2026-07-26 17:08:13 | INFO     |   [Vina stdout, conformer 1 seed 3] AutoDock Vina v1.2.7
#################################################################
# If you used AutoDock Vina in your work, please cite:          #
#                                                               #
# J. Eberhardt, D. Santos-Martins, A. F. Tillack, and S. Forli  #
# AutoDock Vina 1.2.0: New Docking Methods, Expanded Force      #
# Field, and Python Bindings, J. Chem. Inf. Model. (2021)       #
# DOI 10.1021/acs.jcim.1c00203                                  #
#                                                               #
# O. Trott, A. J. Olson,                                        #
# AutoDock Vina: improving the speed and accuracy of docking    #
# with a new scoring function, efficient optimization and       #
# multithreading, J. Comp. Chem. (2010)                         #
# DOI 10.1002/jcc.21334                                         #
#                                                               #
# Please see https://github.com/ccsb-scripps/AutoDock-Vina for  #
# more information.                                             #
#################################################################

Scoring function : vina
Rigid receptor: output/workdir/PBP2a_3ZG0_clean.pdbqt
Ligand: output/workdir/native_ligand.pdbqt
Grid center: X 27.902 Y 29.847 Z 88.317
Grid size  : X 18.7 Y 29.1 Z 21.4
Grid space : 0.375
Exhaustiveness: 32
CPU: 0
Verbosity: 1

Computing Vina grid ... done.
Performing docking (random seed: 3) ... 
0%   10   20   30   40   50   60   70   80   90   100%
|----|----|----|----|----|----|----|----|----|----|
***************************************************

mode |   affinity | dist from best mode
     | (kcal/mol) | rmsd l.b.| rmsd u.b.
-----+------------+----------+----------
   1        -6.83          0          0
   2       -6.593      3.473      12.56
   3       -6.506      4.095      9.202
2026-07-26 17:08:13 | INFO     |   RMSD (Kabsch, 27 atoms) = 2.119 Å
2026-07-26 17:08:13 | INFO     |   Core RMSD (ring scaffold, 12 atoms) = 1.187 Å
2026-07-26 17:08:13 | INFO     |   Redocking RMSD (conformer 1, seed 3) = 2.119 Å (core 1.187 Å)
2026-07-26 17:08:13 | INFO     |   Multi-start RMSDs (conformer 1) = 2.071, 2.146, 2.119 Å; best = 2.071 Å
2026-07-26 17:09:35 | INFO     |   [Vina stdout, conformer 2 seed 1] AutoDock Vina v1.2.7
#################################################################
# If you used AutoDock Vina in your work, please cite:          #
#                                                               #
# J. Eberhardt, D. Santos-Martins, A. F. Tillack, and S. Forli  #
# AutoDock Vina 1.2.0: New Docking Methods, Expanded Force      #
# Field, and Python Bindings, J. Chem. Inf. Model. (2021)       #
# DOI 10.1021/acs.jcim.1c00203                                  #
#                                                               #
# O. Trott, A. J. Olson,                                        #
# AutoDock Vina: improving the speed and accuracy of docking    #
# with a new scoring function, efficient optimization and       #
# multithreading, J. Comp. Chem. (2010)                         #
# DOI 10.1002/jcc.21334                                         #
#                                                               #
# Please see https://github.com/ccsb-scripps/AutoDock-Vina for  #
# more information.                                             #
#################################################################

Scoring function : vina
Rigid receptor: output/workdir/PBP2a_4DKI_clean.pdbqt
Ligand: output/workdir/native_ligand.pdbqt
Grid center: X 27.902 Y 29.847 Z 88.317
Grid size  : X 18.7 Y 29.1 Z 21.4
Grid space : 0.375
Exhaustiveness: 32
CPU: 0
Verbosity: 1

Computing Vina grid ... done.
Performing docking (random seed: 1) ... 
0%   10   20   30   40   50   60   70   80   90   100%
|----|----|----|----|----|----|----|----|----|----|
***************************************************

mode |   affinity | dist from best mode
     | (kcal/mol) | rmsd l.b.| rmsd u.b.
-----+------------+----------+----------
   1       -7.884          0          0
   2       -7.843      2.742      4.296
   3       -7.709      2.962      6.506
2026-07-26 17:09:35 | INFO     |   RMSD (Kabsch, 27 atoms) = 2.795 Å
2026-07-26 17:09:35 | INFO     |   Core RMSD (ring scaffold, 12 atoms) = 1.154 Å
2026-07-26 17:09:35 | INFO     |   Redocking RMSD (conformer 2, seed 1) = 2.795 Å (core 1.154 Å)
2026-07-26 17:10:53 | INFO     |   [Vina stdout, conformer 2 seed 2] AutoDock Vina v1.2.7
#################################################################
# If you used AutoDock Vina in your work, please cite:          #
#                                                               #
# J. Eberhardt, D. Santos-Martins, A. F. Tillack, and S. Forli  #
# AutoDock Vina 1.2.0: New Docking Methods, Expanded Force      #
# Field, and Python Bindings, J. Chem. Inf. Model. (2021)       #
# DOI 10.1021/acs.jcim.1c00203                                  #
#                                                               #
# O. Trott, A. J. Olson,                                        #
# AutoDock Vina: improving the speed and accuracy of docking    #
# with a new scoring function, efficient optimization and       #
# multithreading, J. Comp. Chem. (2010)                         #
# DOI 10.1002/jcc.21334                                         #
#                                                               #
# Please see https://github.com/ccsb-scripps/AutoDock-Vina for  #
# more information.                                             #
#################################################################

Scoring function : vina
Rigid receptor: output/workdir/PBP2a_4DKI_clean.pdbqt
Ligand: output/workdir/native_ligand.pdbqt
Grid center: X 27.902 Y 29.847 Z 88.317
Grid size  : X 18.7 Y 29.1 Z 21.4
Grid space : 0.375
Exhaustiveness: 32
CPU: 0
Verbosity: 1

Computing Vina grid ... done.
Performing docking (random seed: 2) ... 
0%   10   20   30   40   50   60   70   80   90   100%
|----|----|----|----|----|----|----|----|----|----|
***************************************************

mode |   affinity | dist from best mode
     | (kcal/mol) | rmsd l.b.| rmsd u.b.
-----+------------+----------+----------
   1       -7.832          0          0
   2       -7.691       3.28      9.288
   3       -7.665      2.342      3.761
2026-07-26 17:10:54 | INFO     |   RMSD (Kabsch, 27 atoms) = 2.838 Å
2026-07-26 17:10:54 | INFO     |   Core RMSD (ring scaffold, 12 atoms) = 1.158 Å
2026-07-26 17:10:54 | INFO     |   Redocking RMSD (conformer 2, seed 2) = 2.838 Å (core 1.158 Å)
2026-07-26 17:12:12 | INFO     |   [Vina stdout, conformer 2 seed 3] AutoDock Vina v1.2.7
#################################################################
# If you used AutoDock Vina in your work, please cite:          #
#                                                               #
# J. Eberhardt, D. Santos-Martins, A. F. Tillack, and S. Forli  #
# AutoDock Vina 1.2.0: New Docking Methods, Expanded Force      #
# Field, and Python Bindings, J. Chem. Inf. Model. (2021)       #
# DOI 10.1021/acs.jcim.1c00203                                  #
#                                                               #
# O. Trott, A. J. Olson,                                        #
# AutoDock Vina: improving the speed and accuracy of docking    #
# with a new scoring function, efficient optimization and       #
# multithreading, J. Comp. Chem. (2010)                         #
# DOI 10.1002/jcc.21334                                         #
#                                                               #
# Please see https://github.com/ccsb-scripps/AutoDock-Vina for  #
# more information.                                             #
#################################################################

Scoring function : vina
Rigid receptor: output/workdir/PBP2a_4DKI_clean.pdbqt
Ligand: output/workdir/native_ligand.pdbqt
Grid center: X 27.902 Y 29.847 Z 88.317
Grid size  : X 18.7 Y 29.1 Z 21.4
Grid space : 0.375
Exhaustiveness: 32
CPU: 0
Verbosity: 1

Computing Vina grid ... done.
Performing docking (random seed: 3) ... 
0%   10   20   30   40   50   60   70   80   90   100%
|----|----|----|----|----|----|----|----|----|----|
***************************************************

mode |   affinity | dist from best mode
     | (kcal/mol) | rmsd l.b.| rmsd u.b.
-----+------------+----------+----------
   1       -7.692          0          0
   2       -7.616      2.931      6.421
   3       -7.436       3.21      6.719
2026-07-26 17:12:12 | INFO     |   RMSD (Kabsch, 27 atoms) = 2.843 Å
2026-07-26 17:12:12 | INFO     |   Core RMSD (ring scaffold, 12 atoms) = 1.157 Å
2026-07-26 17:12:12 | INFO     |   Redocking RMSD (conformer 2, seed 3) = 2.843 Å (core 1.157 Å)
2026-07-26 17:12:12 | INFO     |   Multi-start RMSDs (conformer 2) = 2.795, 2.838, 2.843 Å; best = 2.795 Å
2026-07-26 17:12:12 | INFO     |   Best (consensus) Redocking RMSD = 1.937 Å (full-ligand); core (active-site scaffold) = 1.251 Å
2026-07-26 17:12:12 | INFO     |   ✓  Redocking validated (core RMSD = 1.251 Å ≤ 2.0 Å).
2026-07-26 17:12:12 | INFO     |   Validation results written: output/workdir/validation_results.json
2026-07-26 17:12:12 | INFO     |   Release status written: /Users/tom/Documents/apps/AutoAntibiotic/status.json
2026-07-26 17:12:12 | INFO     |   ✓  Enrichment validation: AUC=0.792, EF_1%=19.25
2026-07-26 17:12:12 | INFO     | ─── Phase 0.5 complete ───
2026-07-26 17:12:12 | INFO     | ─── Phase 2: Library Generation ───
2026-07-26 17:12:12 | INFO     |   Fragment pool: 111 unique fragments.
2026-07-26 17:14:43 | INFO     |   Pass 1: 500 unique so far.
2026-07-26 17:14:43 | INFO     |   BRICS generated: 500 compounds.
2026-07-26 17:14:43 | INFO     |   After adding seeds: 500 compounds.
2026-07-26 17:14:43 | INFO     |   After adding known actives: 500 compounds.
2026-07-26 17:14:43 | INFO     |   Enforcing diversity filters...
2026-07-26 17:14:43 | INFO     |   After diversity filters: 14 candidates.
2026-07-26 17:14:43 | INFO     |   Library generation complete: 19 compounds.
2026-07-26 17:14:43 | INFO     | ─── Phase 2: Filtering ───
2026-07-26 17:14:43 | INFO     |   Structural exclusion (β-lactam): 0 removed.
2026-07-26 17:14:43 | INFO     |   Similarity filter (Tc < 0.3): 1 removed.
2026-07-26 17:14:43 | INFO     |   ADMET filter (Lipinski + QED > 0.5): 1 removed.
2026-07-26 17:14:43 | INFO     |   PAINS filter: 1 removed.
2026-07-26 17:14:43 | INFO     |   Brenk alerts: 4 removed.
2026-07-26 17:14:43 | INFO     |   Passed filters: 12 compounds.
2026-07-26 17:14:43 | INFO     |   Only 12 compounds passed filters (< 100). Relaxing similarity threshold to 0.5.
2026-07-26 17:14:43 | INFO     |   Structural exclusion (β-lactam): 0 removed.
2026-07-26 17:14:43 | INFO     |   Similarity filter (Tc < 0.5): 1 removed.
2026-07-26 17:14:43 | INFO     |   ADMET filter (Lipinski + QED > 0.5): 1 removed.
2026-07-26 17:14:43 | INFO     |   PAINS filter: 1 removed.
2026-07-26 17:14:43 | INFO     |   Brenk alerts: 4 removed.
2026-07-26 17:14:43 | INFO     |   Passed filters: 12 compounds.
2026-07-26 17:14:43 | INFO     | ─── Phase 2 complete ───
2026-07-26 17:14:43 | INFO     | ─── Phase 3: Virtual Screening ───
2026-07-26 17:14:43 | INFO     |   Docking all 12 compounds against PBP2a active site (3 conformers)…
2026-07-26 17:16:14 | INFO     |   Active-site docking complete: 12/12 scored.
2026-07-26 17:16:17 | INFO     |   Pharmacophore pre-filter removed 0 surface-binder compounds.
2026-07-26 17:16:17 | INFO     |   Docking all 12 compounds against PBP2a allosteric site (3 conformers)…
2026-07-26 17:17:53 | INFO     |   Allosteric-site docking complete: 12/12 scored.
2026-07-26 17:17:53 | INFO     |   Top 12 candidates by best energy.
2026-07-26 17:17:53 | INFO     |     1. AA-0232: -9.36 kcal/mol (active: -9.36)
2026-07-26 17:17:53 | INFO     |     2. CTRL_POS_DIOSM01: -8.86 kcal/mol (active: -8.86)
2026-07-26 17:17:53 | INFO     |     3. AA-0030: -8.81 kcal/mol (active: -8.81)
2026-07-26 17:17:53 | INFO     |     4. CTRL_POS_PYRZ01: -8.46 kcal/mol (active: -8.46)
2026-07-26 17:17:53 | INFO     |     5. AA-0324: -8.44 kcal/mol (active: -8.44)
2026-07-26 17:17:53 | INFO     |     6. AA-0007: -8.34 kcal/mol (active: -8.34)
2026-07-26 17:17:53 | INFO     |     7. AA-0002: -8.29 kcal/mol (active: -8.29)
2026-07-26 17:17:53 | INFO     |     8. AA-0216: -8.24 kcal/mol (active: -8.24)
2026-07-26 17:17:53 | INFO     |     9. CTRL_POS_ODAN01: -8.13 kcal/mol (active: -8.13)
2026-07-26 17:17:53 | INFO     |     10. AA-0208: -7.72 kcal/mol (active: -7.72)
2026-07-26 17:17:53 | INFO     | ─── Phase 3 complete ───
2026-07-26 17:17:53 | INFO     | ─── Phase 4: Selectivity & Resistance Analysis ───
2026-07-26 17:17:53 | INFO     |   Docking top 10 vs Human Trypsin (1UTN)…
2026-07-26 17:18:21 | INFO     |   Docking top 10 vs Human Carboxylesterase 1 (1YAH)…
2026-07-26 17:18:53 | INFO     |   Docking top 10 vs Human CYP3A4 (1TQN)…
2026-07-26 17:19:23 | WARNING  |   AA-0002: CES1 energy (-7.32) stronger than PBP2a (-6.58) — possible surface-patch artifact
2026-07-26 17:19:23 | WARNING  |   CTRL_POS_ODAN01: CES1 energy (-6.44) stronger than PBP2a (-6.33) — possible surface-patch artifact
2026-07-26 17:19:23 | WARNING  |   AA-0004: CES1 energy (-6.86) stronger than PBP2a (-6.18) — possible surface-patch artifact
2026-07-26 17:19:23 | INFO     |   AA-0232: mechanism-restricted SI = 1.57 (pass).
2026-07-26 17:19:23 | WARNING  |   AA-0324: Low mechanism-restricted selectivity (SI = 1.23 < 1.5). Flagged for off-target risk.
2026-07-26 17:19:23 | WARNING  |   AA-0007: Low mechanism-restricted selectivity (SI = 1.12 < 1.5). Flagged for off-target risk.
2026-07-26 17:19:23 | WARNING  |   AA-0002: Low mechanism-restricted selectivity (SI = 0.90 < 1.5). Flagged for off-target risk.
2026-07-26 17:19:23 | WARNING  |   CTRL_POS_ODAN01: Low mechanism-restricted selectivity (SI = 0.94 < 1.5). Flagged for off-target risk.
2026-07-26 17:19:23 | WARNING  |   AA-0208: Low mechanism-restricted selectivity (SI = 1.20 < 1.5). Flagged for off-target risk.
2026-07-26 17:19:23 | WARNING  |   AA-0344: Low mechanism-restricted selectivity (SI = 1.01 < 1.5). Flagged for off-target risk.
2026-07-26 17:19:23 | WARNING  |   AA-0004: Low mechanism-restricted selectivity (SI = 0.88 < 1.5). Flagged for off-target risk.
2026-07-26 17:19:27 | INFO     | ─── Phase 4 complete ───
2026-07-26 17:19:29 | INFO     |   MM-GBSA rescoring: 12/12 candidates scored.
2026-07-26 17:19:29 | INFO     |   Final Top-10 ranked by PBP2a best energy (catalytic-engagement tiebreak).
2026-07-26 17:19:29 | INFO     |   Diversified final set: 10 diverse + 2 filler = 12 candidate(s).
2026-07-26 17:19:29 | INFO     |   Final report: 1 candidate(s) at SI >= 1.5, filled to 12 total.
2026-07-26 17:19:29 | INFO     | ─── Phase 5: Reporting ───
2026-07-26 17:19:29 | INFO     |   CSV report saved: output/top_candidates.csv
2026-07-26 17:19:29 | INFO     |   JSON candidates saved: output/top_candidates.json
2026-07-26 17:19:29 | INFO     |   Image saved: output/top1_AA-0232.png
2026-07-26 17:19:29 | INFO     |   Image saved: output/top2_CTRL_POS_DIOSM01.png
2026-07-26 17:19:29 | INFO     |   Image saved: output/top3_AA-0030.png
2026-07-26 17:19:29 | INFO     |   Interaction diagram saved: output/figures/interaction_AA-0232.png
2026-07-26 17:19:29 | INFO     |   Interaction diagram saved: output/figures/interaction_CTRL_POS_DIOSM01.png
2026-07-26 17:19:29 | INFO     |   Interaction diagram saved: output/figures/interaction_AA-0030.png
2026-07-26 17:19:29 | INFO     | Interaction diagrams saved to output/figures/
2026-07-26 17:19:29 | INFO     |   PyMOL script saved: output/visualization.pml (3 ligand pose(s) loaded).
2026-07-26 17:19:29 | INFO     |   Filter funnel saved: output/filter_funnel.json
2026-07-26 17:19:29 | INFO     |   ROC curve saved: output/figures/roc_curve.png
2026-07-26 17:19:29 | INFO     |   Energy distribution saved: output/figures/energy_distribution.png
2026-07-26 17:19:29 | INFO     |   SI scatter plot saved: output/figures/si_scatter.png
2026-07-26 17:19:30 | INFO     |   Filter funnel saved: output/figures/filter_funnel.png
2026-07-26 17:19:30 | INFO     |   Binding diagram saved: output/figures/top3_binding_1_AA-0232.png
2026-07-26 17:19:30 | INFO     |   Binding diagram saved: output/figures/top3_binding_2_CTRL_POS_DIOSM01.png
2026-07-26 17:19:30 | INFO     |   Binding diagram saved: output/figures/top3_binding_3_AA-0030.png
2026-07-26 17:19:30 | INFO     |   All figures saved to output/figures
2026-07-26 17:19:30 | INFO     | ============================================================
2026-07-26 17:19:30 | INFO     |   PIPELINE SUMMARY
2026-07-26 17:19:30 | INFO     | ============================================================
2026-07-26 17:19:30 | INFO     |   Total compounds generated:     19
2026-07-26 17:19:30 | INFO     |   After filtering:               12
2026-07-26 17:19:30 | INFO     |   Top candidates reported:       12
2026-07-26 17:19:30 | INFO     |   Successfully docked:           12
2026-07-26 17:19:30 | INFO     |   Selectivity pass (SI >= 2.0):  1
2026-07-26 17:19:30 | INFO     |   Docking engine:                Vina
2026-07-26 17:19:30 | INFO     |   Redocking RMSD:                1.937 Å
2026-07-26 17:19:30 | INFO     |   Redocking validated:           True
2026-07-26 17:19:30 | INFO     |   Protocol validation: RMSD 1.937 Å (Validated)
2026-07-26 17:19:30 | INFO     |   CSV report:                    output/top_candidates.csv
2026-07-26 17:19:30 | INFO     |   Open output/visualization.pml in PyMOL to inspect binding poses.
2026-07-26 17:19:30 | INFO     | ============================================================
2026-07-26 17:19:30 | INFO     | Pipeline complete. Exiting.
2026-07-26 17:19:46 | INFO     | ─── Phase 0: Dependency Check ───
2026-07-26 17:19:46 | INFO     |   ✓  AutoDock Vina binary found on PATH (version: AutoDock Vina v1.2.7)
2026-07-26 17:19:46 | INFO     |   ✓  OpenBabel binary found on PATH (version: Open Babel 3.1.0 -- Feb 17 2026 -- 07:38:51
Usage:
obabel [-i<input-type>] <infilename> [-o<output-type>] -O<outfilename> [Options]
Try  -H option for more information.)
2026-07-26 17:19:46 | INFO     |   ✓  All required Python packages found.
2026-07-26 17:19:54 | INFO     | AutoAntibiotic Discovery Pipeline v5.3.0
2026-07-26 17:19:54 | INFO     | ─── Phase 0: Dependency Check ───
2026-07-26 17:19:54 | INFO     |   ✓  AutoDock Vina binary found on PATH (version: AutoDock Vina v1.2.7)
2026-07-26 17:19:54 | INFO     |   ✓  OpenBabel binary found on PATH (version: Open Babel 3.1.0 -- Feb 17 2026 -- 07:38:51
Usage:
obabel [-i<input-type>] <infilename> [-o<output-type>] -O<outfilename> [Options]
Try  -H option for more information.)
2026-07-26 17:19:54 | INFO     |   ✓  All required Python packages found.
2026-07-26 17:19:54 | INFO     | ─── Phase 1: Target Preparation & Centroid Calculation ───
2026-07-26 17:19:54 | INFO     |   NOTE: bundled tests/data/*.pdb files are minimal mock structures for offline CI runs — they are NOT real crystallographic models. Any redocking RMSD computed against them is non-physical and must not be interpreted as a protocol-quality metric.
2026-07-26 17:19:54 | INFO     |   Run mode (from config): science
2026-07-26 17:19:54 | INFO     |   Structure 3ZG0 already local: output/pdb/3ZG0.pdb
2026-07-26 17:19:54 | INFO     |   Structure 1VQQ already local: output/pdb/1VQQ.pdb
2026-07-26 17:19:54 | INFO     |   Structure 1UTN already local: output/pdb/1UTN.pdb
2026-07-26 17:19:54 | INFO     |   Structure 1YAH already local: output/pdb/1YAH.pdb
2026-07-26 17:19:54 | INFO     |   Structure 1TQN already local: output/pdb/1TQN.pdb
2026-07-26 17:19:54 | INFO     |   Structure 1VQQ already local: output/pdb/1VQQ.pdb
2026-07-26 17:19:54 | INFO     |   Structure 3ZG0 already local: output/pdb/3ZG0.pdb
2026-07-26 17:19:54 | INFO     |   Structure 4DKI already local: output/pdb/4DKI.pdb
2026-07-26 17:19:54 | INFO     | Science mode: real scientific validation expected.
2026-07-26 17:19:54 | INFO     |   Cleaning PBP2a (apo)…
2026-07-26 17:19:55 | INFO     |   Polar hydrogens added to output/workdir/PBP2a_clean.pdb
2026-07-26 17:19:56 | INFO     |   Receptor PDBQT written via obabel (-xr): output/workdir/PBP2a_clean.pdbqt
2026-07-26 17:19:56 | INFO     |   Cleaning PBP2a (holo, protein-only)…
2026-07-26 17:19:56 | WARNING  |   Could not read PDB via RDKit. Skipping hydrogen addition.
2026-07-26 17:19:56 | INFO     |   Receptor PDBQT written via obabel (-xr): output/workdir/PBP2a_holo_clean.pdbqt
2026-07-26 17:19:57 | WARNING  |   Could not read PDB via RDKit. Skipping hydrogen addition.
2026-07-26 17:19:57 | INFO     |   Receptor PDBQT written via obabel (-xr): output/workdir/PBP2a_3ZG0_clean.pdbqt
2026-07-26 17:19:57 | INFO     |   Added PBP2a conformer 3ZG0 receptor PDBQT: output/workdir/PBP2a_3ZG0_clean.pdbqt
2026-07-26 17:19:57 | INFO     |   Polar hydrogens added to output/workdir/PBP2a_4DKI_clean.pdb
2026-07-26 17:19:59 | INFO     |   Receptor PDBQT written via obabel (-xr): output/workdir/PBP2a_4DKI_clean.pdbqt
2026-07-26 17:19:59 | INFO     |   Added PBP2a conformer 4DKI receptor PDBQT: output/workdir/PBP2a_4DKI_clean.pdbqt
2026-07-26 17:19:59 | INFO     |   Computing active site centroid (conserved residues SER403, LYS406, TYR446) using side-chain atoms…
2026-07-26 17:19:59 | INFO     |     Active site center: [23.95072216 27.87146293 88.53164786]
2026-07-26 17:19:59 | INFO     |   Computing allosteric site centroid (TYR105, GLN199, GLU237) using side-chain atoms…
2026-07-26 17:19:59 | INFO     |     Allosteric site center: [24.97548178 30.9366667  28.8698331 ]
2026-07-26 17:19:59 | INFO     |   Cleaning Human Trypsin (1UTN)…
2026-07-26 17:19:59 | INFO     |   Polar hydrogens added to output/workdir/trypsin_clean.pdb
2026-07-26 17:19:59 | INFO     |   Receptor PDBQT written via obabel (-xr): output/workdir/trypsin_clean.pdbqt
2026-07-26 17:19:59 | INFO     |   Computing trypsin active site centroid (His57, Asp102, Ser195) using side-chain atoms…
2026-07-26 17:19:59 | INFO     |     Trypsin active site center: [22.54101663 14.86204433 22.53591386]
2026-07-26 17:19:59 | INFO     |   Cleaning Human Carboxylesterase 1 (1YAH)…
2026-07-26 17:20:00 | INFO     |   Polar hydrogens added to output/workdir/CES1_clean.pdb
2026-07-26 17:20:02 | INFO     |   Receptor PDBQT written via obabel (-xr): output/workdir/CES1_clean.pdbqt
2026-07-26 17:20:02 | INFO     |   Computing CES1 active site centroid (Ser221, His468, Glu354) using side-chain atoms…
2026-07-26 17:20:02 | INFO     |     CES1 active site center: [-7.13865188 43.85391877 37.96102563]
2026-07-26 17:20:02 | INFO     |   Cleaning CYP3A4 (1TQN)…
2026-07-26 17:20:02 | INFO     |   Structure 1TQN already local: output/pdb/1TQN.pdb
2026-07-26 17:20:02 | INFO     |   Polar hydrogens added to output/workdir/CYP3A4_clean.pdb
2026-07-26 17:20:03 | INFO     |   Receptor PDBQT written via obabel (-xr): output/workdir/CYP3A4_clean.pdbqt
2026-07-26 17:20:03 | INFO     |   Computing CYP3A4 active site centroid (heme Fe, Thr309, Ala370)…
2026-07-26 17:20:03 | INFO     |     CYP3A4 active site center: [-20.83707145 -22.85971421 -15.8193571 ]
2026-07-26 17:20:03 | INFO     |   Grid config saved: output/workdir/grid_configs/grid_active.txt
2026-07-26 17:20:03 | INFO     | ─── Phase 1 complete ───
2026-07-26 17:20:03 | INFO     | ─── Phase 0: Redocking Validation ───
2026-07-26 17:20:03 | INFO     |   Native ligand (resname override 'AI8'): chain A, residue AI8
2026-07-26 17:20:03 | INFO     |   Native ligand SMILES: CCONC(C(O)N[C@H](CO)[C@@H]1NC(C(O)O)[C@@H](SC2NC(C3CCN(C)CC3)CS2)CS1)[C@@H]1NSC(N)N1
2026-07-26 17:20:03 | INFO     |   Native ligand PDBQT written to output/workdir/native_ligand.pdbqt
2026-07-26 17:20:03 | INFO     |   Redocking native ligand into PBP2a…
2026-07-26 17:20:03 | INFO     |   Redocking box: 18.7 x 29.1 x 21.4 Å (auto-sized from native ligand).
2026-07-26 17:21:38 | INFO     |   [Vina stdout, conformer 0 seed 1] AutoDock Vina v1.2.7
#################################################################
# If you used AutoDock Vina in your work, please cite:          #
#                                                               #
# J. Eberhardt, D. Santos-Martins, A. F. Tillack, and S. Forli  #
# AutoDock Vina 1.2.0: New Docking Methods, Expanded Force      #
# Field, and Python Bindings, J. Chem. Inf. Model. (2021)       #
# DOI 10.1021/acs.jcim.1c00203                                  #
#                                                               #
# O. Trott, A. J. Olson,                                        #
# AutoDock Vina: improving the speed and accuracy of docking    #
# with a new scoring function, efficient optimization and       #
# multithreading, J. Comp. Chem. (2010)                         #
# DOI 10.1002/jcc.21334                                         #
#                                                               #
# Please see https://github.com/ccsb-scripps/AutoDock-Vina for  #
# more information.                                             #
#################################################################

Scoring function : vina
Rigid receptor: output/workdir/PBP2a_clean.pdbqt
Ligand: output/workdir/native_ligand.pdbqt
Grid center: X 27.902 Y 29.847 Z 88.317
Grid size  : X 18.7 Y 29.1 Z 21.4
Grid space : 0.375
Exhaustiveness: 32
CPU: 0
Verbosity: 1

Computing Vina grid ... done.
Performing docking (random seed: 1) ... 
0%   10   20   30   40   50   60   70   80   90   100%
|----|----|----|----|----|----|----|----|----|----|
***************************************************

mode |   affinity | dist from best mode
     | (kcal/mol) | rmsd l.b.| rmsd u.b.
-----+------------+----------+----------
   1       -6.952          0          0
   2       -6.791      3.637      9.872
   3        -6.77      3.405      7.121
2026-07-26 17:21:38 | INFO     |   RMSD (Kabsch, 27 atoms) = 1.937 Å
2026-07-26 17:21:38 | INFO     |   Core RMSD (ring scaffold, 12 atoms) = 1.251 Å
2026-07-26 17:21:38 | INFO     |   Redocking RMSD (conformer 0, seed 1) = 1.937 Å (core 1.251 Å)
2026-07-26 17:23:21 | INFO     |   [Vina stdout, conformer 0 seed 2] AutoDock Vina v1.2.7
#################################################################
# If you used AutoDock Vina in your work, please cite:          #
#                                                               #
# J. Eberhardt, D. Santos-Martins, A. F. Tillack, and S. Forli  #
# AutoDock Vina 1.2.0: New Docking Methods, Expanded Force      #
# Field, and Python Bindings, J. Chem. Inf. Model. (2021)       #
# DOI 10.1021/acs.jcim.1c00203                                  #
#                                                               #
# O. Trott, A. J. Olson,                                        #
# AutoDock Vina: improving the speed and accuracy of docking    #
# with a new scoring function, efficient optimization and       #
# multithreading, J. Comp. Chem. (2010)                         #
# DOI 10.1002/jcc.21334                                         #
#                                                               #
# Please see https://github.com/ccsb-scripps/AutoDock-Vina for  #
# more information.                                             #
#################################################################

Scoring function : vina
Rigid receptor: output/workdir/PBP2a_clean.pdbqt
Ligand: output/workdir/native_ligand.pdbqt
Grid center: X 27.902 Y 29.847 Z 88.317
Grid size  : X 18.7 Y 29.1 Z 21.4
Grid space : 0.375
Exhaustiveness: 32
CPU: 0
Verbosity: 1

Computing Vina grid ... done.
Performing docking (random seed: 2) ... 
0%   10   20   30   40   50   60   70   80   90   100%
|----|----|----|----|----|----|----|----|----|----|
***************************************************

mode |   affinity | dist from best mode
     | (kcal/mol) | rmsd l.b.| rmsd u.b.
-----+------------+----------+----------
   1       -6.857          0          0
   2       -6.817      3.164      6.962
   3       -6.515      12.27      15.95
2026-07-26 17:23:22 | INFO     |   RMSD (Kabsch, 27 atoms) = 2.091 Å
2026-07-26 17:23:22 | INFO     |   Core RMSD (ring scaffold, 12 atoms) = 1.235 Å
2026-07-26 17:23:22 | INFO     |   Redocking RMSD (conformer 0, seed 2) = 2.091 Å (core 1.235 Å)
2026-07-26 17:25:05 | INFO     |   [Vina stdout, conformer 0 seed 3] AutoDock Vina v1.2.7
#################################################################
# If you used AutoDock Vina in your work, please cite:          #
#                                                               #
# J. Eberhardt, D. Santos-Martins, A. F. Tillack, and S. Forli  #
# AutoDock Vina 1.2.0: New Docking Methods, Expanded Force      #
# Field, and Python Bindings, J. Chem. Inf. Model. (2021)       #
# DOI 10.1021/acs.jcim.1c00203                                  #
#                                                               #
# O. Trott, A. J. Olson,                                        #
# AutoDock Vina: improving the speed and accuracy of docking    #
# with a new scoring function, efficient optimization and       #
# multithreading, J. Comp. Chem. (2010)                         #
# DOI 10.1002/jcc.21334                                         #
#                                                               #
# Please see https://github.com/ccsb-scripps/AutoDock-Vina for  #
# more information.                                             #
#################################################################

Scoring function : vina
Rigid receptor: output/workdir/PBP2a_clean.pdbqt
Ligand: output/workdir/native_ligand.pdbqt
Grid center: X 27.902 Y 29.847 Z 88.317
Grid size  : X 18.7 Y 29.1 Z 21.4
Grid space : 0.375
Exhaustiveness: 32
CPU: 0
Verbosity: 1

Computing Vina grid ... done.
Performing docking (random seed: 3) ... 
0%   10   20   30   40   50   60   70   80   90   100%
|----|----|----|----|----|----|----|----|----|----|
***************************************************

mode |   affinity | dist from best mode
     | (kcal/mol) | rmsd l.b.| rmsd u.b.
-----+------------+----------+----------
   1       -6.917          0          0
   2       -6.581      1.606      2.145
   3       -6.443      11.11      15.51
2026-07-26 17:25:05 | INFO     |   RMSD (Kabsch, 27 atoms) = 2.069 Å
2026-07-26 17:25:05 | INFO     |   Core RMSD (ring scaffold, 12 atoms) = 1.223 Å
2026-07-26 17:25:05 | INFO     |   Redocking RMSD (conformer 0, seed 3) = 2.069 Å (core 1.223 Å)
2026-07-26 17:25:05 | INFO     |   Multi-start RMSDs (conformer 0) = 1.937, 2.091, 2.069 Å; best = 1.937 Å
2026-07-26 17:26:42 | INFO     |   [Vina stdout, conformer 1 seed 1] AutoDock Vina v1.2.7
#################################################################
# If you used AutoDock Vina in your work, please cite:          #
#                                                               #
# J. Eberhardt, D. Santos-Martins, A. F. Tillack, and S. Forli  #
# AutoDock Vina 1.2.0: New Docking Methods, Expanded Force      #
# Field, and Python Bindings, J. Chem. Inf. Model. (2021)       #
# DOI 10.1021/acs.jcim.1c00203                                  #
#                                                               #
# O. Trott, A. J. Olson,                                        #
# AutoDock Vina: improving the speed and accuracy of docking    #
# with a new scoring function, efficient optimization and       #
# multithreading, J. Comp. Chem. (2010)                         #
# DOI 10.1002/jcc.21334                                         #
#                                                               #
# Please see https://github.com/ccsb-scripps/AutoDock-Vina for  #
# more information.                                             #
#################################################################

Scoring function : vina
Rigid receptor: output/workdir/PBP2a_3ZG0_clean.pdbqt
Ligand: output/workdir/native_ligand.pdbqt
Grid center: X 27.902 Y 29.847 Z 88.317
Grid size  : X 18.7 Y 29.1 Z 21.4
Grid space : 0.375
Exhaustiveness: 32
CPU: 0
Verbosity: 1

Computing Vina grid ... done.
Performing docking (random seed: 1) ... 
0%   10   20   30   40   50   60   70   80   90   100%
|----|----|----|----|----|----|----|----|----|----|
***************************************************

mode |   affinity | dist from best mode
     | (kcal/mol) | rmsd l.b.| rmsd u.b.
-----+------------+----------+----------
   1       -6.699          0          0
   2       -6.482      1.962      2.954
   3       -6.448       3.17       12.5
2026-07-26 17:26:42 | INFO     |   RMSD (Kabsch, 27 atoms) = 2.071 Å
2026-07-26 17:26:42 | INFO     |   Core RMSD (ring scaffold, 12 atoms) = 1.114 Å
2026-07-26 17:26:42 | INFO     |   Redocking RMSD (conformer 1, seed 1) = 2.071 Å (core 1.114 Å)
2026-07-26 17:28:07 | INFO     |   [Vina stdout, conformer 1 seed 2] AutoDock Vina v1.2.7
#################################################################
# If you used AutoDock Vina in your work, please cite:          #
#                                                               #
# J. Eberhardt, D. Santos-Martins, A. F. Tillack, and S. Forli  #
# AutoDock Vina 1.2.0: New Docking Methods, Expanded Force      #
# Field, and Python Bindings, J. Chem. Inf. Model. (2021)       #
# DOI 10.1021/acs.jcim.1c00203                                  #
#                                                               #
# O. Trott, A. J. Olson,                                        #
# AutoDock Vina: improving the speed and accuracy of docking    #
# with a new scoring function, efficient optimization and       #
# multithreading, J. Comp. Chem. (2010)                         #
# DOI 10.1002/jcc.21334                                         #
#                                                               #
# Please see https://github.com/ccsb-scripps/AutoDock-Vina for  #
# more information.                                             #
#################################################################

Scoring function : vina
Rigid receptor: output/workdir/PBP2a_3ZG0_clean.pdbqt
Ligand: output/workdir/native_ligand.pdbqt
Grid center: X 27.902 Y 29.847 Z 88.317
Grid size  : X 18.7 Y 29.1 Z 21.4
Grid space : 0.375
Exhaustiveness: 32
CPU: 0
Verbosity: 1

Computing Vina grid ... done.
Performing docking (random seed: 2) ... 
0%   10   20   30   40   50   60   70   80   90   100%
|----|----|----|----|----|----|----|----|----|----|
***************************************************

mode |   affinity | dist from best mode
     | (kcal/mol) | rmsd l.b.| rmsd u.b.
-----+------------+----------+----------
   1       -6.832          0          0
   2         -6.6      3.476      12.54
   3       -6.597      3.647      7.467
2026-07-26 17:28:08 | INFO     |   RMSD (Kabsch, 27 atoms) = 2.146 Å
2026-07-26 17:28:08 | INFO     |   Core RMSD (ring scaffold, 12 atoms) = 1.215 Å
2026-07-26 17:28:08 | INFO     |   Redocking RMSD (conformer 1, seed 2) = 2.146 Å (core 1.215 Å)
2026-07-26 17:29:29 | INFO     |   [Vina stdout, conformer 1 seed 3] AutoDock Vina v1.2.7
#################################################################
# If you used AutoDock Vina in your work, please cite:          #
#                                                               #
# J. Eberhardt, D. Santos-Martins, A. F. Tillack, and S. Forli  #
# AutoDock Vina 1.2.0: New Docking Methods, Expanded Force      #
# Field, and Python Bindings, J. Chem. Inf. Model. (2021)       #
# DOI 10.1021/acs.jcim.1c00203                                  #
#                                                               #
# O. Trott, A. J. Olson,                                        #
# AutoDock Vina: improving the speed and accuracy of docking    #
# with a new scoring function, efficient optimization and       #
# multithreading, J. Comp. Chem. (2010)                         #
# DOI 10.1002/jcc.21334                                         #
#                                                               #
# Please see https://github.com/ccsb-scripps/AutoDock-Vina for  #
# more information.                                             #
#################################################################

Scoring function : vina
Rigid receptor: output/workdir/PBP2a_3ZG0_clean.pdbqt
Ligand: output/workdir/native_ligand.pdbqt
Grid center: X 27.902 Y 29.847 Z 88.317
Grid size  : X 18.7 Y 29.1 Z 21.4
Grid space : 0.375
Exhaustiveness: 32
CPU: 0
Verbosity: 1

Computing Vina grid ... done.
Performing docking (random seed: 3) ... 
0%   10   20   30   40   50   60   70   80   90   100%
|----|----|----|----|----|----|----|----|----|----|
***************************************************

mode |   affinity | dist from best mode
     | (kcal/mol) | rmsd l.b.| rmsd u.b.
-----+------------+----------+----------
   1        -6.83          0          0
   2       -6.593      3.473      12.56
   3       -6.506      4.095      9.202
2026-07-26 17:29:29 | INFO     |   RMSD (Kabsch, 27 atoms) = 2.119 Å
2026-07-26 17:29:29 | INFO     |   Core RMSD (ring scaffold, 12 atoms) = 1.187 Å
2026-07-26 17:29:29 | INFO     |   Redocking RMSD (conformer 1, seed 3) = 2.119 Å (core 1.187 Å)
2026-07-26 17:29:29 | INFO     |   Multi-start RMSDs (conformer 1) = 2.071, 2.146, 2.119 Å; best = 2.071 Å
2026-07-26 18:43:34 | INFO     | AutoAntibiotic Discovery Pipeline v5.3.0
2026-07-26 18:43:34 | INFO     | ─── Phase 0: Dependency Check ───
2026-07-26 18:43:34 | INFO     |   ✓  AutoDock Vina binary found on PATH (version: AutoDock Vina v1.2.7)
2026-07-26 18:43:34 | INFO     |   ✓  OpenBabel binary found on PATH (version: Open Babel 3.1.0 -- Feb 17 2026 -- 07:38:51
Usage:
obabel [-i<input-type>] <infilename> [-o<output-type>] -O<outfilename> [Options]
Try  -H option for more information.)
2026-07-26 18:43:34 | INFO     |   ✓  All required Python packages found.
2026-07-26 18:43:34 | INFO     | ─── Phase 1: Target Preparation & Centroid Calculation ───
2026-07-26 18:43:34 | INFO     |   NOTE: bundled tests/data/*.pdb files are minimal mock structures for offline CI runs — they are NOT real crystallographic models. Any redocking RMSD computed against them is non-physical and must not be interpreted as a protocol-quality metric.
2026-07-26 18:43:34 | INFO     |   Run mode (from config): science
2026-07-26 18:43:34 | INFO     |   Structure 3ZG0 already local: output/pdb/3ZG0.pdb
2026-07-26 18:43:34 | INFO     |   Structure 1VQQ already local: output/pdb/1VQQ.pdb
2026-07-26 18:43:34 | INFO     |   Structure 1UTN already local: output/pdb/1UTN.pdb
2026-07-26 18:43:34 | INFO     |   Structure 1YAH already local: output/pdb/1YAH.pdb
2026-07-26 18:43:34 | INFO     |   Structure 1TQN already local: output/pdb/1TQN.pdb
2026-07-26 18:43:34 | INFO     |   Structure 1VQQ already local: output/pdb/1VQQ.pdb
2026-07-26 18:43:34 | INFO     |   Structure 3ZG0 already local: output/pdb/3ZG0.pdb
2026-07-26 18:43:34 | INFO     |   Structure 4DKI already local: output/pdb/4DKI.pdb
2026-07-26 18:43:34 | INFO     | Science mode: real scientific validation expected.
2026-07-26 18:43:34 | INFO     |   Cleaning PBP2a (apo)…
2026-07-26 18:43:34 | INFO     |   Polar hydrogens added to output/workdir/PBP2a_clean.pdb
2026-07-26 18:43:35 | INFO     |   Receptor PDBQT written via obabel (-xr): output/workdir/PBP2a_clean.pdbqt
2026-07-26 18:43:35 | INFO     |   Cleaning PBP2a (holo, protein-only)…
2026-07-26 18:43:36 | WARNING  |   Could not read PDB via RDKit. Skipping hydrogen addition.
2026-07-26 18:43:36 | INFO     |   Receptor PDBQT written via obabel (-xr): output/workdir/PBP2a_holo_clean.pdbqt
2026-07-26 18:43:36 | WARNING  |   Could not read PDB via RDKit. Skipping hydrogen addition.
2026-07-26 18:43:36 | INFO     |   Receptor PDBQT written via obabel (-xr): output/workdir/PBP2a_3ZG0_clean.pdbqt
2026-07-26 18:43:36 | INFO     |   Added PBP2a conformer 3ZG0 receptor PDBQT: output/workdir/PBP2a_3ZG0_clean.pdbqt
2026-07-26 18:43:37 | INFO     |   Polar hydrogens added to output/workdir/PBP2a_4DKI_clean.pdb
2026-07-26 18:43:38 | INFO     |   Receptor PDBQT written via obabel (-xr): output/workdir/PBP2a_4DKI_clean.pdbqt
2026-07-26 18:43:38 | INFO     |   Added PBP2a conformer 4DKI receptor PDBQT: output/workdir/PBP2a_4DKI_clean.pdbqt
2026-07-26 18:43:38 | INFO     |   Computing active site centroid (conserved residues SER403, LYS406, TYR446) using side-chain atoms…
2026-07-26 18:43:38 | INFO     |     Active site center: [23.95072216 27.87146293 88.53164786]
2026-07-26 18:43:38 | INFO     |   Computing allosteric site centroid (TYR105, GLN199, GLU237) using side-chain atoms…
2026-07-26 18:43:39 | INFO     |     Allosteric site center: [24.97548178 30.9366667  28.8698331 ]
2026-07-26 18:43:39 | INFO     |   Cleaning Human Trypsin (1UTN)…
2026-07-26 18:43:39 | INFO     |   Polar hydrogens added to output/workdir/trypsin_clean.pdb
2026-07-26 18:43:39 | INFO     |   Receptor PDBQT written via obabel (-xr): output/workdir/trypsin_clean.pdbqt
2026-07-26 18:43:39 | INFO     |   Computing trypsin active site centroid (His57, Asp102, Ser195) using side-chain atoms…
2026-07-26 18:43:39 | INFO     |     Trypsin active site center: [22.54101663 14.86204433 22.53591386]
2026-07-26 18:43:39 | INFO     |   Cleaning Human Carboxylesterase 1 (1YAH)…
2026-07-26 18:43:39 | INFO     |   Polar hydrogens added to output/workdir/CES1_clean.pdb
2026-07-26 18:43:41 | INFO     |   Receptor PDBQT written via obabel (-xr): output/workdir/CES1_clean.pdbqt
2026-07-26 18:43:41 | INFO     |   Computing CES1 active site centroid (Ser221, His468, Glu354) using side-chain atoms…
2026-07-26 18:43:42 | INFO     |     CES1 active site center: [-7.13865188 43.85391877 37.96102563]
2026-07-26 18:43:42 | INFO     |   Cleaning CYP3A4 (1TQN)…
2026-07-26 18:43:42 | INFO     |   Structure 1TQN already local: output/pdb/1TQN.pdb
2026-07-26 18:43:42 | INFO     |   Polar hydrogens added to output/workdir/CYP3A4_clean.pdb
2026-07-26 18:43:42 | INFO     |   Receptor PDBQT written via obabel (-xr): output/workdir/CYP3A4_clean.pdbqt
2026-07-26 18:43:42 | INFO     |   Computing CYP3A4 active site centroid (heme Fe, Thr309, Ala370)…
2026-07-26 18:43:42 | INFO     |     CYP3A4 active site center: [-20.83707145 -22.85971421 -15.8193571 ]
2026-07-26 18:43:42 | INFO     |   Grid config saved: output/workdir/grid_configs/grid_active.txt
2026-07-26 18:43:42 | INFO     | ─── Phase 1 complete ───
2026-07-26 18:43:42 | INFO     |   Reusing cached redocking validation from previous run.
2026-07-26 18:43:42 | INFO     |   Release status written: /Users/tom/Documents/apps/AutoAntibiotic/status.json
2026-07-26 18:43:42 | INFO     |   ✓  Enrichment validation: AUC=0.792, EF_1%=19.25
2026-07-26 18:43:42 | INFO     | ─── Phase 0.5 complete ───
2026-07-26 18:43:42 | INFO     | ─── Phase 2: Library Generation ───
2026-07-26 18:43:42 | INFO     |   Loading external compound library from CSV: data/screen_library_final.csv
2026-07-26 18:43:42 | INFO     |   Loaded 3116 compounds from external CSV.
2026-07-26 18:43:43 | INFO     | ─── Phase 2: Filtering ───
2026-07-26 18:43:47 | INFO     |   Structural exclusion (β-lactam): 0 removed.
2026-07-26 18:43:47 | INFO     |   Similarity filter (Tc < 0.3): 9 removed.
2026-07-26 18:43:47 | INFO     |   ADMET filter (Lipinski + QED > 0.5): 2411 removed.
2026-07-26 18:43:47 | INFO     |   PAINS filter: 2 removed.
2026-07-26 18:43:47 | INFO     |   Brenk alerts: 302 removed.
2026-07-26 18:43:47 | INFO     |   Passed filters: 392 compounds.
2026-07-26 18:43:47 | INFO     | ─── Phase 2 complete ───
2026-07-26 18:43:47 | INFO     | ─── Phase 3: Virtual Screening ───
2026-07-26 18:43:47 | INFO     |   Docking all 392 compounds against PBP2a active site (3 conformers)…
2026-07-26 18:44:47 | INFO     |     Docked 25 / 392 (active_c0)
2026-07-26 18:45:32 | INFO     |     Docked 50 / 392 (active_c0)
2026-07-26 18:46:26 | INFO     |     Docked 75 / 392 (active_c0)
2026-07-26 18:47:28 | INFO     |     Docked 100 / 392 (active_c0)
2026-07-26 18:48:14 | INFO     |     Docked 125 / 392 (active_c0)
2026-07-26 18:49:15 | INFO     |     Docked 150 / 392 (active_c0)
2026-07-26 18:50:35 | INFO     |     Docked 175 / 392 (active_c0)
2026-07-26 18:51:54 | INFO     |     Docked 200 / 392 (active_c0)
2026-07-26 18:52:31 | INFO     |     Docked 225 / 392 (active_c0)
2026-07-26 18:53:41 | INFO     |     Docked 250 / 392 (active_c0)
2026-07-26 18:54:43 | INFO     |     Docked 275 / 392 (active_c0)
2026-07-26 18:55:49 | INFO     | AutoAntibiotic Discovery Pipeline v5.3.0
2026-07-26 18:55:49 | INFO     | ─── Phase 0: Dependency Check ───
2026-07-26 18:55:49 | INFO     |   ✓  AutoDock Vina binary found on PATH (version: AutoDock Vina v1.2.7)
2026-07-26 18:55:49 | INFO     |   ✓  OpenBabel binary found on PATH (version: Open Babel 3.1.0 -- Feb 17 2026 -- 07:38:51
Usage:
obabel [-i<input-type>] <infilename> [-o<output-type>] -O<outfilename> [Options]
Try  -H option for more information.)
2026-07-26 18:55:49 | INFO     |   ✓  All required Python packages found.
2026-07-26 18:55:49 | INFO     | ─── Phase 1: Target Preparation & Centroid Calculation ───
2026-07-26 18:55:49 | INFO     |   NOTE: bundled tests/data/*.pdb files are minimal mock structures for offline CI runs — they are NOT real crystallographic models. Any redocking RMSD computed against them is non-physical and must not be interpreted as a protocol-quality metric.
2026-07-26 18:55:49 | INFO     |   Run mode (from config): science
2026-07-26 18:55:49 | INFO     |   Structure 3ZG0 already local: output/pdb/3ZG0.pdb
2026-07-26 18:55:49 | INFO     |   Structure 1VQQ already local: output/pdb/1VQQ.pdb
2026-07-26 18:55:49 | INFO     |   Structure 1UTN already local: output/pdb/1UTN.pdb
2026-07-26 18:55:49 | INFO     |   Structure 1YAH already local: output/pdb/1YAH.pdb
2026-07-26 18:55:49 | INFO     |   Structure 1TQN already local: output/pdb/1TQN.pdb
2026-07-26 18:55:49 | INFO     |   Structure 1VQQ already local: output/pdb/1VQQ.pdb
2026-07-26 18:55:49 | INFO     |   Structure 3ZG0 already local: output/pdb/3ZG0.pdb
2026-07-26 18:55:49 | INFO     |   Structure 4DKI already local: output/pdb/4DKI.pdb
2026-07-26 18:55:49 | INFO     | Science mode: real scientific validation expected.
2026-07-26 18:55:49 | INFO     |   Cleaning PBP2a (apo)…
2026-07-26 18:55:49 | INFO     |   Polar hydrogens added to output/workdir/PBP2a_clean.pdb
2026-07-26 18:55:50 | INFO     |   Receptor PDBQT written via obabel (-xr): output/workdir/PBP2a_clean.pdbqt
2026-07-26 18:55:50 | INFO     |   Cleaning PBP2a (holo, protein-only)…
2026-07-26 18:55:50 | WARNING  |   Could not read PDB via RDKit. Skipping hydrogen addition.
2026-07-26 18:55:51 | INFO     |   Receptor PDBQT written via obabel (-xr): output/workdir/PBP2a_holo_clean.pdbqt
2026-07-26 18:55:51 | WARNING  |   Could not read PDB via RDKit. Skipping hydrogen addition.
2026-07-26 18:55:51 | INFO     |   Receptor PDBQT written via obabel (-xr): output/workdir/PBP2a_3ZG0_clean.pdbqt
2026-07-26 18:55:51 | INFO     |   Added PBP2a conformer 3ZG0 receptor PDBQT: output/workdir/PBP2a_3ZG0_clean.pdbqt
2026-07-26 18:55:52 | INFO     |   Polar hydrogens added to output/workdir/PBP2a_4DKI_clean.pdb
2026-07-26 18:55:53 | INFO     |   Receptor PDBQT written via obabel (-xr): output/workdir/PBP2a_4DKI_clean.pdbqt
2026-07-26 18:55:53 | INFO     |   Added PBP2a conformer 4DKI receptor PDBQT: output/workdir/PBP2a_4DKI_clean.pdbqt
2026-07-26 18:55:53 | INFO     |   Computing active site centroid (conserved residues SER403, LYS406, TYR446) using side-chain atoms…
2026-07-26 18:55:53 | INFO     |     Active site center: [23.95072216 27.87146293 88.53164786]
2026-07-26 18:55:53 | INFO     |   Computing allosteric site centroid (TYR105, GLN199, GLU237) using side-chain atoms…
2026-07-26 18:55:53 | INFO     |     Allosteric site center: [24.97548178 30.9366667  28.8698331 ]
2026-07-26 18:55:53 | INFO     |   Cleaning Human Trypsin (1UTN)…
2026-07-26 18:55:54 | INFO     |   Polar hydrogens added to output/workdir/trypsin_clean.pdb
2026-07-26 18:55:54 | INFO     |   Receptor PDBQT written via obabel (-xr): output/workdir/trypsin_clean.pdbqt
2026-07-26 18:55:54 | INFO     |   Computing trypsin active site centroid (His57, Asp102, Ser195) using side-chain atoms…
2026-07-26 18:55:54 | INFO     |     Trypsin active site center: [22.54101663 14.86204433 22.53591386]
2026-07-26 18:55:54 | INFO     |   Cleaning Human Carboxylesterase 1 (1YAH)…
2026-07-26 18:55:54 | INFO     |   Polar hydrogens added to output/workdir/CES1_clean.pdb
2026-07-26 18:55:56 | INFO     |   Receptor PDBQT written via obabel (-xr): output/workdir/CES1_clean.pdbqt
2026-07-26 18:55:56 | INFO     |   Computing CES1 active site centroid (Ser221, His468, Glu354) using side-chain atoms…
2026-07-26 18:55:56 | INFO     |     CES1 active site center: [-7.13865188 43.85391877 37.96102563]
2026-07-26 18:55:56 | INFO     |   Cleaning CYP3A4 (1TQN)…
2026-07-26 18:55:56 | INFO     |   Structure 1TQN already local: output/pdb/1TQN.pdb
2026-07-26 18:55:57 | INFO     |   Polar hydrogens added to output/workdir/CYP3A4_clean.pdb
2026-07-26 18:55:57 | INFO     |   Receptor PDBQT written via obabel (-xr): output/workdir/CYP3A4_clean.pdbqt
2026-07-26 18:55:57 | INFO     |   Computing CYP3A4 active site centroid (heme Fe, Thr309, Ala370)…
2026-07-26 18:55:57 | INFO     |     CYP3A4 active site center: [-20.83707145 -22.85971421 -15.8193571 ]
2026-07-26 18:55:57 | INFO     |   Grid config saved: output/workdir/grid_configs/grid_active.txt
2026-07-26 18:55:57 | INFO     | ─── Phase 1 complete ───
2026-07-26 18:55:57 | INFO     |   Reusing cached redocking validation from previous run.
2026-07-26 18:55:57 | INFO     |   Release status written: /Users/tom/Documents/apps/AutoAntibiotic/status.json
2026-07-26 18:55:57 | INFO     |   ✓  Enrichment validation: AUC=0.792, EF_1%=19.25
2026-07-26 18:55:57 | INFO     | ─── Phase 0.5 complete ───
2026-07-26 18:55:57 | INFO     | ─── Phase 2: Library Generation ───
2026-07-26 18:55:57 | INFO     |   Loading external compound library from CSV: data/screen_library_final.csv
2026-07-26 18:55:57 | INFO     |   Loaded 3116 compounds from external CSV.
2026-07-26 18:55:58 | INFO     | ─── Phase 2: Filtering ───
2026-07-26 18:56:02 | INFO     |   Structural exclusion (β-lactam): 0 removed.
2026-07-26 18:56:02 | INFO     |   Similarity filter (Tc < 0.3): 9 removed.
2026-07-26 18:56:02 | INFO     |   ADMET filter (Lipinski + QED > 0.5): 2411 removed.
2026-07-26 18:56:02 | INFO     |   PAINS filter: 2 removed.
2026-07-26 18:56:02 | INFO     |   Brenk alerts: 302 removed.
2026-07-26 18:56:02 | INFO     |   Passed filters: 392 compounds.
2026-07-26 18:56:02 | INFO     | ─── Phase 2 complete ───
2026-07-26 18:56:02 | INFO     | ─── Phase 3: Virtual Screening ───
2026-07-26 18:56:02 | INFO     |   Docking all 392 compounds against PBP2a active site (3 conformers)…
2026-07-26 18:57:01 | INFO     |     Docked 25 / 392 (active_c0)
2026-07-26 18:57:44 | INFO     |     Docked 50 / 392 (active_c0)
2026-07-26 18:58:40 | INFO     |     Docked 75 / 392 (active_c0)
2026-07-26 18:59:39 | INFO     |     Docked 100 / 392 (active_c0)
2026-07-26 19:00:29 | INFO     |     Docked 125 / 392 (active_c0)
2026-07-26 19:01:31 | INFO     |     Docked 150 / 392 (active_c0)
2026-07-26 19:02:50 | INFO     |     Docked 175 / 392 (active_c0)
2026-07-26 19:04:09 | INFO     |     Docked 200 / 392 (active_c0)
2026-07-26 19:04:44 | INFO     |     Docked 225 / 392 (active_c0)
2026-07-26 19:05:54 | INFO     |     Docked 250 / 392 (active_c0)
2026-07-26 19:06:58 | INFO     |     Docked 275 / 392 (active_c0)
2026-07-26 19:08:13 | INFO     |     Docked 300 / 392 (active_c0)
2026-07-26 19:09:39 | INFO     |     Docked 325 / 392 (active_c0)
2026-07-26 19:11:09 | INFO     |     Docked 350 / 392 (active_c0)
2026-07-26 19:12:19 | INFO     |     Docked 375 / 392 (active_c0)
2026-07-26 19:13:33 | INFO     |     Docked 25 / 392 (active_c1)
2026-07-26 19:14:10 | INFO     |     Docked 50 / 392 (active_c1)
2026-07-26 19:14:52 | INFO     |     Docked 75 / 392 (active_c1)
2026-07-26 19:15:44 | INFO     |     Docked 100 / 392 (active_c1)
2026-07-26 19:16:24 | INFO     |     Docked 125 / 392 (active_c1)
2026-07-26 19:17:16 | INFO     |     Docked 150 / 392 (active_c1)
2026-07-26 19:18:22 | INFO     |     Docked 175 / 392 (active_c1)
2026-07-26 19:19:14 | INFO     |     Docked 200 / 392 (active_c1)
2026-07-26 19:19:42 | INFO     |     Docked 225 / 392 (active_c1)
2026-07-26 19:20:39 | INFO     |     Docked 250 / 392 (active_c1)
2026-07-26 19:21:35 | INFO     |     Docked 275 / 392 (active_c1)
2026-07-26 19:22:26 | INFO     |     Docked 300 / 392 (active_c1)
2026-07-26 19:23:35 | INFO     |     Docked 325 / 392 (active_c1)
2026-07-26 19:24:48 | INFO     |     Docked 350 / 392 (active_c1)
2026-07-26 19:25:39 | INFO     |     Docked 375 / 392 (active_c1)
2026-07-26 19:26:56 | INFO     |     Docked 25 / 392 (active_c2)
2026-07-26 19:27:33 | INFO     |     Docked 50 / 392 (active_c2)
2026-07-26 19:28:19 | INFO     |     Docked 75 / 392 (active_c2)
2026-07-26 19:29:06 | INFO     |     Docked 100 / 392 (active_c2)
2026-07-26 19:29:45 | INFO     |     Docked 125 / 392 (active_c2)
2026-07-26 19:30:35 | INFO     |     Docked 150 / 392 (active_c2)
2026-07-26 19:31:42 | INFO     |     Docked 175 / 392 (active_c2)
2026-07-26 19:32:35 | INFO     |     Docked 200 / 392 (active_c2)
2026-07-26 19:33:03 | INFO     |     Docked 225 / 392 (active_c2)
2026-07-26 19:34:03 | INFO     |     Docked 250 / 392 (active_c2)
2026-07-26 19:34:47 | INFO     |     Docked 275 / 392 (active_c2)
2026-07-26 19:35:37 | INFO     |     Docked 300 / 392 (active_c2)
2026-07-26 19:37:00 | INFO     |     Docked 325 / 392 (active_c2)
2026-07-26 19:38:08 | INFO     |     Docked 350 / 392 (active_c2)
2026-07-26 19:39:00 | INFO     |     Docked 375 / 392 (active_c2)
2026-07-26 19:39:26 | INFO     |   Active-site docking complete: 392/392 scored.
2026-07-26 19:40:49 | INFO     |   Pharmacophore filter removed BRICS-01158: no Ser403 (4.48 Å) and no Lys406 (4.58 Å) contact
2026-07-26 19:40:55 | INFO     |   Pharmacophore pre-filter removed 1 surface-binder compounds.
2026-07-26 19:40:55 | INFO     |   Docking all 392 compounds against PBP2a allosteric site (3 conformers)…
2026-07-26 19:41:49 | INFO     |     Docked 25 / 392 (allosteric_c0)
2026-07-26 19:42:30 | INFO     |     Docked 50 / 392 (allosteric_c0)
2026-07-26 19:43:18 | INFO     |     Docked 75 / 392 (allosteric_c0)
2026-07-26 19:44:13 | INFO     |     Docked 100 / 392 (allosteric_c0)
2026-07-26 19:44:57 | INFO     |     Docked 125 / 392 (allosteric_c0)
2026-07-26 19:45:55 | INFO     |     Docked 150 / 392 (allosteric_c0)
2026-07-26 19:47:12 | INFO     |     Docked 175 / 392 (allosteric_c0)
2026-07-26 19:48:20 | INFO     |     Docked 200 / 392 (allosteric_c0)
2026-07-26 19:48:55 | INFO     |     Docked 225 / 392 (allosteric_c0)
2026-07-26 19:49:55 | INFO     |     Docked 250 / 392 (allosteric_c0)
2026-07-26 19:50:57 | INFO     |     Docked 275 / 392 (allosteric_c0)
2026-07-26 19:51:56 | INFO     |     Docked 300 / 392 (allosteric_c0)
2026-07-26 19:53:22 | INFO     |     Docked 325 / 392 (allosteric_c0)
2026-07-26 19:54:36 | INFO     |     Docked 350 / 392 (allosteric_c0)
2026-07-26 19:55:36 | INFO     |     Docked 375 / 392 (allosteric_c0)
2026-07-26 19:57:00 | INFO     |     Docked 25 / 392 (allosteric_c1)
2026-07-26 19:57:40 | INFO     |     Docked 50 / 392 (allosteric_c1)
2026-07-26 19:58:30 | INFO     |     Docked 75 / 392 (allosteric_c1)
2026-07-26 19:59:27 | INFO     |     Docked 100 / 392 (allosteric_c1)
2026-07-26 20:00:08 | INFO     |     Docked 125 / 392 (allosteric_c1)
2026-07-26 20:01:06 | INFO     |     Docked 150 / 392 (allosteric_c1)
2026-07-26 20:02:25 | INFO     |     Docked 175 / 392 (allosteric_c1)
2026-07-26 20:03:29 | INFO     |     Docked 200 / 392 (allosteric_c1)
2026-07-26 20:04:05 | INFO     |     Docked 225 / 392 (allosteric_c1)
2026-07-26 20:05:05 | INFO     |     Docked 250 / 392 (allosteric_c1)
2026-07-26 20:06:08 | INFO     |     Docked 275 / 392 (allosteric_c1)
2026-07-26 20:07:08 | INFO     |     Docked 300 / 392 (allosteric_c1)
2026-07-26 20:08:36 | INFO     |     Docked 325 / 392 (allosteric_c1)
2026-07-26 20:09:53 | INFO     |     Docked 350 / 392 (allosteric_c1)
2026-07-26 20:10:53 | INFO     |     Docked 375 / 392 (allosteric_c1)
2026-07-26 20:12:18 | INFO     |     Docked 25 / 392 (allosteric_c2)
2026-07-26 20:12:58 | INFO     |     Docked 50 / 392 (allosteric_c2)
2026-07-26 20:13:48 | INFO     |     Docked 75 / 392 (allosteric_c2)
2026-07-26 20:14:45 | INFO     |     Docked 100 / 392 (allosteric_c2)
2026-07-26 20:15:31 | INFO     |     Docked 125 / 392 (allosteric_c2)
2026-07-26 20:16:31 | INFO     |     Docked 150 / 392 (allosteric_c2)
2026-07-26 20:17:46 | INFO     |     Docked 175 / 392 (allosteric_c2)
2026-07-26 20:18:57 | INFO     |     Docked 200 / 392 (allosteric_c2)
2026-07-26 20:19:33 | INFO     |     Docked 225 / 392 (allosteric_c2)
2026-07-26 20:20:34 | INFO     |     Docked 250 / 392 (allosteric_c2)
2026-07-26 20:21:39 | INFO     |     Docked 275 / 392 (allosteric_c2)
2026-07-26 20:22:46 | INFO     |     Docked 300 / 392 (allosteric_c2)
2026-07-26 20:24:13 | INFO     |     Docked 325 / 392 (allosteric_c2)
2026-07-26 20:25:29 | INFO     |     Docked 350 / 392 (allosteric_c2)
2026-07-26 20:26:31 | INFO     |     Docked 375 / 392 (allosteric_c2)
2026-07-26 20:27:03 | INFO     |   Allosteric-site docking complete: 392/392 scored.
2026-07-26 20:27:03 | INFO     |   Top 20 candidates by best energy.
2026-07-26 20:27:03 | INFO     |     1. BRICS-0006: -10.66 kcal/mol (active: -10.66)
2026-07-26 20:27:03 | INFO     |     2. BRICS-0022: -10.50 kcal/mol (active: -10.50)
2026-07-26 20:27:03 | INFO     |     3. BRICS-01163: -10.25 kcal/mol (active: -10.25)
2026-07-26 20:27:03 | INFO     |     4. BRICS-0340: -10.12 kcal/mol (active: -10.12)
2026-07-26 20:27:03 | INFO     |     5. ALL_QU04: -10.07 kcal/mol (active: -10.07)
2026-07-26 20:27:03 | INFO     |     6. ALL_QU04: -10.07 kcal/mol (active: -10.07)
2026-07-26 20:27:03 | INFO     |     7. BRICS-01154: -10.06 kcal/mol (active: -10.06)
2026-07-26 20:27:03 | INFO     |     8. ALL_QU09: -9.97 kcal/mol (active: -9.97)
2026-07-26 20:27:03 | INFO     |     9. ALL_QU09: -9.97 kcal/mol (active: -9.97)
2026-07-26 20:27:03 | INFO     |     10. BRICS-0004: -9.97 kcal/mol (active: -9.97)
2026-07-26 20:27:03 | INFO     | ─── Phase 3 complete ───
2026-07-26 20:27:03 | INFO     | ─── Phase 4: Selectivity & Resistance Analysis ───
2026-07-26 20:27:03 | INFO     |   Docking top 10 vs Human Trypsin (1UTN)…
2026-07-26 20:28:18 | INFO     |   Docking top 10 vs Human Carboxylesterase 1 (1YAH)…
2026-07-26 20:29:39 | INFO     |   Docking top 10 vs Human CYP3A4 (1TQN)…
2026-07-26 20:30:50 | WARNING  |   BRICS-01154: CES1 energy (-8.74) stronger than PBP2a (-7.78) — possible surface-patch artifact
2026-07-26 20:30:50 | WARNING  |   BRICS-0022: Low mechanism-restricted selectivity (SI = 1.46 < 1.5). Flagged for off-target risk.
2026-07-26 20:30:50 | INFO     |   BRICS-01163: mechanism-restricted SI = 1.91 (pass).
2026-07-26 20:30:50 | INFO     |   BRICS-0340: mechanism-restricted SI = 1.54 (pass).
2026-07-26 20:30:50 | INFO     |   ALL_QU04: mechanism-restricted SI = 1.58 (pass).
2026-07-26 20:30:50 | WARNING  |   BRICS-01154: Low mechanism-restricted selectivity (SI = 0.97 < 1.5). Flagged for off-target risk.
2026-07-26 20:30:50 | WARNING  |   ALL_SU08: Low mechanism-restricted selectivity (SI = 1.38 < 1.5). Flagged for off-target risk.
2026-07-26 20:30:50 | WARNING  |   ALL_SU14: Low mechanism-restricted selectivity (SI = 1.45 < 1.5). Flagged for off-target risk.
2026-07-26 20:30:50 | INFO     |   ALL_QU05: mechanism-restricted SI = 2.02 (pass).
2026-07-26 20:30:55 | INFO     | ─── Phase 4 complete ───
2026-07-26 20:30:58 | INFO     |   MM-GBSA rescoring: 1/20 candidates scored.
2026-07-26 20:30:58 | INFO     |   Final Top-10 ranked by PBP2a best energy (catalytic-engagement tiebreak).
2026-07-26 20:30:58 | INFO     |   Diversified final set: 7 diverse + 13 filler = 20 candidate(s).
2026-07-26 20:30:58 | INFO     |   Final report: 4 candidate(s) at SI >= 1.5, filled to 20 total.
2026-07-26 20:30:58 | INFO     | ─── Phase 5: Reporting ───
2026-07-26 20:30:58 | INFO     |   CSV report saved: output/top_candidates.csv
2026-07-26 20:30:58 | INFO     |   JSON candidates saved: output/top_candidates.json
2026-07-26 20:30:58 | INFO     |   Image saved: output/top1_ALL_QU05.png
2026-07-26 20:30:58 | INFO     |   Image saved: output/top2_BRICS-01163.png
2026-07-26 20:30:58 | INFO     |   Image saved: output/top3_ALL_QU04.png
2026-07-26 20:30:58 | INFO     |   Interaction diagram saved: output/figures/interaction_ALL_QU05.png
2026-07-26 20:30:58 | INFO     |   Interaction diagram saved: output/figures/interaction_BRICS-01163.png
2026-07-26 20:30:58 | INFO     |   Interaction diagram saved: output/figures/interaction_ALL_QU04.png
2026-07-26 20:30:58 | INFO     | Interaction diagrams saved to output/figures/
2026-07-26 20:30:58 | INFO     |   PyMOL script saved: output/visualization.pml (3 ligand pose(s) loaded).
2026-07-26 20:30:58 | INFO     |   Filter funnel saved: output/filter_funnel.json
2026-07-26 20:30:59 | INFO     |   ROC curve saved: output/figures/roc_curve.png
2026-07-26 20:30:59 | INFO     |   Energy distribution saved: output/figures/energy_distribution.png
2026-07-26 20:30:59 | INFO     |   SI scatter plot saved: output/figures/si_scatter.png
2026-07-26 20:30:59 | INFO     |   Filter funnel saved: output/figures/filter_funnel.png
2026-07-26 20:30:59 | INFO     |   Binding diagram saved: output/figures/top3_binding_1_ALL_QU05.png
2026-07-26 20:30:59 | INFO     |   Binding diagram saved: output/figures/top3_binding_2_BRICS-01163.png
2026-07-26 20:30:59 | INFO     |   Binding diagram saved: output/figures/top3_binding_3_ALL_QU04.png
2026-07-26 20:30:59 | INFO     |   All figures saved to output/figures
2026-07-26 20:30:59 | INFO     | ============================================================
2026-07-26 20:30:59 | INFO     |   PIPELINE SUMMARY
2026-07-26 20:30:59 | INFO     | ============================================================
2026-07-26 20:30:59 | INFO     |   Total compounds generated:     3116
2026-07-26 20:30:59 | INFO     |   After filtering:               392
2026-07-26 20:30:59 | INFO     |   Top candidates reported:       20
2026-07-26 20:30:59 | INFO     |   Successfully docked:           20
2026-07-26 20:30:59 | INFO     |   Selectivity pass (SI >= 2.0):  4
2026-07-26 20:30:59 | INFO     |   Docking engine:                Vina
2026-07-26 20:30:59 | INFO     |   Redocking RMSD:                1.937 Å
2026-07-26 20:30:59 | INFO     |   Redocking validated:           True
2026-07-26 20:30:59 | INFO     |   Protocol validation: RMSD 1.937 Å (Validated)
2026-07-26 20:30:59 | INFO     |   CSV report:                    output/top_candidates.csv
2026-07-26 20:30:59 | INFO     |   Open output/visualization.pml in PyMOL to inspect binding poses.
2026-07-26 20:30:59 | INFO     | ============================================================
2026-07-26 20:30:59 | INFO     | Pipeline complete. Exiting.
2026-07-26 20:35:41 | INFO     | AutoAntibiotic Discovery Pipeline v5.3.0
2026-07-26 20:35:41 | INFO     | ─── Phase 0: Dependency Check ───
2026-07-26 20:35:41 | INFO     |   ✓  AutoDock Vina binary found on PATH (version: AutoDock Vina v1.2.7)
2026-07-26 20:35:41 | INFO     |   ✓  OpenBabel binary found on PATH (version: Open Babel 3.1.0 -- Feb 17 2026 -- 07:38:51
Usage:
obabel [-i<input-type>] <infilename> [-o<output-type>] -O<outfilename> [Options]
Try  -H option for more information.)
2026-07-26 20:35:41 | INFO     |   ✓  All required Python packages found.
2026-07-26 20:35:41 | INFO     | ─── Phase 1: Target Preparation & Centroid Calculation ───
2026-07-26 20:35:41 | INFO     |   NOTE: bundled tests/data/*.pdb files are minimal mock structures for offline CI runs — they are NOT real crystallographic models. Any redocking RMSD computed against them is non-physical and must not be interpreted as a protocol-quality metric.
2026-07-26 20:35:41 | INFO     |   Run mode (from config): science
2026-07-26 20:35:41 | INFO     |   Structure 3ZG0 already local: output/pdb/3ZG0.pdb
2026-07-26 20:35:41 | INFO     |   Structure 1VQQ already local: output/pdb/1VQQ.pdb
2026-07-26 20:35:41 | INFO     |   Structure 1UTN already local: output/pdb/1UTN.pdb
2026-07-26 20:35:41 | INFO     |   Structure 1YAH already local: output/pdb/1YAH.pdb
2026-07-26 20:35:41 | INFO     |   Structure 1TQN already local: output/pdb/1TQN.pdb
2026-07-26 20:35:41 | INFO     |   Structure 1VQQ already local: output/pdb/1VQQ.pdb
2026-07-26 20:35:41 | INFO     |   Structure 3ZG0 already local: output/pdb/3ZG0.pdb
2026-07-26 20:35:41 | INFO     |   Structure 4DKI already local: output/pdb/4DKI.pdb
2026-07-26 20:35:41 | INFO     | Science mode: real scientific validation expected.
2026-07-26 20:35:41 | INFO     |   Cleaning PBP2a (apo)…
2026-07-26 20:35:41 | INFO     |   Polar hydrogens added to output/workdir/PBP2a_clean.pdb
2026-07-26 20:35:43 | INFO     |   Receptor PDBQT written via obabel (-xr): output/workdir/PBP2a_clean.pdbqt
2026-07-26 20:35:43 | INFO     |   Cleaning PBP2a (holo, protein-only)…
2026-07-26 20:35:43 | WARNING  |   Could not read PDB via RDKit. Skipping hydrogen addition.
2026-07-26 20:35:43 | INFO     |   Receptor PDBQT written via obabel (-xr): output/workdir/PBP2a_holo_clean.pdbqt
2026-07-26 20:35:43 | WARNING  |   Could not read PDB via RDKit. Skipping hydrogen addition.
2026-07-26 20:35:44 | INFO     |   Receptor PDBQT written via obabel (-xr): output/workdir/PBP2a_3ZG0_clean.pdbqt
2026-07-26 20:35:44 | INFO     |   Added PBP2a conformer 3ZG0 receptor PDBQT: output/workdir/PBP2a_3ZG0_clean.pdbqt
2026-07-26 20:35:44 | INFO     |   Polar hydrogens added to output/workdir/PBP2a_4DKI_clean.pdb
2026-07-26 20:35:46 | INFO     |   Receptor PDBQT written via obabel (-xr): output/workdir/PBP2a_4DKI_clean.pdbqt
2026-07-26 20:35:46 | INFO     |   Added PBP2a conformer 4DKI receptor PDBQT: output/workdir/PBP2a_4DKI_clean.pdbqt
2026-07-26 20:35:46 | INFO     |   Computing active site centroid (conserved residues SER403, LYS406, TYR446) using side-chain atoms…
2026-07-26 20:35:46 | INFO     |     Active site center: [23.95072216 27.87146293 88.53164786]
2026-07-26 20:35:46 | INFO     |   Computing allosteric site centroid (TYR105, GLN199, GLU237) using side-chain atoms…
2026-07-26 20:35:46 | INFO     |     Allosteric site center: [24.97548178 30.9366667  28.8698331 ]
2026-07-26 20:35:46 | INFO     |   Cleaning Human Trypsin (1UTN)…
2026-07-26 20:35:46 | INFO     |   Polar hydrogens added to output/workdir/trypsin_clean.pdb
2026-07-26 20:35:46 | INFO     |   Receptor PDBQT written via obabel (-xr): output/workdir/trypsin_clean.pdbqt
2026-07-26 20:35:46 | INFO     |   Computing trypsin active site centroid (His57, Asp102, Ser195) using side-chain atoms…
2026-07-26 20:35:46 | INFO     |     Trypsin active site center: [22.54101663 14.86204433 22.53591386]
2026-07-26 20:35:46 | INFO     |   Cleaning Human Carboxylesterase 1 (1YAH)…
2026-07-26 20:35:47 | INFO     |   Polar hydrogens added to output/workdir/CES1_clean.pdb
2026-07-26 20:35:49 | INFO     |   Receptor PDBQT written via obabel (-xr): output/workdir/CES1_clean.pdbqt
2026-07-26 20:35:49 | INFO     |   Computing CES1 active site centroid (Ser221, His468, Glu354) using side-chain atoms…
2026-07-26 20:35:49 | INFO     |     CES1 active site center: [-7.13865188 43.85391877 37.96102563]
2026-07-26 20:35:49 | INFO     |   Cleaning CYP3A4 (1TQN)…
2026-07-26 20:35:49 | INFO     |   Structure 1TQN already local: output/pdb/1TQN.pdb
2026-07-26 20:35:49 | INFO     |   Polar hydrogens added to output/workdir/CYP3A4_clean.pdb
2026-07-26 20:35:49 | INFO     |   Receptor PDBQT written via obabel (-xr): output/workdir/CYP3A4_clean.pdbqt
2026-07-26 20:35:49 | INFO     |   Computing CYP3A4 active site centroid (heme Fe, Thr309, Ala370)…
2026-07-26 20:35:49 | INFO     |     CYP3A4 active site center: [-20.83707145 -22.85971421 -15.8193571 ]
2026-07-26 20:35:49 | INFO     |   Grid config saved: output/workdir/grid_configs/grid_active.txt
2026-07-26 20:35:49 | INFO     | ─── Phase 1 complete ───
2026-07-26 20:35:49 | INFO     | ─── Phase 0: Redocking Validation ───
2026-07-26 20:35:49 | INFO     |   Native ligand (resname override 'AI8'): chain A, residue AI8
2026-07-26 20:35:49 | INFO     |   Native ligand SMILES: CCONC(C(O)N[C@H](CO)[C@@H]1NC(C(O)O)[C@@H](SC2NC(C3CCN(C)CC3)CS2)CS1)[C@@H]1NSC(N)N1
2026-07-26 20:35:50 | INFO     |   Native ligand PDBQT written to output/workdir/native_ligand.pdbqt
2026-07-26 20:35:50 | INFO     |   Redocking native ligand into PBP2a…
2026-07-26 20:35:50 | INFO     |   Redocking box: 18.7 x 29.1 x 21.4 Å (auto-sized from native ligand).
2026-07-26 20:37:22 | INFO     |   [Vina stdout, conformer 0 seed 1] AutoDock Vina v1.2.7
#################################################################
# If you used AutoDock Vina in your work, please cite:          #
#                                                               #
# J. Eberhardt, D. Santos-Martins, A. F. Tillack, and S. Forli  #
# AutoDock Vina 1.2.0: New Docking Methods, Expanded Force      #
# Field, and Python Bindings, J. Chem. Inf. Model. (2021)       #
# DOI 10.1021/acs.jcim.1c00203                                  #
#                                                               #
# O. Trott, A. J. Olson,                                        #
# AutoDock Vina: improving the speed and accuracy of docking    #
# with a new scoring function, efficient optimization and       #
# multithreading, J. Comp. Chem. (2010)                         #
# DOI 10.1002/jcc.21334                                         #
#                                                               #
# Please see https://github.com/ccsb-scripps/AutoDock-Vina for  #
# more information.                                             #
#################################################################

Scoring function : vina
Rigid receptor: output/workdir/PBP2a_clean.pdbqt
Ligand: output/workdir/native_ligand.pdbqt
Grid center: X 27.902 Y 29.847 Z 88.317
Grid size  : X 18.7 Y 29.1 Z 21.4
Grid space : 0.375
Exhaustiveness: 32
CPU: 0
Verbosity: 1

Computing Vina grid ... done.
Performing docking (random seed: 1) ... 
0%   10   20   30   40   50   60   70   80   90   100%
|----|----|----|----|----|----|----|----|----|----|
***************************************************

mode |   affinity | dist from best mode
     | (kcal/mol) | rmsd l.b.| rmsd u.b.
-----+------------+----------+----------
   1       -6.952          0          0
   2       -6.791      3.637      9.872
   3        -6.77      3.405      7.121
2026-07-26 20:37:22 | INFO     |   RMSD (Kabsch, 27 atoms) = 1.937 Å
2026-07-26 20:37:23 | INFO     |   Core RMSD (ring scaffold, 12 atoms) = 1.251 Å
2026-07-26 20:37:23 | INFO     |   Redocking RMSD (conformer 0, seed 1) = 1.937 Å (core 1.251 Å)
2026-07-26 20:38:48 | INFO     |   [Vina stdout, conformer 0 seed 2] AutoDock Vina v1.2.7
#################################################################
# If you used AutoDock Vina in your work, please cite:          #
#                                                               #
# J. Eberhardt, D. Santos-Martins, A. F. Tillack, and S. Forli  #
# AutoDock Vina 1.2.0: New Docking Methods, Expanded Force      #
# Field, and Python Bindings, J. Chem. Inf. Model. (2021)       #
# DOI 10.1021/acs.jcim.1c00203                                  #
#                                                               #
# O. Trott, A. J. Olson,                                        #
# AutoDock Vina: improving the speed and accuracy of docking    #
# with a new scoring function, efficient optimization and       #
# multithreading, J. Comp. Chem. (2010)                         #
# DOI 10.1002/jcc.21334                                         #
#                                                               #
# Please see https://github.com/ccsb-scripps/AutoDock-Vina for  #
# more information.                                             #
#################################################################

Scoring function : vina
Rigid receptor: output/workdir/PBP2a_clean.pdbqt
Ligand: output/workdir/native_ligand.pdbqt
Grid center: X 27.902 Y 29.847 Z 88.317
Grid size  : X 18.7 Y 29.1 Z 21.4
Grid space : 0.375
Exhaustiveness: 32
CPU: 0
Verbosity: 1

Computing Vina grid ... done.
Performing docking (random seed: 2) ... 
0%   10   20   30   40   50   60   70   80   90   100%
|----|----|----|----|----|----|----|----|----|----|
***************************************************

mode |   affinity | dist from best mode
     | (kcal/mol) | rmsd l.b.| rmsd u.b.
-----+------------+----------+----------
   1       -6.857          0          0
   2       -6.817      3.164      6.962
   3       -6.515      12.27      15.95
2026-07-26 20:38:48 | INFO     |   RMSD (Kabsch, 27 atoms) = 2.091 Å
2026-07-26 20:38:48 | INFO     |   Core RMSD (ring scaffold, 12 atoms) = 1.235 Å
2026-07-26 20:38:48 | INFO     |   Redocking RMSD (conformer 0, seed 2) = 2.091 Å (core 1.235 Å)
2026-07-26 20:40:16 | INFO     |   [Vina stdout, conformer 0 seed 3] AutoDock Vina v1.2.7
#################################################################
# If you used AutoDock Vina in your work, please cite:          #
#                                                               #
# J. Eberhardt, D. Santos-Martins, A. F. Tillack, and S. Forli  #
# AutoDock Vina 1.2.0: New Docking Methods, Expanded Force      #
# Field, and Python Bindings, J. Chem. Inf. Model. (2021)       #
# DOI 10.1021/acs.jcim.1c00203                                  #
#                                                               #
# O. Trott, A. J. Olson,                                        #
# AutoDock Vina: improving the speed and accuracy of docking    #
# with a new scoring function, efficient optimization and       #
# multithreading, J. Comp. Chem. (2010)                         #
# DOI 10.1002/jcc.21334                                         #
#                                                               #
# Please see https://github.com/ccsb-scripps/AutoDock-Vina for  #
# more information.                                             #
#################################################################

Scoring function : vina
Rigid receptor: output/workdir/PBP2a_clean.pdbqt
Ligand: output/workdir/native_ligand.pdbqt
Grid center: X 27.902 Y 29.847 Z 88.317
Grid size  : X 18.7 Y 29.1 Z 21.4
Grid space : 0.375
Exhaustiveness: 32
CPU: 0
Verbosity: 1

Computing Vina grid ... done.
Performing docking (random seed: 3) ... 
0%   10   20   30   40   50   60   70   80   90   100%
|----|----|----|----|----|----|----|----|----|----|
***************************************************

mode |   affinity | dist from best mode
     | (kcal/mol) | rmsd l.b.| rmsd u.b.
-----+------------+----------+----------
   1       -6.917          0          0
   2       -6.581      1.606      2.145
   3       -6.443      11.11      15.51
2026-07-26 20:40:16 | INFO     |   RMSD (Kabsch, 27 atoms) = 2.069 Å
2026-07-26 20:40:16 | INFO     |   Core RMSD (ring scaffold, 12 atoms) = 1.223 Å
2026-07-26 20:40:16 | INFO     |   Redocking RMSD (conformer 0, seed 3) = 2.069 Å (core 1.223 Å)
2026-07-26 20:40:16 | INFO     |   Multi-start RMSDs (conformer 0) = 1.937, 2.091, 2.069 Å; best = 1.937 Å
2026-07-26 20:41:43 | INFO     |   [Vina stdout, conformer 1 seed 1] AutoDock Vina v1.2.7
#################################################################
# If you used AutoDock Vina in your work, please cite:          #
#                                                               #
# J. Eberhardt, D. Santos-Martins, A. F. Tillack, and S. Forli  #
# AutoDock Vina 1.2.0: New Docking Methods, Expanded Force      #
# Field, and Python Bindings, J. Chem. Inf. Model. (2021)       #
# DOI 10.1021/acs.jcim.1c00203                                  #
#                                                               #
# O. Trott, A. J. Olson,                                        #
# AutoDock Vina: improving the speed and accuracy of docking    #
# with a new scoring function, efficient optimization and       #
# multithreading, J. Comp. Chem. (2010)                         #
# DOI 10.1002/jcc.21334                                         #
#                                                               #
# Please see https://github.com/ccsb-scripps/AutoDock-Vina for  #
# more information.                                             #
#################################################################

Scoring function : vina
Rigid receptor: output/workdir/PBP2a_3ZG0_clean.pdbqt
Ligand: output/workdir/native_ligand.pdbqt
Grid center: X 27.902 Y 29.847 Z 88.317
Grid size  : X 18.7 Y 29.1 Z 21.4
Grid space : 0.375
Exhaustiveness: 32
CPU: 0
Verbosity: 1

Computing Vina grid ... done.
Performing docking (random seed: 1) ... 
0%   10   20   30   40   50   60   70   80   90   100%
|----|----|----|----|----|----|----|----|----|----|
***************************************************

mode |   affinity | dist from best mode
     | (kcal/mol) | rmsd l.b.| rmsd u.b.
-----+------------+----------+----------
   1       -6.699          0          0
   2       -6.482      1.962      2.954
   3       -6.448       3.17       12.5
2026-07-26 20:41:43 | INFO     |   RMSD (Kabsch, 27 atoms) = 2.071 Å
2026-07-26 20:41:43 | INFO     |   Core RMSD (ring scaffold, 12 atoms) = 1.114 Å
2026-07-26 20:41:43 | INFO     |   Redocking RMSD (conformer 1, seed 1) = 2.071 Å (core 1.114 Å)
2026-07-26 20:43:04 | INFO     |   [Vina stdout, conformer 1 seed 2] AutoDock Vina v1.2.7
#################################################################
# If you used AutoDock Vina in your work, please cite:          #
#                                                               #
# J. Eberhardt, D. Santos-Martins, A. F. Tillack, and S. Forli  #
# AutoDock Vina 1.2.0: New Docking Methods, Expanded Force      #
# Field, and Python Bindings, J. Chem. Inf. Model. (2021)       #
# DOI 10.1021/acs.jcim.1c00203                                  #
#                                                               #
# O. Trott, A. J. Olson,                                        #
# AutoDock Vina: improving the speed and accuracy of docking    #
# with a new scoring function, efficient optimization and       #
# multithreading, J. Comp. Chem. (2010)                         #
# DOI 10.1002/jcc.21334                                         #
#                                                               #
# Please see https://github.com/ccsb-scripps/AutoDock-Vina for  #
# more information.                                             #
#################################################################

Scoring function : vina
Rigid receptor: output/workdir/PBP2a_3ZG0_clean.pdbqt
Ligand: output/workdir/native_ligand.pdbqt
Grid center: X 27.902 Y 29.847 Z 88.317
Grid size  : X 18.7 Y 29.1 Z 21.4
Grid space : 0.375
Exhaustiveness: 32
CPU: 0
Verbosity: 1

Computing Vina grid ... done.
Performing docking (random seed: 2) ... 
0%   10   20   30   40   50   60   70   80   90   100%
|----|----|----|----|----|----|----|----|----|----|
***************************************************

mode |   affinity | dist from best mode
     | (kcal/mol) | rmsd l.b.| rmsd u.b.
-----+------------+----------+----------
   1       -6.832          0          0
   2         -6.6      3.476      12.54
   3       -6.597      3.647      7.467
2026-07-26 20:43:05 | INFO     |   RMSD (Kabsch, 27 atoms) = 2.146 Å
2026-07-26 20:43:05 | INFO     |   Core RMSD (ring scaffold, 12 atoms) = 1.215 Å
2026-07-26 20:43:05 | INFO     |   Redocking RMSD (conformer 1, seed 2) = 2.146 Å (core 1.215 Å)
2026-07-26 20:44:30 | INFO     |   [Vina stdout, conformer 1 seed 3] AutoDock Vina v1.2.7
#################################################################
# If you used AutoDock Vina in your work, please cite:          #
#                                                               #
# J. Eberhardt, D. Santos-Martins, A. F. Tillack, and S. Forli  #
# AutoDock Vina 1.2.0: New Docking Methods, Expanded Force      #
# Field, and Python Bindings, J. Chem. Inf. Model. (2021)       #
# DOI 10.1021/acs.jcim.1c00203                                  #
#                                                               #
# O. Trott, A. J. Olson,                                        #
# AutoDock Vina: improving the speed and accuracy of docking    #
# with a new scoring function, efficient optimization and       #
# multithreading, J. Comp. Chem. (2010)                         #
# DOI 10.1002/jcc.21334                                         #
#                                                               #
# Please see https://github.com/ccsb-scripps/AutoDock-Vina for  #
# more information.                                             #
#################################################################

Scoring function : vina
Rigid receptor: output/workdir/PBP2a_3ZG0_clean.pdbqt
Ligand: output/workdir/native_ligand.pdbqt
Grid center: X 27.902 Y 29.847 Z 88.317
Grid size  : X 18.7 Y 29.1 Z 21.4
Grid space : 0.375
Exhaustiveness: 32
CPU: 0
Verbosity: 1

Computing Vina grid ... done.
Performing docking (random seed: 3) ... 
0%   10   20   30   40   50   60   70   80   90   100%
|----|----|----|----|----|----|----|----|----|----|
***************************************************

mode |   affinity | dist from best mode
     | (kcal/mol) | rmsd l.b.| rmsd u.b.
-----+------------+----------+----------
   1        -6.83          0          0
   2       -6.593      3.473      12.56
   3       -6.506      4.095      9.202
2026-07-26 20:44:30 | INFO     |   RMSD (Kabsch, 27 atoms) = 2.119 Å
2026-07-26 20:44:30 | INFO     |   Core RMSD (ring scaffold, 12 atoms) = 1.187 Å
2026-07-26 20:44:30 | INFO     |   Redocking RMSD (conformer 1, seed 3) = 2.119 Å (core 1.187 Å)
2026-07-26 20:44:30 | INFO     |   Multi-start RMSDs (conformer 1) = 2.071, 2.146, 2.119 Å; best = 2.071 Å
2026-07-26 20:45:52 | INFO     |   [Vina stdout, conformer 2 seed 1] AutoDock Vina v1.2.7
#################################################################
# If you used AutoDock Vina in your work, please cite:          #
#                                                               #
# J. Eberhardt, D. Santos-Martins, A. F. Tillack, and S. Forli  #
# AutoDock Vina 1.2.0: New Docking Methods, Expanded Force      #
# Field, and Python Bindings, J. Chem. Inf. Model. (2021)       #
# DOI 10.1021/acs.jcim.1c00203                                  #
#                                                               #
# O. Trott, A. J. Olson,                                        #
# AutoDock Vina: improving the speed and accuracy of docking    #
# with a new scoring function, efficient optimization and       #
# multithreading, J. Comp. Chem. (2010)                         #
# DOI 10.1002/jcc.21334                                         #
#                                                               #
# Please see https://github.com/ccsb-scripps/AutoDock-Vina for  #
# more information.                                             #
#################################################################

Scoring function : vina
Rigid receptor: output/workdir/PBP2a_4DKI_clean.pdbqt
Ligand: output/workdir/native_ligand.pdbqt
Grid center: X 27.902 Y 29.847 Z 88.317
Grid size  : X 18.7 Y 29.1 Z 21.4
Grid space : 0.375
Exhaustiveness: 32
CPU: 0
Verbosity: 1

Computing Vina grid ... done.
Performing docking (random seed: 1) ... 
0%   10   20   30   40   50   60   70   80   90   100%
|----|----|----|----|----|----|----|----|----|----|
***************************************************

mode |   affinity | dist from best mode
     | (kcal/mol) | rmsd l.b.| rmsd u.b.
-----+------------+----------+----------
   1       -7.884          0          0
   2       -7.843      2.742      4.296
   3       -7.709      2.962      6.506
2026-07-26 20:45:52 | INFO     |   RMSD (Kabsch, 27 atoms) = 2.795 Å
2026-07-26 20:45:52 | INFO     |   Core RMSD (ring scaffold, 12 atoms) = 1.154 Å
2026-07-26 20:45:52 | INFO     |   Redocking RMSD (conformer 2, seed 1) = 2.795 Å (core 1.154 Å)
2026-07-26 20:47:17 | INFO     |   [Vina stdout, conformer 2 seed 2] AutoDock Vina v1.2.7
#################################################################
# If you used AutoDock Vina in your work, please cite:          #
#                                                               #
# J. Eberhardt, D. Santos-Martins, A. F. Tillack, and S. Forli  #
# AutoDock Vina 1.2.0: New Docking Methods, Expanded Force      #
# Field, and Python Bindings, J. Chem. Inf. Model. (2021)       #
# DOI 10.1021/acs.jcim.1c00203                                  #
#                                                               #
# O. Trott, A. J. Olson,                                        #
# AutoDock Vina: improving the speed and accuracy of docking    #
# with a new scoring function, efficient optimization and       #
# multithreading, J. Comp. Chem. (2010)                         #
# DOI 10.1002/jcc.21334                                         #
#                                                               #
# Please see https://github.com/ccsb-scripps/AutoDock-Vina for  #
# more information.                                             #
#################################################################

Scoring function : vina
Rigid receptor: output/workdir/PBP2a_4DKI_clean.pdbqt
Ligand: output/workdir/native_ligand.pdbqt
Grid center: X 27.902 Y 29.847 Z 88.317
Grid size  : X 18.7 Y 29.1 Z 21.4
Grid space : 0.375
Exhaustiveness: 32
CPU: 0
Verbosity: 1

Computing Vina grid ... done.
Performing docking (random seed: 2) ... 
0%   10   20   30   40   50   60   70   80   90   100%
|----|----|----|----|----|----|----|----|----|----|
***************************************************

mode |   affinity | dist from best mode
     | (kcal/mol) | rmsd l.b.| rmsd u.b.
-----+------------+----------+----------
   1       -7.832          0          0
   2       -7.691       3.28      9.288
   3       -7.665      2.342      3.761
2026-07-26 20:47:17 | INFO     |   RMSD (Kabsch, 27 atoms) = 2.838 Å
2026-07-26 20:47:17 | INFO     |   Core RMSD (ring scaffold, 12 atoms) = 1.158 Å
2026-07-26 20:47:17 | INFO     |   Redocking RMSD (conformer 2, seed 2) = 2.838 Å (core 1.158 Å)
2026-07-26 20:48:46 | INFO     |   [Vina stdout, conformer 2 seed 3] AutoDock Vina v1.2.7
#################################################################
# If you used AutoDock Vina in your work, please cite:          #
#                                                               #
# J. Eberhardt, D. Santos-Martins, A. F. Tillack, and S. Forli  #
# AutoDock Vina 1.2.0: New Docking Methods, Expanded Force      #
# Field, and Python Bindings, J. Chem. Inf. Model. (2021)       #
# DOI 10.1021/acs.jcim.1c00203                                  #
#                                                               #
# O. Trott, A. J. Olson,                                        #
# AutoDock Vina: improving the speed and accuracy of docking    #
# with a new scoring function, efficient optimization and       #
# multithreading, J. Comp. Chem. (2010)                         #
# DOI 10.1002/jcc.21334                                         #
#                                                               #
# Please see https://github.com/ccsb-scripps/AutoDock-Vina for  #
# more information.                                             #
#################################################################

Scoring function : vina
Rigid receptor: output/workdir/PBP2a_4DKI_clean.pdbqt
Ligand: output/workdir/native_ligand.pdbqt
Grid center: X 27.902 Y 29.847 Z 88.317
Grid size  : X 18.7 Y 29.1 Z 21.4
Grid space : 0.375
Exhaustiveness: 32
CPU: 0
Verbosity: 1

Computing Vina grid ... done.
Performing docking (random seed: 3) ... 
0%   10   20   30   40   50   60   70   80   90   100%
|----|----|----|----|----|----|----|----|----|----|
***************************************************

mode |   affinity | dist from best mode
     | (kcal/mol) | rmsd l.b.| rmsd u.b.
-----+------------+----------+----------
   1       -7.692          0          0
   2       -7.616      2.931      6.421
   3       -7.436       3.21      6.719
2026-07-26 20:48:47 | INFO     |   RMSD (Kabsch, 27 atoms) = 2.843 Å
2026-07-26 20:48:47 | INFO     |   Core RMSD (ring scaffold, 12 atoms) = 1.157 Å
2026-07-26 20:48:47 | INFO     |   Redocking RMSD (conformer 2, seed 3) = 2.843 Å (core 1.157 Å)
2026-07-26 20:48:47 | INFO     |   Multi-start RMSDs (conformer 2) = 2.795, 2.838, 2.843 Å; best = 2.795 Å
2026-07-26 20:48:47 | INFO     |   Best (consensus) Redocking RMSD = 1.937 Å (full-ligand); core (active-site scaffold) = 1.251 Å
2026-07-26 20:48:47 | INFO     |   ✓  Redocking validated (core RMSD = 1.251 Å ≤ 2.0 Å).
2026-07-26 20:48:47 | INFO     |   Validation results written: output/workdir/validation_results.json
2026-07-26 20:48:47 | INFO     |   Release status written: /Users/tom/Documents/apps/AutoAntibiotic/status.json
2026-07-26 20:48:47 | INFO     | --- Phase 0.5: Enrichment Validation ---
2026-07-26 20:48:47 | INFO     |   Loaded 21 known actives
2026-07-26 20:48:47 | INFO     |   Loaded 150 known decoys
2026-07-26 20:50:57 | INFO     |     Docked 25 / 171 (enrich_c0)
2026-07-26 20:53:27 | INFO     |     Docked 50 / 171 (enrich_c0)
2026-07-26 20:55:16 | INFO     |     Docked 75 / 171 (enrich_c0)
2026-07-26 20:57:05 | INFO     |     Docked 100 / 171 (enrich_c0)
2026-07-26 20:59:06 | INFO     |     Docked 125 / 171 (enrich_c0)
2026-07-26 21:01:06 | INFO     |     Docked 150 / 171 (enrich_c0)
2026-07-26 21:03:37 | INFO     |     Docked 25 / 171 (enrich_c1)
2026-07-26 21:05:36 | INFO     |     Docked 50 / 171 (enrich_c1)
2026-07-26 21:06:53 | INFO     |     Docked 75 / 171 (enrich_c1)
2026-07-26 21:08:35 | INFO     |     Docked 100 / 171 (enrich_c1)
2026-07-26 21:10:14 | INFO     |     Docked 125 / 171 (enrich_c1)
2026-07-26 21:11:58 | INFO     |     Docked 150 / 171 (enrich_c1)
2026-07-26 21:14:31 | INFO     |     Docked 25 / 171 (enrich_c2)
2026-07-26 21:16:22 | INFO     |     Docked 50 / 171 (enrich_c2)
2026-07-26 21:18:03 | INFO     |     Docked 75 / 171 (enrich_c2)
2026-07-26 21:19:28 | INFO     |     Docked 100 / 171 (enrich_c2)
2026-07-26 21:21:17 | INFO     |     Docked 125 / 171 (enrich_c2)
2026-07-26 21:22:53 | INFO     |     Docked 150 / 171 (enrich_c2)
2026-07-26 21:23:49 | INFO     |   Enrichment results written: output/enrichment_results.json
2026-07-26 21:23:49 | INFO     | --- Phase 0.5 complete ---
2026-07-26 21:23:49 | WARNING  |   ⚠  Enrichment validation: AUC=0.097 (need ≥0.7), EF_1%=0.00 (need ≥5). Protocol may need tuning.
2026-07-26 21:23:49 | INFO     | ─── Phase 0.5 complete ───
2026-07-26 21:23:49 | INFO     | ─── Phase 2: Library Generation ───
2026-07-26 21:23:49 | INFO     |   Loading external compound library from CSV: data/screen_library_final.csv
2026-07-26 21:23:49 | INFO     |   Loaded 3116 compounds from external CSV.
2026-07-26 21:23:50 | INFO     | ─── Phase 2: Filtering ───
2026-07-26 21:23:54 | INFO     |   Structural exclusion (β-lactam): 0 removed.
2026-07-26 21:23:54 | INFO     |   Similarity filter (Tc < 0.3): 9 removed.
2026-07-26 21:23:54 | INFO     |   ADMET filter (Lipinski + QED > 0.5): 2411 removed.
2026-07-26 21:23:54 | INFO     |   PAINS filter: 2 removed.
2026-07-26 21:23:54 | INFO     |   Brenk alerts: 302 removed.
2026-07-26 21:23:54 | INFO     |   Passed filters: 392 compounds.
2026-07-26 21:23:54 | INFO     | ─── Phase 2 complete ───
2026-07-26 21:23:54 | INFO     | ─── Phase 3: Virtual Screening ───
2026-07-26 21:23:54 | INFO     |   Docking all 392 compounds against PBP2a active site (3 conformers)…
2026-07-26 21:24:54 | INFO     |     Docked 25 / 392 (active_c0)
2026-07-26 21:25:36 | INFO     |     Docked 50 / 392 (active_c0)
2026-07-26 21:26:33 | INFO     |     Docked 75 / 392 (active_c0)
2026-07-26 21:27:34 | INFO     |     Docked 100 / 392 (active_c0)
2026-07-26 21:28:15 | INFO     |     Docked 125 / 392 (active_c0)
2026-07-26 21:29:21 | INFO     |     Docked 150 / 392 (active_c0)
2026-07-26 21:30:37 | INFO     |     Docked 175 / 392 (active_c0)
2026-07-26 21:31:56 | INFO     |     Docked 200 / 392 (active_c0)
2026-07-26 21:32:29 | INFO     |     Docked 225 / 392 (active_c0)
2026-07-26 21:33:43 | INFO     |     Docked 250 / 392 (active_c0)
2026-07-26 21:34:43 | INFO     |     Docked 275 / 392 (active_c0)
2026-07-26 21:35:58 | INFO     |     Docked 300 / 392 (active_c0)
2026-07-26 21:37:30 | INFO     |     Docked 325 / 392 (active_c0)
2026-07-26 21:38:53 | INFO     |     Docked 350 / 392 (active_c0)
2026-07-26 21:40:03 | INFO     |     Docked 375 / 392 (active_c0)
2026-07-26 21:41:17 | INFO     |     Docked 25 / 392 (active_c1)
2026-07-26 21:41:54 | INFO     |     Docked 50 / 392 (active_c1)
2026-07-26 21:42:36 | INFO     |     Docked 75 / 392 (active_c1)
2026-07-26 21:43:26 | INFO     |     Docked 100 / 392 (active_c1)
2026-07-26 21:44:06 | INFO     |     Docked 125 / 392 (active_c1)
2026-07-26 21:44:58 | INFO     |     Docked 150 / 392 (active_c1)
2026-07-26 21:46:03 | INFO     |     Docked 175 / 392 (active_c1)
2026-07-26 21:46:58 | INFO     |     Docked 200 / 392 (active_c1)
2026-07-26 21:47:25 | INFO     |     Docked 225 / 392 (active_c1)
2026-07-26 21:48:20 | INFO     |     Docked 250 / 392 (active_c1)
2026-07-26 21:49:14 | INFO     |     Docked 275 / 392 (active_c1)
2026-07-26 21:50:04 | INFO     |     Docked 300 / 392 (active_c1)
2026-07-26 21:51:17 | INFO     |     Docked 325 / 392 (active_c1)
2026-07-26 21:52:31 | INFO     |     Docked 350 / 392 (active_c1)
2026-07-26 21:53:24 | INFO     |     Docked 375 / 392 (active_c1)
2026-07-26 21:54:37 | INFO     |     Docked 25 / 392 (active_c2)
2026-07-26 21:55:13 | INFO     |     Docked 50 / 392 (active_c2)
2026-07-26 21:56:01 | INFO     |     Docked 75 / 392 (active_c2)
2026-07-26 21:56:43 | INFO     |     Docked 100 / 392 (active_c2)
2026-07-26 21:57:25 | INFO     |     Docked 125 / 392 (active_c2)
2026-07-26 21:58:15 | INFO     |     Docked 150 / 392 (active_c2)
2026-07-26 21:59:17 | INFO     |     Docked 175 / 392 (active_c2)
2026-07-26 22:00:12 | INFO     |     Docked 200 / 392 (active_c2)
2026-07-26 22:00:42 | INFO     |     Docked 225 / 392 (active_c2)
2026-07-26 22:01:40 | INFO     |     Docked 250 / 392 (active_c2)
2026-07-26 22:02:27 | INFO     |     Docked 275 / 392 (active_c2)
2026-07-26 22:03:15 | INFO     |     Docked 300 / 392 (active_c2)
2026-07-26 22:04:41 | INFO     |     Docked 325 / 392 (active_c2)
2026-07-26 22:05:44 | INFO     |     Docked 350 / 392 (active_c2)
2026-07-26 22:06:34 | INFO     |     Docked 375 / 392 (active_c2)
2026-07-26 22:07:01 | INFO     |   Active-site docking complete: 392/392 scored.
2026-07-26 22:08:33 | INFO     |   Pharmacophore pre-filter removed 0 surface-binder compounds.
2026-07-26 22:08:33 | INFO     |   Docking all 392 compounds against PBP2a allosteric site (3 conformers)…
2026-07-26 22:09:27 | INFO     |     Docked 25 / 392 (allosteric_c0)
2026-07-26 22:10:05 | INFO     |     Docked 50 / 392 (allosteric_c0)
2026-07-26 22:10:55 | INFO     |     Docked 75 / 392 (allosteric_c0)
2026-07-26 22:11:49 | INFO     |     Docked 100 / 392 (allosteric_c0)
2026-07-26 22:12:34 | INFO     |     Docked 125 / 392 (allosteric_c0)
2026-07-26 22:13:32 | INFO     |     Docked 150 / 392 (allosteric_c0)
2026-07-26 22:14:46 | INFO     |     Docked 175 / 392 (allosteric_c0)
2026-07-26 22:15:56 | INFO     |     Docked 200 / 392 (allosteric_c0)
2026-07-26 22:16:28 | INFO     |     Docked 225 / 392 (allosteric_c0)
2026-07-26 22:17:27 | INFO     |     Docked 250 / 392 (allosteric_c0)
2026-07-26 22:18:30 | INFO     |     Docked 275 / 392 (allosteric_c0)
2026-07-26 22:19:27 | INFO     |     Docked 300 / 392 (allosteric_c0)
2026-07-26 22:20:53 | INFO     |     Docked 325 / 392 (allosteric_c0)
2026-07-26 22:22:06 | INFO     |     Docked 350 / 392 (allosteric_c0)
2026-07-26 22:23:11 | INFO     |     Docked 375 / 392 (allosteric_c0)
2026-07-26 22:24:33 | INFO     |     Docked 25 / 392 (allosteric_c1)
2026-07-26 22:25:11 | INFO     |     Docked 50 / 392 (allosteric_c1)
2026-07-26 22:26:00 | INFO     |     Docked 75 / 392 (allosteric_c1)
2026-07-26 22:26:56 | INFO     |     Docked 100 / 392 (allosteric_c1)
2026-07-26 22:27:39 | INFO     |     Docked 125 / 392 (allosteric_c1)
2026-07-26 22:28:38 | INFO     |     Docked 150 / 392 (allosteric_c1)
2026-07-26 22:29:52 | INFO     |     Docked 175 / 392 (allosteric_c1)
2026-07-26 22:30:58 | INFO     |     Docked 200 / 392 (allosteric_c1)
2026-07-26 22:31:37 | INFO     |     Docked 225 / 392 (allosteric_c1)
2026-07-26 22:32:35 | INFO     |     Docked 250 / 392 (allosteric_c1)
2026-07-26 22:33:40 | INFO     |     Docked 275 / 392 (allosteric_c1)
2026-07-26 22:34:44 | INFO     |     Docked 300 / 392 (allosteric_c1)
2026-07-26 22:36:11 | INFO     |     Docked 325 / 392 (allosteric_c1)
2026-07-26 22:37:24 | INFO     |     Docked 350 / 392 (allosteric_c1)
2026-07-26 22:38:27 | INFO     |     Docked 375 / 392 (allosteric_c1)
2026-07-26 22:39:52 | INFO     |     Docked 25 / 392 (allosteric_c2)
2026-07-26 22:40:32 | INFO     |     Docked 50 / 392 (allosteric_c2)
2026-07-26 22:41:22 | INFO     |     Docked 75 / 392 (allosteric_c2)
2026-07-26 22:42:18 | INFO     |     Docked 100 / 392 (allosteric_c2)
2026-07-26 22:43:04 | INFO     |     Docked 125 / 392 (allosteric_c2)
2026-07-26 22:44:04 | INFO     |     Docked 150 / 392 (allosteric_c2)
2026-07-26 22:45:18 | INFO     |     Docked 175 / 392 (allosteric_c2)
2026-07-26 22:46:29 | INFO     |     Docked 200 / 392 (allosteric_c2)
2026-07-26 22:47:07 | INFO     |     Docked 225 / 392 (allosteric_c2)
2026-07-26 22:48:21 | INFO     |     Docked 250 / 392 (allosteric_c2)
2026-07-26 22:49:34 | INFO     |     Docked 275 / 392 (allosteric_c2)
2026-07-26 22:50:47 | INFO     |     Docked 300 / 392 (allosteric_c2)
2026-07-26 22:52:25 | INFO     |     Docked 325 / 392 (allosteric_c2)
2026-07-26 22:53:48 | INFO     |     Docked 350 / 392 (allosteric_c2)
2026-07-26 22:54:55 | INFO     |     Docked 375 / 392 (allosteric_c2)
2026-07-26 22:55:32 | INFO     |   Allosteric-site docking complete: 392/392 scored.
2026-07-26 22:55:32 | INFO     |   Top 30 candidates by best energy.
2026-07-26 22:55:32 | INFO     |     1. BRICS-0006: -10.61 kcal/mol (active: -10.61)
2026-07-26 22:55:32 | INFO     |     2. BRICS-0022: -10.41 kcal/mol (active: -10.41)
2026-07-26 22:55:32 | INFO     |     3. BRICS-01163: -10.24 kcal/mol (active: -10.24)
2026-07-26 22:55:32 | INFO     |     4. BRICS-0340: -10.13 kcal/mol (active: -10.13)
2026-07-26 22:55:32 | INFO     |     5. BRICS-01154: -10.08 kcal/mol (active: -10.08)
2026-07-26 22:55:32 | INFO     |     6. ALL_QU04: -10.05 kcal/mol (active: -10.05)
2026-07-26 22:55:32 | INFO     |     7. ALL_QU04: -10.05 kcal/mol (active: -10.05)
2026-07-26 22:55:32 | INFO     |     8. ALL_SU08: -9.95 kcal/mol (active: -9.95)
2026-07-26 22:55:32 | INFO     |     9. BRICS-0004: -9.92 kcal/mol (active: -9.92)
2026-07-26 22:55:32 | INFO     |     10. ALL_SU14: -9.88 kcal/mol (active: -9.88)
2026-07-26 22:55:32 | INFO     | ─── Phase 3 complete ───
2026-07-26 22:55:32 | INFO     | ─── Phase 4: Selectivity & Resistance Analysis ───
2026-07-26 22:55:32 | INFO     |   Docking top 10 vs Human Trypsin (1UTN)…
2026-07-26 22:57:22 | INFO     |     Docked 25 / 30 (trypsin)
2026-07-26 22:57:31 | INFO     |   Docking top 10 vs Human Carboxylesterase 1 (1YAH)…
2026-07-26 22:59:30 | INFO     |     Docked 25 / 30 (ces1)
2026-07-26 22:59:38 | INFO     |   Docking top 10 vs Human CYP3A4 (1TQN)…
2026-07-26 23:01:16 | INFO     |     Docked 25 / 30 (cyp3a4)
2026-07-26 23:01:24 | WARNING  |   BRICS-01154: CES1 energy (-8.73) stronger than PBP2a (-7.76) — possible surface-patch artifact
2026-07-26 23:01:24 | WARNING  |   BRICS-0022: Low mechanism-restricted selectivity (SI = 1.48 < 1.5). Flagged for off-target risk.
2026-07-26 23:01:24 | INFO     |   BRICS-01163: mechanism-restricted SI = 1.91 (pass).
2026-07-26 23:01:24 | WARNING  |   BRICS-0340: Low mechanism-restricted selectivity (SI = 1.45 < 1.5). Flagged for off-target risk.
2026-07-26 23:01:24 | WARNING  |   BRICS-01154: Low mechanism-restricted selectivity (SI = 0.97 < 1.5). Flagged for off-target risk.
2026-07-26 23:01:24 | INFO     |   ALL_QU04: mechanism-restricted SI = 1.58 (pass).
2026-07-26 23:01:24 | WARNING  |   ALL_SU08: Low mechanism-restricted selectivity (SI = 1.38 < 1.5). Flagged for off-target risk.
2026-07-26 23:01:24 | WARNING  |   ALL_SU14: Low mechanism-restricted selectivity (SI = 1.45 < 1.5). Flagged for off-target risk.
2026-07-26 23:01:24 | INFO     |   ALL_QU05: mechanism-restricted SI = 2.03 (pass).
2026-07-26 23:01:24 | INFO     |   BRICS-0013: mechanism-restricted SI = 1.64 (pass).
2026-07-26 23:01:24 | WARNING  |   DIV-0277: Low mechanism-restricted selectivity (SI = 1.04 < 1.5). Flagged for off-target risk.
2026-07-26 23:01:24 | WARNING  |   ALL_TE07: Low mechanism-restricted selectivity (SI = 1.20 < 1.5). Flagged for off-target risk.
2026-07-26 23:01:24 | INFO     |   SEED-01150: mechanism-restricted SI = 1.74 (pass).
2026-07-26 23:01:24 | WARNING  |   ALL_SU03: Low mechanism-restricted selectivity (SI = 1.22 < 1.5). Flagged for off-target risk.
2026-07-26 23:01:24 | WARNING  |   ALL_SP03: Low mechanism-restricted selectivity (SI = 1.48 < 1.5). Flagged for off-target risk.
2026-07-26 23:01:31 | INFO     | ─── Phase 4 complete ───
2026-07-26 23:01:36 | INFO     |   MM-GBSA rescoring: 1/30 candidates scored.
2026-07-26 23:01:36 | INFO     |   Final Top-10 ranked by PBP2a best energy (catalytic-engagement tiebreak).
2026-07-26 23:01:36 | INFO     |   Diversified final set: 9 diverse + 21 filler = 30 candidate(s).
2026-07-26 23:01:36 | INFO     |   Final report: 5 candidate(s) at SI >= 1.5, filled to 30 total.
2026-07-26 23:01:36 | INFO     | ─── Phase 5: Reporting ───
2026-07-26 23:01:36 | INFO     |   CSV report saved: output/top_candidates.csv
2026-07-26 23:01:36 | INFO     |   JSON candidates saved: output/top_candidates.json
2026-07-26 23:01:36 | INFO     |   Image saved: output/top1_ALL_QU05.png
2026-07-26 23:01:36 | INFO     |   Image saved: output/top2_BRICS-01163.png
2026-07-26 23:01:36 | INFO     |   Image saved: output/top3_SEED-01150.png
2026-07-26 23:01:36 | INFO     |   Interaction diagram saved: output/figures/interaction_ALL_QU05.png
2026-07-26 23:01:36 | INFO     |   Interaction diagram saved: output/figures/interaction_BRICS-01163.png
2026-07-26 23:01:36 | INFO     |   Interaction diagram saved: output/figures/interaction_SEED-01150.png
2026-07-26 23:01:36 | INFO     | Interaction diagrams saved to output/figures/
2026-07-26 23:01:36 | INFO     |   PyMOL script saved: output/visualization.pml (3 ligand pose(s) loaded).
2026-07-26 23:01:36 | INFO     |   Filter funnel saved: output/filter_funnel.json
2026-07-26 23:01:36 | INFO     |   ROC curve saved: output/figures/roc_curve.png
2026-07-26 23:01:36 | INFO     |   Energy distribution saved: output/figures/energy_distribution.png
2026-07-26 23:01:36 | INFO     |   SI scatter plot saved: output/figures/si_scatter.png
2026-07-26 23:01:37 | INFO     |   Filter funnel saved: output/figures/filter_funnel.png
2026-07-26 23:01:37 | INFO     |   Binding diagram saved: output/figures/top3_binding_1_ALL_QU05.png
2026-07-26 23:01:37 | INFO     |   Binding diagram saved: output/figures/top3_binding_2_BRICS-01163.png
2026-07-26 23:01:37 | INFO     |   Binding diagram saved: output/figures/top3_binding_3_SEED-01150.png
2026-07-26 23:01:37 | INFO     |   All figures saved to output/figures
2026-07-26 23:01:37 | INFO     | ============================================================
2026-07-26 23:01:37 | INFO     |   PIPELINE SUMMARY
2026-07-26 23:01:37 | INFO     | ============================================================
2026-07-26 23:01:37 | INFO     |   Total compounds generated:     3116
2026-07-26 23:01:37 | INFO     |   After filtering:               392
2026-07-26 23:01:37 | INFO     |   Top candidates reported:       30
2026-07-26 23:01:37 | INFO     |   Successfully docked:           30
2026-07-26 23:01:37 | INFO     |   Selectivity pass (SI >= 2.0):  5
2026-07-26 23:01:37 | INFO     |   Docking engine:                Vina
2026-07-26 23:01:37 | INFO     |   Redocking RMSD:                1.937 Å
2026-07-26 23:01:37 | INFO     |   Redocking validated:           True
2026-07-26 23:01:37 | INFO     |   Protocol validation: RMSD 1.937 Å (Validated)
2026-07-26 23:01:37 | INFO     |   CSV report:                    output/top_candidates.csv
2026-07-26 23:01:37 | INFO     |   Open output/visualization.pml in PyMOL to inspect binding poses.
2026-07-26 23:01:37 | INFO     | ============================================================
2026-07-26 23:01:37 | INFO     | Pipeline complete. Exiting.
2026-07-27 00:10:35 | INFO     | AutoAntibiotic Discovery Pipeline v5.3.0
2026-07-27 00:10:35 | INFO     | ─── Phase 0: Dependency Check ───
2026-07-27 00:10:35 | INFO     |   ✓  AutoDock Vina binary found on PATH (version: AutoDock Vina v1.2.7)
2026-07-27 00:10:35 | INFO     |   ✓  OpenBabel binary found on PATH (version: Open Babel 3.1.0 -- Feb 17 2026 -- 07:38:51
Usage:
obabel [-i<input-type>] <infilename> [-o<output-type>] -O<outfilename> [Options]
Try  -H option for more information.)
2026-07-27 00:10:35 | INFO     |   ✓  All required Python packages found.
2026-07-27 00:10:35 | INFO     | ─── Phase 1: Target Preparation & Centroid Calculation ───
2026-07-27 00:10:35 | INFO     |   NOTE: bundled tests/data/*.pdb files are minimal mock structures for offline CI runs — they are NOT real crystallographic models. Any redocking RMSD computed against them is non-physical and must not be interpreted as a protocol-quality metric.
2026-07-27 00:10:35 | INFO     |   Run mode (from config): science
2026-07-27 00:10:35 | INFO     |   Structure 3ZG0 already local: output/pdb/3ZG0.pdb
2026-07-27 00:10:35 | INFO     |   Structure 1VQQ already local: output/pdb/1VQQ.pdb
2026-07-27 00:10:35 | INFO     |   Structure 1UTN already local: output/pdb/1UTN.pdb
2026-07-27 00:10:35 | INFO     |   Structure 1YAH already local: output/pdb/1YAH.pdb
2026-07-27 00:10:35 | INFO     |   Structure 1TQN already local: output/pdb/1TQN.pdb
2026-07-27 00:10:35 | INFO     |   Structure 1VQQ already local: output/pdb/1VQQ.pdb
2026-07-27 00:10:35 | INFO     |   Structure 3ZG0 already local: output/pdb/3ZG0.pdb
2026-07-27 00:10:35 | INFO     |   Structure 4DKI already local: output/pdb/4DKI.pdb
2026-07-27 00:10:35 | INFO     | Science mode: real scientific validation expected.
2026-07-27 00:10:35 | INFO     |   Cleaning PBP2a (apo)…
2026-07-27 00:10:35 | INFO     |   Polar hydrogens added to output/workdir/PBP2a_clean.pdb
2026-07-27 00:10:37 | INFO     |   Receptor PDBQT written via obabel (-xr): output/workdir/PBP2a_clean.pdbqt
2026-07-27 00:10:37 | INFO     |   Cleaning PBP2a (holo, protein-only)…
2026-07-27 00:10:37 | WARNING  |   Could not read PDB via RDKit. Skipping hydrogen addition.
2026-07-27 00:10:37 | INFO     |   Receptor PDBQT written via obabel (-xr): output/workdir/PBP2a_holo_clean.pdbqt
2026-07-27 00:10:37 | WARNING  |   Could not read PDB via RDKit. Skipping hydrogen addition.
2026-07-27 00:10:38 | INFO     |   Receptor PDBQT written via obabel (-xr): output/workdir/PBP2a_3ZG0_clean.pdbqt
2026-07-27 00:10:38 | INFO     |   Added PBP2a conformer 3ZG0 receptor PDBQT: output/workdir/PBP2a_3ZG0_clean.pdbqt
2026-07-27 00:10:38 | INFO     |   Polar hydrogens added to output/workdir/PBP2a_4DKI_clean.pdb
2026-07-27 00:10:40 | INFO     |   Receptor PDBQT written via obabel (-xr): output/workdir/PBP2a_4DKI_clean.pdbqt
2026-07-27 00:10:40 | INFO     |   Added PBP2a conformer 4DKI receptor PDBQT: output/workdir/PBP2a_4DKI_clean.pdbqt
2026-07-27 00:10:40 | INFO     |   Computing active site centroid (conserved residues SER403, LYS406, TYR446) using side-chain atoms…
2026-07-27 00:10:40 | INFO     |     Active site center: [23.95072216 27.87146293 88.53164786]
2026-07-27 00:10:40 | INFO     |   Computing allosteric site centroid (TYR105, GLN199, GLU237) using side-chain atoms…
2026-07-27 00:10:40 | INFO     |     Allosteric site center: [24.97548178 30.9366667  28.8698331 ]
2026-07-27 00:10:40 | INFO     |   Cleaning Human Trypsin (1UTN)…
2026-07-27 00:10:40 | INFO     |   Polar hydrogens added to output/workdir/trypsin_clean.pdb
2026-07-27 00:10:40 | INFO     |   Receptor PDBQT written via obabel (-xr): output/workdir/trypsin_clean.pdbqt
2026-07-27 00:10:40 | INFO     |   Computing trypsin active site centroid (His57, Asp102, Ser195) using side-chain atoms…
2026-07-27 00:10:40 | INFO     |     Trypsin active site center: [22.54101663 14.86204433 22.53591386]
2026-07-27 00:10:40 | INFO     |   Cleaning Human Carboxylesterase 1 (1YAH)…
2026-07-27 00:10:41 | INFO     |   Polar hydrogens added to output/workdir/CES1_clean.pdb
2026-07-27 00:10:43 | INFO     |   Receptor PDBQT written via obabel (-xr): output/workdir/CES1_clean.pdbqt
2026-07-27 00:10:43 | INFO     |   Computing CES1 active site centroid (Ser221, His468, Glu354) using side-chain atoms…
2026-07-27 00:10:43 | INFO     |     CES1 active site center: [-7.13865188 43.85391877 37.96102563]
2026-07-27 00:10:43 | INFO     |   Cleaning CYP3A4 (1TQN)…
2026-07-27 00:10:43 | INFO     |   Structure 1TQN already local: output/pdb/1TQN.pdb
2026-07-27 00:10:43 | INFO     |   Polar hydrogens added to output/workdir/CYP3A4_clean.pdb
2026-07-27 00:10:43 | INFO     |   Receptor PDBQT written via obabel (-xr): output/workdir/CYP3A4_clean.pdbqt
2026-07-27 00:10:43 | INFO     |   Computing CYP3A4 active site centroid (heme Fe, Thr309, Ala370)…
2026-07-27 00:10:43 | INFO     |     CYP3A4 active site center: [-20.83707145 -22.85971421 -15.8193571 ]
2026-07-27 00:10:43 | INFO     |   Grid config saved: output/workdir/grid_configs/grid_active.txt
2026-07-27 00:10:43 | INFO     | ─── Phase 1 complete ───
2026-07-27 00:10:43 | INFO     |   Reusing cached redocking validation from previous run.
2026-07-27 00:10:43 | INFO     |   Release status written: /Users/tom/Documents/apps/AutoAntibiotic/status.json
2026-07-27 00:10:43 | INFO     |   ✓  Enrichment validation: AUC=0.792, EF_1%=19.25
2026-07-27 00:10:43 | INFO     | ─── Phase 0.5 complete ───
2026-07-27 00:10:43 | INFO     | ─── Phase 2: Library Generation ───
2026-07-27 00:10:43 | INFO     |   Loading external compound library from CSV: data/screen_library_final.csv
2026-07-27 00:10:44 | INFO     |   Loaded 3116 compounds from external CSV.
2026-07-27 00:10:45 | INFO     | ─── Phase 2: Filtering ───
2026-07-27 00:10:48 | INFO     |   Structural exclusion (β-lactam): 0 removed.
2026-07-27 00:10:48 | INFO     |   Similarity filter (Tc < 0.3): 9 removed.
2026-07-27 00:10:48 | INFO     |   ADMET filter (Lipinski + QED > 0.5): 2411 removed.
2026-07-27 00:10:48 | INFO     |   PAINS filter: 2 removed.
2026-07-27 00:10:48 | INFO     |   Brenk alerts: 302 removed.
2026-07-27 00:10:48 | INFO     |   Passed filters: 392 compounds.
2026-07-27 00:10:48 | INFO     | ─── Phase 2 complete ───
2026-07-27 00:10:48 | INFO     | ─── Phase 3: Virtual Screening ───
2026-07-27 00:10:48 | INFO     |   Docking all 392 compounds against PBP2a active site (3 conformers)…
2026-07-27 00:11:57 | INFO     |     Docked 25 / 392 (active_c0)
2026-07-27 00:12:37 | INFO     |     Docked 50 / 392 (active_c0)
2026-07-27 00:13:36 | INFO     |     Docked 75 / 392 (active_c0)
2026-07-27 00:14:39 | INFO     |     Docked 100 / 392 (active_c0)
2026-07-27 00:15:25 | INFO     |     Docked 125 / 392 (active_c0)
2026-07-27 00:16:32 | INFO     |     Docked 150 / 392 (active_c0)
2026-07-27 00:17:55 | INFO     |     Docked 175 / 392 (active_c0)
2026-07-27 00:19:17 | INFO     |     Docked 200 / 392 (active_c0)
2026-07-27 00:19:54 | INFO     |     Docked 225 / 392 (active_c0)
2026-07-27 00:21:08 | INFO     |     Docked 250 / 392 (active_c0)
2026-07-27 00:22:14 | INFO     |     Docked 275 / 392 (active_c0)
2026-07-27 00:23:29 | INFO     |     Docked 300 / 392 (active_c0)
2026-07-27 00:25:10 | INFO     |     Docked 325 / 392 (active_c0)
2026-07-27 00:26:42 | INFO     |     Docked 350 / 392 (active_c0)
2026-07-27 00:28:00 | INFO     |     Docked 375 / 392 (active_c0)
2026-07-27 00:29:14 | INFO     |     Docked 25 / 392 (active_c1)
2026-07-27 00:29:57 | INFO     |     Docked 50 / 392 (active_c1)
2026-07-27 00:30:35 | INFO     |     Docked 75 / 392 (active_c1)
2026-07-27 00:31:31 | INFO     |     Docked 100 / 392 (active_c1)
2026-07-27 00:32:13 | INFO     |     Docked 125 / 392 (active_c1)
2026-07-27 00:33:05 | INFO     |     Docked 150 / 392 (active_c1)
2026-07-27 00:34:13 | INFO     |     Docked 175 / 392 (active_c1)
2026-07-27 00:35:06 | INFO     |     Docked 200 / 392 (active_c1)
2026-07-27 00:35:35 | INFO     |     Docked 225 / 392 (active_c1)
2026-07-27 00:36:30 | INFO     |     Docked 250 / 392 (active_c1)
2026-07-27 00:37:25 | INFO     |     Docked 275 / 392 (active_c1)
2026-07-27 00:38:18 | INFO     |     Docked 300 / 392 (active_c1)
2026-07-27 00:39:34 | INFO     |     Docked 325 / 392 (active_c1)
2026-07-27 00:40:47 | INFO     |     Docked 350 / 392 (active_c1)
2026-07-27 00:41:40 | INFO     |     Docked 375 / 392 (active_c1)
2026-07-27 00:42:56 | INFO     |     Docked 25 / 392 (active_c2)
2026-07-27 00:43:36 | INFO     |     Docked 50 / 392 (active_c2)
2026-07-27 00:44:20 | INFO     |     Docked 75 / 392 (active_c2)
2026-07-27 00:45:16 | INFO     |     Docked 100 / 392 (active_c2)
2026-07-27 00:45:49 | INFO     |     Docked 125 / 392 (active_c2)
2026-07-27 00:46:39 | INFO     |     Docked 150 / 392 (active_c2)
2026-07-27 00:47:44 | INFO     |     Docked 175 / 392 (active_c2)
2026-07-27 00:48:41 | INFO     |     Docked 200 / 392 (active_c2)
2026-07-27 00:49:12 | INFO     |     Docked 225 / 392 (active_c2)
2026-07-27 00:50:09 | INFO     |     Docked 250 / 392 (active_c2)
2026-07-27 00:50:59 | INFO     |     Docked 275 / 392 (active_c2)
2026-07-27 00:51:52 | INFO     |     Docked 300 / 392 (active_c2)
2026-07-27 00:53:15 | INFO     |     Docked 325 / 392 (active_c2)
2026-07-27 00:54:21 | INFO     |     Docked 350 / 392 (active_c2)
2026-07-27 00:55:21 | INFO     |     Docked 375 / 392 (active_c2)
2026-07-27 00:55:42 | INFO     |   Active-site docking complete: 392/392 scored.
2026-07-27 00:57:06 | INFO     |   Pharmacophore filter removed BRICS_01158: no Ser403 (4.47 Å) and no Lys406 (4.64 Å) contact
2026-07-27 00:57:12 | INFO     |   Pharmacophore pre-filter removed 1 surface-binder compounds.
2026-07-27 00:57:12 | INFO     |   Docking all 392 compounds against PBP2a allosteric site (3 conformers)…
2026-07-27 00:58:05 | INFO     |     Docked 25 / 392 (allosteric_c0)
2026-07-27 00:58:44 | INFO     |     Docked 50 / 392 (allosteric_c0)
2026-07-27 00:59:35 | INFO     |     Docked 75 / 392 (allosteric_c0)
2026-07-27 01:00:30 | INFO     |     Docked 100 / 392 (allosteric_c0)
2026-07-27 01:01:14 | INFO     |     Docked 125 / 392 (allosteric_c0)
2026-07-27 01:02:14 | INFO     |     Docked 150 / 392 (allosteric_c0)
2026-07-27 01:03:30 | INFO     |     Docked 175 / 392 (allosteric_c0)
2026-07-27 01:04:38 | INFO     |     Docked 200 / 392 (allosteric_c0)
2026-07-27 01:05:14 | INFO     |     Docked 225 / 392 (allosteric_c0)
2026-07-27 01:06:15 | INFO     |     Docked 250 / 392 (allosteric_c0)
2026-07-27 01:07:14 | INFO     |     Docked 275 / 392 (allosteric_c0)
2026-07-27 01:08:14 | INFO     |     Docked 300 / 392 (allosteric_c0)
2026-07-27 01:09:41 | INFO     |     Docked 325 / 392 (allosteric_c0)
2026-07-27 01:10:54 | INFO     |     Docked 350 / 392 (allosteric_c0)
2026-07-27 01:11:54 | INFO     |     Docked 375 / 392 (allosteric_c0)
2026-07-27 01:13:20 | INFO     |     Docked 25 / 392 (allosteric_c1)
2026-07-27 01:13:58 | INFO     |     Docked 50 / 392 (allosteric_c1)
2026-07-27 01:14:48 | INFO     |     Docked 75 / 392 (allosteric_c1)
2026-07-27 01:15:43 | INFO     |     Docked 100 / 392 (allosteric_c1)
2026-07-27 01:16:28 | INFO     |     Docked 125 / 392 (allosteric_c1)
2026-07-27 01:17:26 | INFO     |     Docked 150 / 392 (allosteric_c1)
2026-07-27 01:18:42 | INFO     |     Docked 175 / 392 (allosteric_c1)
2026-07-27 01:19:49 | INFO     |     Docked 200 / 392 (allosteric_c1)
2026-07-27 01:20:25 | INFO     |     Docked 225 / 392 (allosteric_c1)
2026-07-27 01:21:23 | INFO     |     Docked 250 / 392 (allosteric_c1)
2026-07-27 01:22:27 | INFO     |     Docked 275 / 392 (allosteric_c1)
2026-07-27 01:23:24 | INFO     |     Docked 300 / 392 (allosteric_c1)
2026-07-27 01:24:56 | INFO     |     Docked 325 / 392 (allosteric_c1)
2026-07-27 01:26:11 | INFO     |     Docked 350 / 392 (allosteric_c1)
2026-07-27 01:27:12 | INFO     |     Docked 375 / 392 (allosteric_c1)
2026-07-27 01:28:36 | INFO     |     Docked 25 / 392 (allosteric_c2)
2026-07-27 01:29:17 | INFO     |     Docked 50 / 392 (allosteric_c2)
2026-07-27 01:30:09 | INFO     |     Docked 75 / 392 (allosteric_c2)
2026-07-27 01:31:03 | INFO     |     Docked 100 / 392 (allosteric_c2)
2026-07-27 01:31:49 | INFO     |     Docked 125 / 392 (allosteric_c2)
2026-07-27 01:32:51 | INFO     |     Docked 150 / 392 (allosteric_c2)
2026-07-27 01:34:08 | INFO     |     Docked 175 / 392 (allosteric_c2)
2026-07-27 01:35:15 | INFO     |     Docked 200 / 392 (allosteric_c2)
2026-07-27 01:35:52 | INFO     |     Docked 225 / 392 (allosteric_c2)
2026-07-27 01:36:53 | INFO     |     Docked 250 / 392 (allosteric_c2)
2026-07-27 01:37:56 | INFO     |     Docked 275 / 392 (allosteric_c2)
2026-07-27 01:38:59 | INFO     |     Docked 300 / 392 (allosteric_c2)
2026-07-27 01:40:32 | INFO     |     Docked 325 / 392 (allosteric_c2)
2026-07-27 01:41:50 | INFO     |     Docked 350 / 392 (allosteric_c2)
2026-07-27 01:42:52 | INFO     |     Docked 375 / 392 (allosteric_c2)
2026-07-27 01:43:23 | INFO     |   Allosteric-site docking complete: 392/392 scored.
2026-07-27 01:43:23 | INFO     |   Top 30 candidates by best energy.
2026-07-27 01:43:23 | INFO     |     1. BRICS_0006: -10.59 kcal/mol (active: -10.59)
2026-07-27 01:43:23 | INFO     |     2. BRICS_0022: -10.48 kcal/mol (active: -10.48)
2026-07-27 01:43:23 | INFO     |     3. BRICS_01163: -10.23 kcal/mol (active: -10.23)
2026-07-27 01:43:23 | INFO     |     4. BRICS_0340: -10.12 kcal/mol (active: -10.12)
2026-07-27 01:43:23 | INFO     |     5. ALL_QU04: -10.08 kcal/mol (active: -10.08)
2026-07-27 01:43:23 | INFO     |     6. ALL_QU04: -10.08 kcal/mol (active: -10.08)
2026-07-27 01:43:23 | INFO     |     7. BRICS_01154: -10.08 kcal/mol (active: -10.08)
2026-07-27 01:43:23 | INFO     |     8. BRICS_0004: -9.95 kcal/mol (active: -9.95)
2026-07-27 01:43:23 | INFO     |     9. ALL_SU08: -9.94 kcal/mol (active: -9.94)
2026-07-27 01:43:23 | INFO     |     10. ALL_QU09: -9.92 kcal/mol (active: -9.92)
2026-07-27 01:43:23 | INFO     | ─── Phase 3 complete ───
2026-07-27 01:43:23 | INFO     | ─── Phase 4: Selectivity & Resistance Analysis ───
2026-07-27 01:43:23 | INFO     |   Docking top 10 vs Human Trypsin (1UTN)…
2026-07-27 01:44:54 | INFO     |     Docked 25 / 30 (trypsin)
2026-07-27 01:45:01 | INFO     |   Docking top 10 vs Human Carboxylesterase 1 (1YAH)…
2026-07-27 01:46:44 | INFO     |     Docked 25 / 30 (ces1)
2026-07-27 01:46:51 | INFO     |   Docking top 10 vs Human CYP3A4 (1TQN)…
2026-07-27 01:48:18 | INFO     |     Docked 25 / 30 (cyp3a4)
2026-07-27 01:48:26 | WARNING  |   BRICS_01154: CES1 energy (-8.69) stronger than PBP2a (-7.38) — possible surface-patch artifact
2026-07-27 01:48:26 | WARNING  |   BRICS_0022: Low mechanism-restricted selectivity (SI = 1.49 < 1.5). Flagged for off-target risk.
2026-07-27 01:48:26 | INFO     |   BRICS_01163: mechanism-restricted SI = 1.92 (pass).
2026-07-27 01:48:26 | WARNING  |   BRICS_0340: Low mechanism-restricted selectivity (SI = 1.44 < 1.5). Flagged for off-target risk.
2026-07-27 01:48:26 | INFO     |   ALL_QU04: mechanism-restricted SI = 1.54 (pass).
2026-07-27 01:48:26 | WARNING  |   BRICS_01154: Low mechanism-restricted selectivity (SI = 0.92 < 1.5). Flagged for off-target risk.
2026-07-27 01:48:26 | WARNING  |   ALL_SU08: Low mechanism-restricted selectivity (SI = 1.40 < 1.5). Flagged for off-target risk.
2026-07-27 01:48:26 | WARNING  |   ALL_SU14: Low mechanism-restricted selectivity (SI = 1.44 < 1.5). Flagged for off-target risk.
2026-07-27 01:48:26 | INFO     |   ALL_QU05: mechanism-restricted SI = 2.03 (pass).
2026-07-27 01:48:26 | WARNING  |   ALL_TE07: Low mechanism-restricted selectivity (SI = 1.21 < 1.5). Flagged for off-target risk.
2026-07-27 01:48:26 | WARNING  |   DIV_0277: Low mechanism-restricted selectivity (SI = 1.05 < 1.5). Flagged for off-target risk.
2026-07-27 01:48:26 | WARNING  |   ALL_SP03: Low mechanism-restricted selectivity (SI = 1.49 < 1.5). Flagged for off-target risk.
2026-07-27 01:48:26 | INFO     |   ALL_SU15: mechanism-restricted SI = 1.58 (pass).
2026-07-27 01:48:26 | WARNING  |   ALL_SU03: Low mechanism-restricted selectivity (SI = 1.28 < 1.5). Flagged for off-target risk.
2026-07-27 01:48:26 | INFO     |   SEED_01150: mechanism-restricted SI = 1.54 (pass).
2026-07-27 01:48:33 | INFO     | ─── Phase 4 complete ───
2026-07-27 01:48:37 | INFO     |   MM-GBSA rescoring: 1/30 candidates scored.
2026-07-27 01:48:37 | INFO     |   Final Top-10 ranked by PBP2a best energy (catalytic-engagement tiebreak).
2026-07-27 01:48:37 | INFO     |   Diversified final set: 9 diverse + 21 filler = 30 candidate(s).
2026-07-27 01:48:37 | INFO     |   Final report: 5 candidate(s) at SI >= 1.5, deduplicated to 26 total.
2026-07-27 01:48:37 | INFO     | ─── Phase 5: Reporting ───
2026-07-27 01:48:37 | INFO     |   CSV report saved: output/top_candidates.csv
2026-07-27 01:48:37 | INFO     |   JSON candidates saved: output/top_candidates.json
2026-07-27 01:48:37 | INFO     |   Image saved: output/top1_ALL_QU05.png
2026-07-27 01:48:37 | INFO     |   Image saved: output/top2_BRICS_01163.png
2026-07-27 01:48:37 | INFO     |   Image saved: output/top3_ALL_SU15.png
2026-07-27 01:48:37 | INFO     |   Interaction diagram saved: output/figures/interaction_ALL_QU05.png
2026-07-27 01:48:37 | INFO     |   Interaction diagram saved: output/figures/interaction_BRICS_01163.png
2026-07-27 01:48:37 | INFO     |   Interaction diagram saved: output/figures/interaction_ALL_SU15.png
2026-07-27 01:48:37 | INFO     | Interaction diagrams saved to output/figures/
2026-07-27 01:48:37 | INFO     |   PyMOL script saved: output/visualization.pml (3 ligand pose(s) loaded).
2026-07-27 01:48:37 | INFO     |   Filter funnel saved: output/filter_funnel.json
2026-07-27 01:48:38 | INFO     |   ROC curve saved: output/figures/roc_curve.png
2026-07-27 01:48:38 | INFO     |   Energy distribution saved: output/figures/energy_distribution.png
2026-07-27 01:48:38 | INFO     |   SI scatter plot saved: output/figures/si_scatter.png
2026-07-27 01:48:38 | INFO     |   Filter funnel saved: output/figures/filter_funnel.png
2026-07-27 01:48:38 | INFO     |   Binding diagram saved: output/figures/top3_binding_1_ALL_QU05.png
2026-07-27 01:48:38 | INFO     |   Binding diagram saved: output/figures/top3_binding_2_BRICS_01163.png
2026-07-27 01:48:38 | INFO     |   Binding diagram saved: output/figures/top3_binding_3_ALL_SU15.png
2026-07-27 01:48:38 | INFO     |   All figures saved to output/figures
2026-07-27 01:48:38 | INFO     | ============================================================
2026-07-27 01:48:38 | INFO     |   PIPELINE SUMMARY
2026-07-27 01:48:38 | INFO     | ============================================================
2026-07-27 01:48:38 | INFO     |   Total compounds generated:     3116
2026-07-27 01:48:38 | INFO     |   After filtering:               392
2026-07-27 01:48:38 | INFO     |   Top candidates reported:       26
2026-07-27 01:48:38 | INFO     |   Successfully docked:           26
2026-07-27 01:48:38 | INFO     |   Selectivity pass (SI >= 2.0):  5
2026-07-27 01:48:38 | INFO     |   Docking engine:                Vina
2026-07-27 01:48:38 | INFO     |   Redocking RMSD:                1.937 Å
2026-07-27 01:48:38 | INFO     |   Redocking validated:           True
2026-07-27 01:48:38 | INFO     |   Protocol validation: RMSD 1.937 Å (Validated)
2026-07-27 01:48:38 | INFO     |   CSV report:                    output/top_candidates.csv
2026-07-27 01:48:38 | INFO     |   Open output/visualization.pml in PyMOL to inspect binding poses.
2026-07-27 01:48:38 | INFO     | ============================================================
2026-07-27 01:48:38 | INFO     | Pipeline complete. Exiting.
2026-07-27 01:49:21 | INFO     | AutoAntibiotic Discovery Pipeline v5.3.0
2026-07-27 01:49:21 | INFO     | ─── Phase 0: Dependency Check ───
2026-07-27 01:49:21 | INFO     |   ✓  AutoDock Vina binary found on PATH (version: AutoDock Vina v1.2.7)
2026-07-27 01:49:21 | INFO     |   ✓  OpenBabel binary found on PATH (version: Open Babel 3.1.0 -- Feb 17 2026 -- 07:38:51
Usage:
obabel [-i<input-type>] <infilename> [-o<output-type>] -O<outfilename> [Options]
Try  -H option for more information.)
2026-07-27 01:49:21 | INFO     |   ✓  All required Python packages found.
2026-07-27 01:49:21 | INFO     | ─── Phase 1: Target Preparation & Centroid Calculation ───
2026-07-27 01:49:21 | INFO     |   NOTE: bundled tests/data/*.pdb files are minimal mock structures for offline CI runs — they are NOT real crystallographic models. Any redocking RMSD computed against them is non-physical and must not be interpreted as a protocol-quality metric.
2026-07-27 01:49:21 | INFO     |   Run mode (from config): science
2026-07-27 01:49:21 | INFO     |   Structure 3ZG0 already local: output/pdb/3ZG0.pdb
2026-07-27 01:49:21 | INFO     |   Structure 1VQQ already local: output/pdb/1VQQ.pdb
2026-07-27 01:49:21 | INFO     |   Structure 1UTN already local: output/pdb/1UTN.pdb
2026-07-27 01:49:21 | INFO     |   Structure 1YAH already local: output/pdb/1YAH.pdb
2026-07-27 01:49:21 | INFO     |   Structure 1TQN already local: output/pdb/1TQN.pdb
2026-07-27 01:49:21 | INFO     |   Structure 1VQQ already local: output/pdb/1VQQ.pdb
2026-07-27 01:49:21 | INFO     |   Structure 3ZG0 already local: output/pdb/3ZG0.pdb
2026-07-27 01:49:21 | INFO     |   Structure 4DKI already local: output/pdb/4DKI.pdb
2026-07-27 01:49:21 | INFO     | Science mode: real scientific validation expected.
2026-07-27 01:49:21 | INFO     |   Cleaning PBP2a (apo)…
2026-07-27 01:49:22 | INFO     |   Polar hydrogens added to output/workdir/PBP2a_clean.pdb
2026-07-27 01:49:23 | INFO     |   Receptor PDBQT written via obabel (-xr): output/workdir/PBP2a_clean.pdbqt
2026-07-27 01:49:23 | INFO     |   Cleaning PBP2a (holo, protein-only)…
2026-07-27 01:49:23 | WARNING  |   Could not read PDB via RDKit. Skipping hydrogen addition.
2026-07-27 01:49:24 | INFO     |   Receptor PDBQT written via obabel (-xr): output/workdir/PBP2a_holo_clean.pdbqt
2026-07-27 01:49:24 | WARNING  |   Could not read PDB via RDKit. Skipping hydrogen addition.
2026-07-27 01:49:24 | INFO     |   Receptor PDBQT written via obabel (-xr): output/workdir/PBP2a_3ZG0_clean.pdbqt
2026-07-27 01:49:24 | INFO     |   Added PBP2a conformer 3ZG0 receptor PDBQT: output/workdir/PBP2a_3ZG0_clean.pdbqt
2026-07-27 01:49:25 | INFO     |   Polar hydrogens added to output/workdir/PBP2a_4DKI_clean.pdb
2026-07-27 01:49:26 | INFO     |   Receptor PDBQT written via obabel (-xr): output/workdir/PBP2a_4DKI_clean.pdbqt
2026-07-27 01:49:26 | INFO     |   Added PBP2a conformer 4DKI receptor PDBQT: output/workdir/PBP2a_4DKI_clean.pdbqt
2026-07-27 01:49:26 | INFO     |   Computing active site centroid (conserved residues SER403, LYS406, TYR446) using side-chain atoms…
2026-07-27 01:49:26 | INFO     |     Active site center: [23.95072216 27.87146293 88.53164786]
2026-07-27 01:49:26 | INFO     |   Computing allosteric site centroid (TYR105, GLN199, GLU237) using side-chain atoms…
2026-07-27 01:49:26 | INFO     |     Allosteric site center: [24.97548178 30.9366667  28.8698331 ]
2026-07-27 01:49:26 | INFO     |   Cleaning Human Trypsin (1UTN)…
2026-07-27 01:49:26 | INFO     |   Polar hydrogens added to output/workdir/trypsin_clean.pdb
2026-07-27 01:49:27 | INFO     |   Receptor PDBQT written via obabel (-xr): output/workdir/trypsin_clean.pdbqt
2026-07-27 01:49:27 | INFO     |   Computing trypsin active site centroid (His57, Asp102, Ser195) using side-chain atoms…
2026-07-27 01:49:27 | INFO     |     Trypsin active site center: [22.54101663 14.86204433 22.53591386]
2026-07-27 01:49:27 | INFO     |   Cleaning Human Carboxylesterase 1 (1YAH)…
2026-07-27 01:49:27 | INFO     |   Polar hydrogens added to output/workdir/CES1_clean.pdb
2026-07-27 01:49:29 | INFO     |   Receptor PDBQT written via obabel (-xr): output/workdir/CES1_clean.pdbqt
2026-07-27 01:49:29 | INFO     |   Computing CES1 active site centroid (Ser221, His468, Glu354) using side-chain atoms…
2026-07-27 01:49:29 | INFO     |     CES1 active site center: [-7.13865188 43.85391877 37.96102563]
2026-07-27 01:49:29 | INFO     |   Cleaning CYP3A4 (1TQN)…
2026-07-27 01:49:29 | INFO     |   Structure 1TQN already local: output/pdb/1TQN.pdb
2026-07-27 01:49:29 | INFO     |   Polar hydrogens added to output/workdir/CYP3A4_clean.pdb
2026-07-27 01:49:30 | INFO     |   Receptor PDBQT written via obabel (-xr): output/workdir/CYP3A4_clean.pdbqt
2026-07-27 01:49:30 | INFO     |   Computing CYP3A4 active site centroid (heme Fe, Thr309, Ala370)…
2026-07-27 01:49:30 | INFO     |     CYP3A4 active site center: [-20.83707145 -22.85971421 -15.8193571 ]
2026-07-27 01:49:30 | INFO     |   Grid config saved: output/workdir/grid_configs/grid_active.txt
2026-07-27 01:49:30 | INFO     | ─── Phase 1 complete ───
2026-07-27 01:49:30 | INFO     |   Reusing cached redocking validation from previous run.
2026-07-27 01:49:30 | INFO     |   Release status written: /Users/tom/Documents/apps/AutoAntibiotic/status.json
2026-07-27 01:49:30 | INFO     |   ✓  Enrichment validation: AUC=0.792, EF_1%=19.25
2026-07-27 01:49:30 | INFO     | ─── Phase 0.5 complete ───
2026-07-27 01:49:30 | INFO     | ─── Phase 2: Library Generation ───
2026-07-27 01:49:30 | INFO     |   Loading external compound library from CSV: data/screen_library_final.csv
2026-07-27 01:49:30 | INFO     |   Loaded 3116 compounds from external CSV.
2026-07-27 01:49:31 | INFO     | ─── Phase 2: Filtering ───
2026-07-27 01:49:34 | INFO     |   Structural exclusion (β-lactam): 0 removed.
2026-07-27 01:49:34 | INFO     |   Similarity filter (Tc < 0.3): 9 removed.
2026-07-27 01:49:34 | INFO     |   ADMET filter (Lipinski + QED > 0.5): 2411 removed.
2026-07-27 01:49:34 | INFO     |   PAINS filter: 2 removed.
2026-07-27 01:49:34 | INFO     |   Brenk alerts: 302 removed.
2026-07-27 01:49:34 | INFO     |   Passed filters: 392 compounds.
2026-07-27 01:49:34 | INFO     | ─── Phase 2 complete ───
2026-07-27 01:49:34 | INFO     | ─── Phase 3: Virtual Screening ───
2026-07-27 01:49:35 | INFO     |   Docking all 392 compounds against PBP2a active site (3 conformers)…
2026-07-27 01:50:36 | INFO     |     Docked 25 / 392 (active_c0)
2026-07-27 01:51:20 | INFO     |     Docked 50 / 392 (active_c0)
2026-07-27 01:52:13 | INFO     |     Docked 75 / 392 (active_c0)
2026-07-27 01:53:14 | INFO     |     Docked 100 / 392 (active_c0)
2026-07-27 01:54:00 | INFO     |     Docked 125 / 392 (active_c0)
2026-07-27 01:54:58 | INFO     |     Docked 150 / 392 (active_c0)
2026-07-27 01:56:19 | INFO     |     Docked 175 / 392 (active_c0)
2026-07-27 01:57:42 | INFO     |     Docked 200 / 392 (active_c0)
2026-07-27 01:58:16 | INFO     |     Docked 225 / 392 (active_c0)
2026-07-27 01:59:26 | INFO     |     Docked 250 / 392 (active_c0)
2026-07-27 02:00:31 | INFO     |     Docked 275 / 392 (active_c0)
2026-07-27 02:01:41 | INFO     |     Docked 300 / 392 (active_c0)
2026-07-27 02:03:10 | INFO     |     Docked 325 / 392 (active_c0)
2026-07-27 02:04:41 | INFO     |     Docked 350 / 392 (active_c0)
2026-07-27 02:05:48 | INFO     |     Docked 375 / 392 (active_c0)
2026-07-27 02:07:03 | INFO     |     Docked 25 / 392 (active_c1)
2026-07-27 02:07:41 | INFO     |     Docked 50 / 392 (active_c1)
2026-07-27 02:08:22 | INFO     |     Docked 75 / 392 (active_c1)
2026-07-27 02:09:14 | INFO     |     Docked 100 / 392 (active_c1)
2026-07-27 02:09:54 | INFO     |     Docked 125 / 392 (active_c1)
2026-07-27 02:10:48 | INFO     |     Docked 150 / 392 (active_c1)
2026-07-27 02:11:51 | INFO     |     Docked 175 / 392 (active_c1)
2026-07-27 02:12:42 | INFO     |     Docked 200 / 392 (active_c1)
2026-07-27 02:13:13 | INFO     |     Docked 225 / 392 (active_c1)
2026-07-27 02:14:07 | INFO     |     Docked 250 / 392 (active_c1)
2026-07-27 02:15:07 | INFO     |     Docked 275 / 392 (active_c1)
2026-07-27 02:15:55 | INFO     |     Docked 300 / 392 (active_c1)
2026-07-27 02:17:09 | INFO     |     Docked 325 / 392 (active_c1)
2026-07-27 02:18:21 | INFO     |     Docked 350 / 392 (active_c1)
2026-07-27 02:19:16 | INFO     |     Docked 375 / 392 (active_c1)
2026-07-27 02:20:30 | INFO     |     Docked 25 / 392 (active_c2)
2026-07-27 02:21:06 | INFO     |     Docked 50 / 392 (active_c2)
2026-07-27 02:21:52 | INFO     |     Docked 75 / 392 (active_c2)
2026-07-27 02:22:38 | INFO     |     Docked 100 / 392 (active_c2)
2026-07-27 02:23:18 | INFO     |     Docked 125 / 392 (active_c2)
2026-07-27 02:24:09 | INFO     |     Docked 150 / 392 (active_c2)
2026-07-27 02:25:08 | INFO     |     Docked 175 / 392 (active_c2)
2026-07-27 02:26:04 | INFO     |     Docked 200 / 392 (active_c2)
2026-07-27 02:26:37 | INFO     |     Docked 225 / 392 (active_c2)
2026-07-27 02:27:38 | INFO     |     Docked 250 / 392 (active_c2)
2026-07-27 02:28:23 | INFO     |     Docked 275 / 392 (active_c2)
2026-07-27 02:29:15 | INFO     |     Docked 300 / 392 (active_c2)
2026-07-27 02:30:36 | INFO     |     Docked 325 / 392 (active_c2)
2026-07-27 02:31:41 | INFO     |     Docked 350 / 392 (active_c2)
2026-07-27 02:32:31 | INFO     |     Docked 375 / 392 (active_c2)
2026-07-27 02:33:00 | INFO     |   Active-site docking complete: 392/392 scored.
2026-07-27 02:34:30 | INFO     |   Pharmacophore pre-filter removed 0 surface-binder compounds.
2026-07-27 02:34:30 | INFO     |   Docking all 392 compounds against PBP2a allosteric site (3 conformers)…
2026-07-27 02:35:24 | INFO     |     Docked 25 / 392 (allosteric_c0)
2026-07-27 02:36:03 | INFO     |     Docked 50 / 392 (allosteric_c0)
2026-07-27 02:36:52 | INFO     |     Docked 75 / 392 (allosteric_c0)
2026-07-27 02:37:47 | INFO     |     Docked 100 / 392 (allosteric_c0)
2026-07-27 02:38:32 | INFO     |     Docked 125 / 392 (allosteric_c0)
2026-07-27 02:39:31 | INFO     |     Docked 150 / 392 (allosteric_c0)
2026-07-27 02:40:43 | INFO     |     Docked 175 / 392 (allosteric_c0)
2026-07-27 02:41:55 | INFO     |     Docked 200 / 392 (allosteric_c0)
2026-07-27 02:42:29 | INFO     |     Docked 225 / 392 (allosteric_c0)
2026-07-27 02:43:27 | INFO     |     Docked 250 / 392 (allosteric_c0)
2026-07-27 02:44:32 | INFO     |     Docked 275 / 392 (allosteric_c0)
2026-07-27 02:45:30 | INFO     |     Docked 300 / 392 (allosteric_c0)
2026-07-27 02:46:59 | INFO     |     Docked 325 / 392 (allosteric_c0)
2026-07-27 02:48:10 | INFO     |     Docked 350 / 392 (allosteric_c0)
2026-07-27 02:49:13 | INFO     |     Docked 375 / 392 (allosteric_c0)
2026-07-27 02:50:38 | INFO     |     Docked 25 / 392 (allosteric_c1)
2026-07-27 02:51:16 | INFO     |     Docked 50 / 392 (allosteric_c1)
2026-07-27 02:52:05 | INFO     |     Docked 75 / 392 (allosteric_c1)
2026-07-27 02:53:05 | INFO     |     Docked 100 / 392 (allosteric_c1)
2026-07-27 02:53:44 | INFO     |     Docked 125 / 392 (allosteric_c1)
2026-07-27 02:54:43 | INFO     |     Docked 150 / 392 (allosteric_c1)
2026-07-27 02:55:57 | INFO     |     Docked 175 / 392 (allosteric_c1)
2026-07-27 02:57:08 | INFO     |     Docked 200 / 392 (allosteric_c1)
2026-07-27 02:57:42 | INFO     |     Docked 225 / 392 (allosteric_c1)
2026-07-27 02:58:41 | INFO     |     Docked 250 / 392 (allosteric_c1)
2026-07-27 02:59:46 | INFO     |     Docked 275 / 392 (allosteric_c1)
2026-07-27 03:00:44 | INFO     |     Docked 300 / 392 (allosteric_c1)
2026-07-27 03:02:14 | INFO     |     Docked 325 / 392 (allosteric_c1)
2026-07-27 03:03:29 | INFO     |     Docked 350 / 392 (allosteric_c1)
2026-07-27 03:04:29 | INFO     |     Docked 375 / 392 (allosteric_c1)
2026-07-27 03:05:56 | INFO     |     Docked 25 / 392 (allosteric_c2)
2026-07-27 03:06:35 | INFO     |     Docked 50 / 392 (allosteric_c2)
2026-07-27 03:07:26 | INFO     |     Docked 75 / 392 (allosteric_c2)
2026-07-27 03:08:22 | INFO     |     Docked 100 / 392 (allosteric_c2)
2026-07-27 03:09:07 | INFO     |     Docked 125 / 392 (allosteric_c2)
2026-07-27 03:10:09 | INFO     |     Docked 150 / 392 (allosteric_c2)
2026-07-27 03:11:22 | INFO     |     Docked 175 / 392 (allosteric_c2)
2026-07-27 03:12:33 | INFO     |     Docked 200 / 392 (allosteric_c2)
2026-07-27 03:13:11 | INFO     |     Docked 225 / 392 (allosteric_c2)
2026-07-27 03:14:12 | INFO     |     Docked 250 / 392 (allosteric_c2)
2026-07-27 03:15:17 | INFO     |     Docked 275 / 392 (allosteric_c2)
2026-07-27 03:16:19 | INFO     |     Docked 300 / 392 (allosteric_c2)
2026-07-27 03:17:50 | INFO     |     Docked 325 / 392 (allosteric_c2)
2026-07-27 03:19:06 | INFO     |     Docked 350 / 392 (allosteric_c2)
2026-07-27 03:20:09 | INFO     |     Docked 375 / 392 (allosteric_c2)
2026-07-27 03:20:42 | INFO     |   Allosteric-site docking complete: 392/392 scored.
2026-07-27 03:20:42 | INFO     |   Top 30 candidates by best energy.
2026-07-27 03:20:42 | INFO     |     1. BRICS_0006: -10.65 kcal/mol (active: -10.65)
2026-07-27 03:20:42 | INFO     |     2. BRICS_0022: -10.43 kcal/mol (active: -10.43)
2026-07-27 03:20:42 | INFO     |     3. BRICS_01163: -10.27 kcal/mol (active: -10.27)
2026-07-27 03:20:42 | INFO     |     4. BRICS_0340: -10.14 kcal/mol (active: -10.14)
2026-07-27 03:20:42 | INFO     |     5. BRICS_01154: -10.12 kcal/mol (active: -10.12)
2026-07-27 03:20:42 | INFO     |     6. ALL_QU04: -10.05 kcal/mol (active: -10.05)
2026-07-27 03:20:42 | INFO     |     7. ALL_QU04: -10.05 kcal/mol (active: -10.05)
2026-07-27 03:20:42 | INFO     |     8. BRICS_0004: -9.99 kcal/mol (active: -9.99)
2026-07-27 03:20:42 | INFO     |     9. ALL_SU08: -9.96 kcal/mol (active: -9.96)
2026-07-27 03:20:42 | INFO     |     10. ALL_QU09: -9.94 kcal/mol (active: -9.94)
2026-07-27 03:20:42 | INFO     | ─── Phase 3 complete ───
2026-07-27 03:20:42 | INFO     | ─── Phase 4: Selectivity & Resistance Analysis ───
2026-07-27 03:20:42 | INFO     |   Docking top 10 vs Human Trypsin (1UTN)…
2026-07-27 03:22:12 | INFO     |     Docked 25 / 30 (trypsin)
2026-07-27 03:22:23 | INFO     |   Docking top 10 vs Human Carboxylesterase 1 (1YAH)…
2026-07-27 03:24:05 | INFO     |     Docked 25 / 30 (ces1)
2026-07-27 03:24:16 | INFO     |   Docking top 10 vs Human CYP3A4 (1TQN)…
2026-07-27 03:25:43 | INFO     |     Docked 25 / 30 (cyp3a4)
2026-07-27 03:25:54 | WARNING  |   BRICS_01154: CES1 energy (-8.63) stronger than PBP2a (-7.60) — possible surface-patch artifact
2026-07-27 03:25:54 | WARNING  |   BRICS_0022: Low mechanism-restricted selectivity (SI = 1.43 < 1.5). Flagged for off-target risk.
2026-07-27 03:25:54 | INFO     |   BRICS_01163: mechanism-restricted SI = 1.91 (pass).
2026-07-27 03:25:54 | WARNING  |   BRICS_0340: Low mechanism-restricted selectivity (SI = 1.50 < 1.5). Flagged for off-target risk.
2026-07-27 03:25:54 | WARNING  |   BRICS_01154: Low mechanism-restricted selectivity (SI = 0.95 < 1.5). Flagged for off-target risk.
2026-07-27 03:25:54 | INFO     |   ALL_QU04: mechanism-restricted SI = 1.54 (pass).
2026-07-27 03:25:54 | WARNING  |   ALL_SU08: Low mechanism-restricted selectivity (SI = 1.44 < 1.5). Flagged for off-target risk.
2026-07-27 03:25:54 | WARNING  |   ALL_SU14: Low mechanism-restricted selectivity (SI = 1.45 < 1.5). Flagged for off-target risk.
2026-07-27 03:25:54 | INFO     |   ALL_QU05: mechanism-restricted SI = 2.04 (pass).
2026-07-27 03:25:54 | WARNING  |   BRICS_0013: Low mechanism-restricted selectivity (SI = 1.45 < 1.5). Flagged for off-target risk.
2026-07-27 03:25:54 | WARNING  |   ALL_TE07: Low mechanism-restricted selectivity (SI = 1.22 < 1.5). Flagged for off-target risk.
2026-07-27 03:25:54 | INFO     |   SEED_01150: mechanism-restricted SI = 1.53 (pass).
2026-07-27 03:25:54 | WARNING  |   DIV_0277: Low mechanism-restricted selectivity (SI = 1.03 < 1.5). Flagged for off-target risk.
2026-07-27 03:25:54 | WARNING  |   ALL_SP03: Low mechanism-restricted selectivity (SI = 1.48 < 1.5). Flagged for off-target risk.
2026-07-27 03:25:54 | WARNING  |   ALL_SU03: Low mechanism-restricted selectivity (SI = 1.20 < 1.5). Flagged for off-target risk.
2026-07-27 03:26:01 | INFO     | ─── Phase 4 complete ───
2026-07-27 03:26:05 | INFO     |   MM-GBSA rescoring: 0/30 candidates scored.
2026-07-27 03:26:05 | INFO     |   Final Top-10 ranked by PBP2a best energy (catalytic-engagement tiebreak).
2026-07-27 03:26:05 | INFO     |   Diversified final set: 9 diverse + 21 filler = 30 candidate(s).
2026-07-27 03:26:05 | INFO     |   Final report: 4 candidate(s) at SI >= 1.5, deduplicated to 26 total.
2026-07-27 03:26:05 | INFO     | ─── Phase 5: Reporting ───
2026-07-27 03:26:05 | INFO     |   CSV report saved: output/top_candidates.csv
2026-07-27 03:26:05 | INFO     |   JSON candidates saved: output/top_candidates.json
2026-07-27 03:26:05 | INFO     |   Image saved: output/top1_ALL_QU05.png
2026-07-27 03:26:05 | INFO     |   Image saved: output/top2_BRICS_01163.png
2026-07-27 03:26:05 | INFO     |   Image saved: output/top3_ALL_QU04.png
2026-07-27 03:26:05 | INFO     |   Interaction diagram saved: output/figures/interaction_ALL_QU05.png
2026-07-27 03:26:05 | INFO     |   Interaction diagram saved: output/figures/interaction_BRICS_01163.png
2026-07-27 03:26:05 | INFO     |   Interaction diagram saved: output/figures/interaction_ALL_QU04.png
2026-07-27 03:26:05 | INFO     | Interaction diagrams saved to output/figures/
2026-07-27 03:26:05 | INFO     |   PyMOL script saved: output/visualization.pml (3 ligand pose(s) loaded).
2026-07-27 03:26:05 | INFO     |   Filter funnel saved: output/filter_funnel.json
2026-07-27 03:26:05 | INFO     |   ROC curve saved: output/figures/roc_curve.png
2026-07-27 03:26:05 | INFO     |   Energy distribution saved: output/figures/energy_distribution.png
2026-07-27 03:26:05 | INFO     |   SI scatter plot saved: output/figures/si_scatter.png
2026-07-27 03:26:05 | INFO     |   Filter funnel saved: output/figures/filter_funnel.png
2026-07-27 03:26:05 | INFO     |   Binding diagram saved: output/figures/top3_binding_1_ALL_QU05.png
2026-07-27 03:26:05 | INFO     |   Binding diagram saved: output/figures/top3_binding_2_BRICS_01163.png
2026-07-27 03:26:05 | INFO     |   Binding diagram saved: output/figures/top3_binding_3_ALL_QU04.png
2026-07-27 03:26:05 | INFO     |   All figures saved to output/figures
2026-07-27 03:26:05 | INFO     | ============================================================
2026-07-27 03:26:05 | INFO     |   PIPELINE SUMMARY
2026-07-27 03:26:05 | INFO     | ============================================================
2026-07-27 03:26:05 | INFO     |   Total compounds generated:     3116
2026-07-27 03:26:05 | INFO     |   After filtering:               392
2026-07-27 03:26:05 | INFO     |   Top candidates reported:       26
2026-07-27 03:26:05 | INFO     |   Successfully docked:           26
2026-07-27 03:26:05 | INFO     |   Selectivity pass (SI >= 2.0):  4
2026-07-27 03:26:05 | INFO     |   Docking engine:                Vina
2026-07-27 03:26:05 | INFO     |   Redocking RMSD:                1.937 Å
2026-07-27 03:26:05 | INFO     |   Redocking validated:           True
2026-07-27 03:26:05 | INFO     |   Protocol validation: RMSD 1.937 Å (Validated)
2026-07-27 03:26:05 | INFO     |   CSV report:                    output/top_candidates.csv
2026-07-27 03:26:05 | INFO     |   Open output/visualization.pml in PyMOL to inspect binding poses.
2026-07-27 03:26:05 | INFO     | ============================================================
2026-07-27 03:26:05 | INFO     | Pipeline complete. Exiting.
2026-07-27 03:28:58 | INFO     | AutoAntibiotic Discovery Pipeline v5.3.0
2026-07-27 03:28:58 | INFO     | ─── Phase 0: Dependency Check ───
2026-07-27 03:28:58 | INFO     |   ✓  AutoDock Vina binary found on PATH (version: AutoDock Vina v1.2.7)
2026-07-27 03:28:58 | INFO     |   ✓  OpenBabel binary found on PATH (version: Open Babel 3.1.0 -- Feb 17 2026 -- 07:38:51
Usage:
obabel [-i<input-type>] <infilename> [-o<output-type>] -O<outfilename> [Options]
Try  -H option for more information.)
2026-07-27 03:28:58 | INFO     |   ✓  All required Python packages found.
2026-07-27 03:28:58 | INFO     | ─── Phase 1: Target Preparation & Centroid Calculation ───
2026-07-27 03:28:58 | INFO     |   NOTE: bundled tests/data/*.pdb files are minimal mock structures for offline CI runs — they are NOT real crystallographic models. Any redocking RMSD computed against them is non-physical and must not be interpreted as a protocol-quality metric.
2026-07-27 03:28:58 | INFO     |   Run mode (from config): science
2026-07-27 03:28:58 | INFO     |   Structure 3ZG0 already local: output/pdb/3ZG0.pdb
2026-07-27 03:28:58 | INFO     |   Structure 1VQQ already local: output/pdb/1VQQ.pdb
2026-07-27 03:28:58 | INFO     |   Structure 1UTN already local: output/pdb/1UTN.pdb
2026-07-27 03:28:58 | INFO     |   Structure 1YAH already local: output/pdb/1YAH.pdb
2026-07-27 03:28:58 | INFO     |   Structure 1TQN already local: output/pdb/1TQN.pdb
2026-07-27 03:28:58 | INFO     |   Structure 1VQQ already local: output/pdb/1VQQ.pdb
2026-07-27 03:28:58 | INFO     |   Structure 3ZG0 already local: output/pdb/3ZG0.pdb
2026-07-27 03:28:58 | INFO     |   Structure 4DKI already local: output/pdb/4DKI.pdb
2026-07-27 03:28:58 | INFO     | Science mode: real scientific validation expected.
2026-07-27 03:28:58 | INFO     |   Cleaning PBP2a (apo)…
2026-07-27 03:28:58 | INFO     |   Polar hydrogens added to output/workdir/PBP2a_clean.pdb
2026-07-27 03:29:00 | INFO     |   Receptor PDBQT written via obabel (-xr): output/workdir/PBP2a_clean.pdbqt
2026-07-27 03:29:00 | INFO     |   Cleaning PBP2a (holo, protein-only)…
2026-07-27 03:29:00 | WARNING  |   Could not read PDB via RDKit. Skipping hydrogen addition.
2026-07-27 03:29:00 | INFO     |   Receptor PDBQT written via obabel (-xr): output/workdir/PBP2a_holo_clean.pdbqt
2026-07-27 03:29:00 | WARNING  |   Could not read PDB via RDKit. Skipping hydrogen addition.
2026-07-27 03:29:01 | INFO     |   Receptor PDBQT written via obabel (-xr): output/workdir/PBP2a_3ZG0_clean.pdbqt
2026-07-27 03:29:01 | INFO     |   Added PBP2a conformer 3ZG0 receptor PDBQT: output/workdir/PBP2a_3ZG0_clean.pdbqt
2026-07-27 03:29:01 | INFO     |   Polar hydrogens added to output/workdir/PBP2a_4DKI_clean.pdb
2026-07-27 03:29:03 | INFO     |   Receptor PDBQT written via obabel (-xr): output/workdir/PBP2a_4DKI_clean.pdbqt
2026-07-27 03:29:03 | INFO     |   Added PBP2a conformer 4DKI receptor PDBQT: output/workdir/PBP2a_4DKI_clean.pdbqt
2026-07-27 03:29:03 | INFO     |   Computing active site centroid (conserved residues SER403, LYS406, TYR446) using side-chain atoms…
2026-07-27 03:29:03 | INFO     |     Active site center: [23.95072216 27.87146293 88.53164786]
2026-07-27 03:29:03 | INFO     |   Computing allosteric site centroid (TYR105, GLN199, GLU237) using side-chain atoms…
2026-07-27 03:29:03 | INFO     |     Allosteric site center: [24.97548178 30.9366667  28.8698331 ]
2026-07-27 03:29:03 | INFO     |   Cleaning Human Trypsin (1UTN)…
2026-07-27 03:29:03 | INFO     |   Polar hydrogens added to output/workdir/trypsin_clean.pdb
2026-07-27 03:29:03 | INFO     |   Receptor PDBQT written via obabel (-xr): output/workdir/trypsin_clean.pdbqt
2026-07-27 03:29:03 | INFO     |   Computing trypsin active site centroid (His57, Asp102, Ser195) using side-chain atoms…
2026-07-27 03:29:03 | INFO     |     Trypsin active site center: [22.54101663 14.86204433 22.53591386]
2026-07-27 03:29:03 | INFO     |   Cleaning Human Carboxylesterase 1 (1YAH)…
2026-07-27 03:29:04 | INFO     |   Polar hydrogens added to output/workdir/CES1_clean.pdb
2026-07-27 03:29:06 | INFO     |   Receptor PDBQT written via obabel (-xr): output/workdir/CES1_clean.pdbqt
2026-07-27 03:29:06 | INFO     |   Computing CES1 active site centroid (Ser221, His468, Glu354) using side-chain atoms…
2026-07-27 03:29:06 | INFO     |     CES1 active site center: [-7.13865188 43.85391877 37.96102563]
2026-07-27 03:29:06 | INFO     |   Cleaning CYP3A4 (1TQN)…
2026-07-27 03:29:06 | INFO     |   Structure 1TQN already local: output/pdb/1TQN.pdb
2026-07-27 03:29:06 | INFO     |   Polar hydrogens added to output/workdir/CYP3A4_clean.pdb
2026-07-27 03:29:06 | INFO     |   Receptor PDBQT written via obabel (-xr): output/workdir/CYP3A4_clean.pdbqt
2026-07-27 03:29:06 | INFO     |   Computing CYP3A4 active site centroid (heme Fe, Thr309, Ala370)…
2026-07-27 03:29:06 | INFO     |     CYP3A4 active site center: [-20.83707145 -22.85971421 -15.8193571 ]
2026-07-27 03:29:06 | INFO     |   Grid config saved: output/workdir/grid_configs/grid_active.txt
2026-07-27 03:29:06 | INFO     | ─── Phase 1 complete ───
2026-07-27 03:29:06 | INFO     |   Reusing cached redocking validation from previous run.
2026-07-27 03:29:06 | INFO     |   Release status written: /Users/tom/Documents/apps/AutoAntibiotic/status.json
2026-07-27 03:29:06 | INFO     |   ✓  Enrichment validation: AUC=0.792, EF_1%=19.25
2026-07-27 03:29:06 | INFO     | ─── Phase 0.5 complete ───
2026-07-27 03:29:06 | INFO     | ─── Phase 2: Library Generation ───
2026-07-27 03:29:06 | INFO     |   Loading external compound library from CSV: data/screen_library_final.csv
2026-07-27 03:29:07 | INFO     |   Loaded 3116 compounds from external CSV.
2026-07-27 03:29:07 | INFO     | ─── Phase 2: Filtering ───
2026-07-27 03:29:11 | INFO     |   Structural exclusion (β-lactam): 0 removed.
2026-07-27 03:29:11 | INFO     |   Similarity filter (Tc < 0.3): 9 removed.
2026-07-27 03:29:11 | INFO     |   ADMET filter (Lipinski + QED > 0.5): 2411 removed.
2026-07-27 03:29:11 | INFO     |   PAINS filter: 2 removed.
2026-07-27 03:29:11 | INFO     |   Brenk alerts: 302 removed.
2026-07-27 03:29:11 | INFO     |   Passed filters: 392 compounds.
2026-07-27 03:29:11 | INFO     | ─── Phase 2 complete ───
2026-07-27 03:29:11 | INFO     | ─── Phase 3: Virtual Screening ───
2026-07-27 03:29:11 | INFO     |   Docking all 392 compounds against PBP2a active site (3 conformers)…
2026-07-27 03:30:12 | INFO     |     Docked 25 / 392 (active_c0)
2026-07-27 03:30:56 | INFO     |     Docked 50 / 392 (active_c0)
2026-07-27 03:31:48 | INFO     |     Docked 75 / 392 (active_c0)
2026-07-27 03:32:48 | INFO     |     Docked 100 / 392 (active_c0)
2026-07-27 03:33:36 | INFO     |     Docked 125 / 392 (active_c0)
2026-07-27 03:34:37 | INFO     |     Docked 150 / 392 (active_c0)
2026-07-27 03:35:58 | INFO     |     Docked 175 / 392 (active_c0)
2026-07-27 03:37:15 | INFO     |     Docked 200 / 392 (active_c0)
2026-07-27 03:37:53 | INFO     |     Docked 225 / 392 (active_c0)
2026-07-27 03:39:04 | INFO     |     Docked 250 / 392 (active_c0)
2026-07-27 03:40:03 | INFO     |     Docked 275 / 392 (active_c0)
2026-07-27 03:41:15 | INFO     |     Docked 300 / 392 (active_c0)
2026-07-27 03:42:44 | INFO     |     Docked 325 / 392 (active_c0)
2026-07-27 03:44:11 | INFO     |     Docked 350 / 392 (active_c0)
2026-07-27 03:45:20 | INFO     |     Docked 375 / 392 (active_c0)
2026-07-27 03:46:35 | INFO     |     Docked 25 / 392 (active_c1)
2026-07-27 03:47:16 | INFO     |     Docked 50 / 392 (active_c1)
2026-07-27 03:47:54 | INFO     |     Docked 75 / 392 (active_c1)
2026-07-27 03:48:43 | INFO     |     Docked 100 / 392 (active_c1)
2026-07-27 03:49:25 | INFO     |     Docked 125 / 392 (active_c1)
2026-07-27 03:50:16 | INFO     |     Docked 150 / 392 (active_c1)
2026-07-27 03:51:23 | INFO     |     Docked 175 / 392 (active_c1)
2026-07-27 03:52:17 | INFO     |     Docked 200 / 392 (active_c1)
2026-07-27 03:52:46 | INFO     |     Docked 225 / 392 (active_c1)
2026-07-27 03:53:41 | INFO     |     Docked 250 / 392 (active_c1)
2026-07-27 03:54:34 | INFO     |     Docked 275 / 392 (active_c1)
2026-07-27 03:55:26 | INFO     |     Docked 300 / 392 (active_c1)
2026-07-27 03:56:40 | INFO     |     Docked 325 / 392 (active_c1)
2026-07-27 03:57:50 | INFO     |     Docked 350 / 392 (active_c1)
2026-07-27 03:58:43 | INFO     |     Docked 375 / 392 (active_c1)
2026-07-27 03:59:59 | INFO     |     Docked 25 / 392 (active_c2)
2026-07-27 04:00:36 | INFO     |     Docked 50 / 392 (active_c2)
2026-07-27 04:01:22 | INFO     |     Docked 75 / 392 (active_c2)
2026-07-27 04:02:05 | INFO     |     Docked 100 / 392 (active_c2)
2026-07-27 04:02:49 | INFO     |     Docked 125 / 392 (active_c2)
2026-07-27 04:03:36 | INFO     |     Docked 150 / 392 (active_c2)
2026-07-27 04:04:42 | INFO     |     Docked 175 / 392 (active_c2)
2026-07-27 04:05:37 | INFO     |     Docked 200 / 392 (active_c2)
2026-07-27 04:06:05 | INFO     |     Docked 225 / 392 (active_c2)
2026-07-27 04:07:07 | INFO     |     Docked 250 / 392 (active_c2)
2026-07-27 04:07:55 | INFO     |     Docked 275 / 392 (active_c2)
2026-07-27 04:08:44 | INFO     |     Docked 300 / 392 (active_c2)
2026-07-27 04:10:06 | INFO     |     Docked 325 / 392 (active_c2)
2026-07-27 04:11:14 | INFO     |     Docked 350 / 392 (active_c2)
2026-07-27 04:12:08 | INFO     |     Docked 375 / 392 (active_c2)
2026-07-27 04:12:30 | INFO     |   Active-site docking complete: 392/392 scored.
2026-07-27 04:14:00 | INFO     |   Pharmacophore pre-filter removed 0 surface-binder compounds.
2026-07-27 04:14:00 | INFO     |   Docking all 392 compounds against PBP2a allosteric site (3 conformers)…
2026-07-27 04:14:54 | INFO     |     Docked 25 / 392 (allosteric_c0)
2026-07-27 04:15:34 | INFO     |     Docked 50 / 392 (allosteric_c0)
2026-07-27 04:16:22 | INFO     |     Docked 75 / 392 (allosteric_c0)
2026-07-27 04:17:17 | INFO     |     Docked 100 / 392 (allosteric_c0)
2026-07-27 04:18:03 | INFO     |     Docked 125 / 392 (allosteric_c0)
2026-07-27 04:19:00 | INFO     |     Docked 150 / 392 (allosteric_c0)
2026-07-27 04:20:16 | INFO     |     Docked 175 / 392 (allosteric_c0)
2026-07-27 04:21:25 | INFO     |     Docked 200 / 392 (allosteric_c0)
2026-07-27 04:22:00 | INFO     |     Docked 225 / 392 (allosteric_c0)
2026-07-27 04:22:58 | INFO     |     Docked 250 / 392 (allosteric_c0)
2026-07-27 04:24:02 | INFO     |     Docked 275 / 392 (allosteric_c0)
2026-07-27 04:25:01 | INFO     |     Docked 300 / 392 (allosteric_c0)
2026-07-27 04:26:31 | INFO     |     Docked 325 / 392 (allosteric_c0)
2026-07-27 04:27:39 | INFO     |     Docked 350 / 392 (allosteric_c0)
2026-07-27 04:28:41 | INFO     |     Docked 375 / 392 (allosteric_c0)
2026-07-27 04:30:06 | INFO     |     Docked 25 / 392 (allosteric_c1)
2026-07-27 04:30:45 | INFO     |     Docked 50 / 392 (allosteric_c1)
2026-07-27 04:31:34 | INFO     |     Docked 75 / 392 (allosteric_c1)
2026-07-27 04:32:30 | INFO     |     Docked 100 / 392 (allosteric_c1)
2026-07-27 04:33:14 | INFO     |     Docked 125 / 392 (allosteric_c1)
2026-07-27 04:34:11 | INFO     |     Docked 150 / 392 (allosteric_c1)
2026-07-27 04:35:28 | INFO     |     Docked 175 / 392 (allosteric_c1)
2026-07-27 04:36:34 | INFO     |     Docked 200 / 392 (allosteric_c1)
2026-07-27 04:37:12 | INFO     |     Docked 225 / 392 (allosteric_c1)
2026-07-27 04:38:09 | INFO     |     Docked 250 / 392 (allosteric_c1)
2026-07-27 04:39:13 | INFO     |     Docked 275 / 392 (allosteric_c1)
2026-07-27 04:40:13 | INFO     |     Docked 300 / 392 (allosteric_c1)
2026-07-27 04:41:40 | INFO     |     Docked 325 / 392 (allosteric_c1)
2026-07-27 04:42:57 | INFO     |     Docked 350 / 392 (allosteric_c1)
2026-07-27 04:43:57 | INFO     |     Docked 375 / 392 (allosteric_c1)
2026-07-27 04:45:23 | INFO     |     Docked 25 / 392 (allosteric_c2)
2026-07-27 04:46:03 | INFO     |     Docked 50 / 392 (allosteric_c2)
2026-07-27 04:46:56 | INFO     |     Docked 75 / 392 (allosteric_c2)
2026-07-27 04:47:51 | INFO     |     Docked 100 / 392 (allosteric_c2)
2026-07-27 04:48:36 | INFO     |     Docked 125 / 392 (allosteric_c2)
2026-07-27 04:49:37 | INFO     |     Docked 150 / 392 (allosteric_c2)
2026-07-27 04:50:52 | INFO     |     Docked 175 / 392 (allosteric_c2)
2026-07-27 04:52:02 | INFO     |     Docked 200 / 392 (allosteric_c2)
2026-07-27 04:52:38 | INFO     |     Docked 225 / 392 (allosteric_c2)
2026-07-27 04:53:42 | INFO     |     Docked 250 / 392 (allosteric_c2)
2026-07-27 04:54:45 | INFO     |     Docked 275 / 392 (allosteric_c2)
2026-07-27 04:55:50 | INFO     |     Docked 300 / 392 (allosteric_c2)
2026-07-27 04:57:20 | INFO     |     Docked 325 / 392 (allosteric_c2)
2026-07-27 04:58:33 | INFO     |     Docked 350 / 392 (allosteric_c2)
2026-07-27 04:59:35 | INFO     |     Docked 375 / 392 (allosteric_c2)
2026-07-27 05:00:11 | INFO     |   Allosteric-site docking complete: 392/392 scored.
2026-07-27 05:00:11 | INFO     |   Top 30 candidates by best energy.
2026-07-27 05:00:11 | INFO     |     1. BRICS_0006: -10.63 kcal/mol (active: -10.63)
2026-07-27 05:00:11 | INFO     |     2. BRICS_0022: -10.53 kcal/mol (active: -10.53)
2026-07-27 05:00:11 | INFO     |     3. BRICS_01163: -10.26 kcal/mol (active: -10.26)
2026-07-27 05:00:11 | INFO     |     4. BRICS_0340: -10.14 kcal/mol (active: -10.14)
2026-07-27 05:00:11 | INFO     |     5. BRICS_01154: -10.08 kcal/mol (active: -10.08)
2026-07-27 05:00:11 | INFO     |     6. ALL_QU04: -10.06 kcal/mol (active: -10.06)
2026-07-27 05:00:11 | INFO     |     7. ALL_QU04: -10.06 kcal/mol (active: -10.06)
2026-07-27 05:00:11 | INFO     |     8. BRICS_0004: -10.00 kcal/mol (active: -10.00)
2026-07-27 05:00:11 | INFO     |     9. ALL_SU08: -9.95 kcal/mol (active: -9.95)
2026-07-27 05:00:11 | INFO     |     10. ALL_SU14: -9.87 kcal/mol (active: -9.87)
2026-07-27 05:00:11 | INFO     | ─── Phase 3 complete ───
2026-07-27 05:00:11 | INFO     | ─── Phase 4: Selectivity & Resistance Analysis ───
2026-07-27 05:00:11 | INFO     |   Docking top 10 vs Human Trypsin (1UTN)…
2026-07-27 05:01:43 | INFO     |     Docked 25 / 30 (trypsin)
2026-07-27 05:01:51 | INFO     |   Docking top 10 vs Human Carboxylesterase 1 (1YAH)…
2026-07-27 05:03:31 | INFO     |     Docked 25 / 30 (ces1)
2026-07-27 05:03:42 | INFO     |   Docking top 10 vs Human CYP3A4 (1TQN)…
2026-07-27 05:05:10 | INFO     |     Docked 25 / 30 (cyp3a4)
2026-07-27 05:05:19 | WARNING  |   BRICS_01154: CES1 energy (-8.75) stronger than PBP2a (-7.77) — possible surface-patch artifact
2026-07-27 05:05:19 | WARNING  |   BRICS_0022: Low mechanism-restricted selectivity (SI = 1.46 < 1.5). Flagged for off-target risk.
2026-07-27 05:05:19 | WARNING  |   BRICS_0340: Low mechanism-restricted selectivity (SI = 1.34 < 1.5). Flagged for off-target risk.
2026-07-27 05:05:19 | WARNING  |   BRICS_01154: Low mechanism-restricted selectivity (SI = 0.96 < 1.5). Flagged for off-target risk.
2026-07-27 05:05:19 | INFO     |   ALL_QU04: mechanism-restricted SI = 1.54 (pass).
2026-07-27 05:05:19 | WARNING  |   ALL_SU08: Low mechanism-restricted selectivity (SI = 1.41 < 1.5). Flagged for off-target risk.
2026-07-27 05:05:19 | WARNING  |   ALL_SU14: Low mechanism-restricted selectivity (SI = 1.43 < 1.5). Flagged for off-target risk.
2026-07-27 05:05:19 | INFO     |   ALL_QU05: mechanism-restricted SI = 2.05 (pass).
2026-07-27 05:05:19 | WARNING  |   BRICS_0013: Low mechanism-restricted selectivity (SI = 1.46 < 1.5). Flagged for off-target risk.
2026-07-27 05:05:19 | WARNING  |   ALL_TE07: Low mechanism-restricted selectivity (SI = 1.22 < 1.5). Flagged for off-target risk.
2026-07-27 05:05:19 | INFO     |   ALL_SU15: mechanism-restricted SI = 1.56 (pass).
2026-07-27 05:05:19 | WARNING  |   ALL_SP03: Low mechanism-restricted selectivity (SI = 1.48 < 1.5). Flagged for off-target risk.
2026-07-27 05:05:19 | INFO     |   SEED_01150: mechanism-restricted SI = 1.53 (pass).
2026-07-27 05:05:26 | INFO     | ─── Phase 4 complete ───
2026-07-27 05:05:30 | INFO     |   MM-GBSA rescoring: 26/30 candidates scored.
2026-07-27 05:05:30 | INFO     |   Final Top-10 ranked by PBP2a best energy (catalytic-engagement tiebreak).
2026-07-27 05:05:30 | INFO     |   Diversified final set: 8 diverse + 22 filler = 30 candidate(s).
2026-07-27 05:05:30 | INFO     |   Final report: 4 candidate(s) at SI >= 1.5, deduplicated to 26 total.
2026-07-27 05:05:30 | INFO     | ─── Phase 5: Reporting ───
2026-07-27 05:05:30 | INFO     |   CSV report saved: output/top_candidates.csv
2026-07-27 05:05:30 | INFO     |   JSON candidates saved: output/top_candidates.json
2026-07-27 05:05:30 | INFO     |   Image saved: output/top1_ALL_QU05.png
2026-07-27 05:05:30 | INFO     |   Image saved: output/top2_ALL_SU15.png
2026-07-27 05:05:30 | INFO     |   Image saved: output/top3_ALL_QU04.png
2026-07-27 05:05:30 | INFO     |   Interaction diagram saved: output/figures/interaction_ALL_QU05.png
2026-07-27 05:05:30 | INFO     |   Interaction diagram saved: output/figures/interaction_ALL_SU15.png
2026-07-27 05:05:30 | INFO     |   Interaction diagram saved: output/figures/interaction_ALL_QU04.png
2026-07-27 05:05:30 | INFO     | Interaction diagrams saved to output/figures/
2026-07-27 05:05:30 | INFO     |   PyMOL script saved: output/visualization.pml (3 ligand pose(s) loaded).
2026-07-27 05:05:30 | INFO     |   Filter funnel saved: output/filter_funnel.json
2026-07-27 05:05:31 | INFO     |   ROC curve saved: output/figures/roc_curve.png
2026-07-27 05:05:31 | INFO     |   Energy distribution saved: output/figures/energy_distribution.png
2026-07-27 05:05:31 | INFO     |   SI scatter plot saved: output/figures/si_scatter.png
2026-07-27 05:05:31 | INFO     |   Filter funnel saved: output/figures/filter_funnel.png
2026-07-27 05:05:31 | INFO     |   Binding diagram saved: output/figures/top3_binding_1_ALL_QU05.png
2026-07-27 05:05:31 | INFO     |   Binding diagram saved: output/figures/top3_binding_2_ALL_SU15.png
2026-07-27 05:05:31 | INFO     |   Binding diagram saved: output/figures/top3_binding_3_ALL_QU04.png
2026-07-27 05:05:31 | INFO     |   All figures saved to output/figures
2026-07-27 05:05:31 | INFO     | ============================================================
2026-07-27 05:05:31 | INFO     |   PIPELINE SUMMARY
2026-07-27 05:05:31 | INFO     | ============================================================
2026-07-27 05:05:31 | INFO     |   Total compounds generated:     3116
2026-07-27 05:05:31 | INFO     |   After filtering:               392
2026-07-27 05:05:31 | INFO     |   Top candidates reported:       26
2026-07-27 05:05:31 | INFO     |   Successfully docked:           26
2026-07-27 05:05:31 | INFO     |   Selectivity pass (SI >= 2.0):  4
2026-07-27 05:05:31 | INFO     |   Docking engine:                Vina
2026-07-27 05:05:31 | INFO     |   Redocking RMSD:                1.937 Å
2026-07-27 05:05:31 | INFO     |   Redocking validated:           True
2026-07-27 05:05:31 | INFO     |   Protocol validation: RMSD 1.937 Å (Validated)
2026-07-27 05:05:31 | INFO     |   CSV report:                    output/top_candidates.csv
2026-07-27 05:05:31 | INFO     |   Open output/visualization.pml in PyMOL to inspect binding poses.
2026-07-27 05:05:31 | INFO     | ============================================================
2026-07-27 05:05:31 | INFO     | Pipeline complete. Exiting.
2026-07-27 05:06:40 | INFO     | AutoAntibiotic Discovery Pipeline v5.3.0
2026-07-27 05:06:40 | INFO     | ─── Phase 0: Dependency Check ───
2026-07-27 05:06:40 | INFO     |   ✓  AutoDock Vina binary found on PATH (version: AutoDock Vina v1.2.7)
2026-07-27 05:06:40 | INFO     |   ✓  OpenBabel binary found on PATH (version: Open Babel 3.1.0 -- Feb 17 2026 -- 07:38:51
Usage:
obabel [-i<input-type>] <infilename> [-o<output-type>] -O<outfilename> [Options]
Try  -H option for more information.)
2026-07-27 05:06:40 | INFO     |   ✓  All required Python packages found.
2026-07-27 05:06:40 | INFO     | ─── Phase 1: Target Preparation & Centroid Calculation ───
2026-07-27 05:06:40 | INFO     |   NOTE: bundled tests/data/*.pdb files are minimal mock structures for offline CI runs — they are NOT real crystallographic models. Any redocking RMSD computed against them is non-physical and must not be interpreted as a protocol-quality metric.
2026-07-27 05:06:40 | INFO     |   Run mode (from config): science
2026-07-27 05:06:40 | INFO     |   Structure 3ZG0 already local: output/pdb/3ZG0.pdb
2026-07-27 05:06:40 | INFO     |   Structure 1VQQ already local: output/pdb/1VQQ.pdb
2026-07-27 05:06:40 | INFO     |   Structure 1UTN already local: output/pdb/1UTN.pdb
2026-07-27 05:06:40 | INFO     |   Structure 1YAH already local: output/pdb/1YAH.pdb
2026-07-27 05:06:40 | INFO     |   Structure 1TQN already local: output/pdb/1TQN.pdb
2026-07-27 05:06:40 | INFO     |   Structure 1VQQ already local: output/pdb/1VQQ.pdb
2026-07-27 05:06:40 | INFO     |   Structure 3ZG0 already local: output/pdb/3ZG0.pdb
2026-07-27 05:06:40 | INFO     |   Structure 4DKI already local: output/pdb/4DKI.pdb
2026-07-27 05:06:40 | INFO     | Science mode: real scientific validation expected.
2026-07-27 05:06:40 | INFO     |   Cleaning PBP2a (apo)…
2026-07-27 05:06:41 | INFO     |   Polar hydrogens added to output/workdir/PBP2a_clean.pdb
2026-07-27 05:06:42 | INFO     |   Receptor PDBQT written via obabel (-xr): output/workdir/PBP2a_clean.pdbqt
2026-07-27 05:06:42 | INFO     |   Cleaning PBP2a (holo, protein-only)…
2026-07-27 05:06:42 | WARNING  |   Could not read PDB via RDKit. Skipping hydrogen addition.
2026-07-27 05:06:43 | INFO     |   Receptor PDBQT written via obabel (-xr): output/workdir/PBP2a_holo_clean.pdbqt
2026-07-27 05:06:43 | WARNING  |   Could not read PDB via RDKit. Skipping hydrogen addition.
2026-07-27 05:06:43 | INFO     |   Receptor PDBQT written via obabel (-xr): output/workdir/PBP2a_3ZG0_clean.pdbqt
2026-07-27 05:06:43 | INFO     |   Added PBP2a conformer 3ZG0 receptor PDBQT: output/workdir/PBP2a_3ZG0_clean.pdbqt
2026-07-27 05:06:43 | INFO     |   Polar hydrogens added to output/workdir/PBP2a_4DKI_clean.pdb
2026-07-27 05:06:45 | INFO     |   Receptor PDBQT written via obabel (-xr): output/workdir/PBP2a_4DKI_clean.pdbqt
2026-07-27 05:06:45 | INFO     |   Added PBP2a conformer 4DKI receptor PDBQT: output/workdir/PBP2a_4DKI_clean.pdbqt
2026-07-27 05:06:45 | INFO     |   Computing active site centroid (conserved residues SER403, LYS406, TYR446) using side-chain atoms…
2026-07-27 05:06:45 | INFO     |     Active site center: [23.95072216 27.87146293 88.53164786]
2026-07-27 05:06:45 | INFO     |   Computing allosteric site centroid (TYR105, GLN199, GLU237) using side-chain atoms…
2026-07-27 05:06:45 | INFO     |     Allosteric site center: [24.97548178 30.9366667  28.8698331 ]
2026-07-27 05:06:45 | INFO     |   Cleaning Human Trypsin (1UTN)…
2026-07-27 05:06:45 | INFO     |   Polar hydrogens added to output/workdir/trypsin_clean.pdb
2026-07-27 05:06:45 | INFO     |   Receptor PDBQT written via obabel (-xr): output/workdir/trypsin_clean.pdbqt
2026-07-27 05:06:45 | INFO     |   Computing trypsin active site centroid (His57, Asp102, Ser195) using side-chain atoms…
2026-07-27 05:06:45 | INFO     |     Trypsin active site center: [22.54101663 14.86204433 22.53591386]
2026-07-27 05:06:45 | INFO     |   Cleaning Human Carboxylesterase 1 (1YAH)…
2026-07-27 05:06:46 | INFO     |   Polar hydrogens added to output/workdir/CES1_clean.pdb
2026-07-27 05:06:48 | INFO     |   Receptor PDBQT written via obabel (-xr): output/workdir/CES1_clean.pdbqt
2026-07-27 05:06:48 | INFO     |   Computing CES1 active site centroid (Ser221, His468, Glu354) using side-chain atoms…
2026-07-27 05:06:48 | INFO     |     CES1 active site center: [-7.13865188 43.85391877 37.96102563]
2026-07-27 05:06:48 | INFO     |   Cleaning CYP3A4 (1TQN)…
2026-07-27 05:06:48 | INFO     |   Structure 1TQN already local: output/pdb/1TQN.pdb
2026-07-27 05:06:48 | INFO     |   Polar hydrogens added to output/workdir/CYP3A4_clean.pdb
2026-07-27 05:06:49 | INFO     |   Receptor PDBQT written via obabel (-xr): output/workdir/CYP3A4_clean.pdbqt
2026-07-27 05:06:49 | INFO     |   Computing CYP3A4 active site centroid (heme Fe, Thr309, Ala370)…
2026-07-27 05:06:49 | INFO     |     CYP3A4 active site center: [-20.83707145 -22.85971421 -15.8193571 ]
2026-07-27 05:06:49 | INFO     |   Grid config saved: output/workdir/grid_configs/grid_active.txt
2026-07-27 05:06:49 | INFO     | ─── Phase 1 complete ───
2026-07-27 05:06:49 | INFO     |   Reusing cached redocking validation from previous run.
2026-07-27 05:06:49 | INFO     |   Release status written: /Users/tom/Documents/apps/AutoAntibiotic/status.json
2026-07-27 05:06:49 | INFO     |   ✓  Enrichment validation: AUC=0.792, EF_1%=19.25
2026-07-27 05:06:49 | INFO     | ─── Phase 0.5 complete ───
2026-07-27 05:06:49 | INFO     | ─── Phase 2: Library Generation ───
2026-07-27 05:06:49 | INFO     |   Loading external compound library from CSV: data/screen_library_final.csv
2026-07-27 05:06:49 | INFO     |   Loaded 3116 compounds from external CSV.
2026-07-27 05:06:50 | INFO     | ─── Phase 2: Filtering ───
2026-07-27 05:06:53 | INFO     |   Structural exclusion (β-lactam): 0 removed.
2026-07-27 05:06:53 | INFO     |   Similarity filter (Tc < 0.3): 9 removed.
2026-07-27 05:06:53 | INFO     |   ADMET filter (Lipinski + QED > 0.5): 2411 removed.
2026-07-27 05:06:53 | INFO     |   PAINS filter: 2 removed.
2026-07-27 05:06:53 | INFO     |   Brenk alerts: 302 removed.
2026-07-27 05:06:53 | INFO     |   Passed filters: 392 compounds.
2026-07-27 05:06:53 | INFO     | ─── Phase 2 complete ───
2026-07-27 05:06:53 | INFO     | ─── Phase 3: Virtual Screening ───
2026-07-27 05:06:53 | INFO     |   Docking all 392 compounds against PBP2a active site (3 conformers)…
2026-07-27 05:07:55 | INFO     |     Docked 25 / 392 (active_c0)
2026-07-27 05:08:37 | INFO     |     Docked 50 / 392 (active_c0)
2026-07-27 05:09:32 | INFO     |     Docked 75 / 392 (active_c0)
2026-07-27 05:10:34 | INFO     |     Docked 100 / 392 (active_c0)
2026-07-27 05:11:20 | INFO     |     Docked 125 / 392 (active_c0)
2026-07-27 05:12:19 | INFO     |     Docked 150 / 392 (active_c0)
2026-07-27 05:13:39 | INFO     |     Docked 175 / 392 (active_c0)
2026-07-27 05:15:00 | INFO     |     Docked 200 / 392 (active_c0)
2026-07-27 05:15:35 | INFO     |     Docked 225 / 392 (active_c0)
2026-07-27 05:16:44 | INFO     |     Docked 250 / 392 (active_c0)
2026-07-27 05:17:51 | INFO     |     Docked 275 / 392 (active_c0)
2026-07-27 05:19:01 | INFO     |     Docked 300 / 392 (active_c0)
2026-07-27 05:20:37 | INFO     |     Docked 325 / 392 (active_c0)
2026-07-27 05:22:01 | INFO     |     Docked 350 / 392 (active_c0)
2026-07-27 05:23:06 | INFO     |     Docked 375 / 392 (active_c0)
2026-07-27 05:24:21 | INFO     |     Docked 25 / 392 (active_c1)
2026-07-27 05:25:01 | INFO     |     Docked 50 / 392 (active_c1)
2026-07-27 05:25:42 | INFO     |     Docked 75 / 392 (active_c1)
2026-07-27 05:26:32 | INFO     |     Docked 100 / 392 (active_c1)
2026-07-27 05:27:10 | INFO     |     Docked 125 / 392 (active_c1)
2026-07-27 05:28:03 | INFO     |     Docked 150 / 392 (active_c1)
2026-07-27 05:29:09 | INFO     |     Docked 175 / 392 (active_c1)
2026-07-27 05:30:01 | INFO     |     Docked 200 / 392 (active_c1)
2026-07-27 05:30:30 | INFO     |     Docked 225 / 392 (active_c1)
2026-07-27 05:31:24 | INFO     |     Docked 250 / 392 (active_c1)
2026-07-27 05:32:19 | INFO     |     Docked 275 / 392 (active_c1)
2026-07-27 05:33:12 | INFO     |     Docked 300 / 392 (active_c1)
2026-07-27 05:34:24 | INFO     |     Docked 325 / 392 (active_c1)
2026-07-27 05:35:30 | INFO     |     Docked 350 / 392 (active_c1)
2026-07-27 05:36:26 | INFO     |     Docked 375 / 392 (active_c1)
2026-07-27 05:37:45 | INFO     |     Docked 25 / 392 (active_c2)
2026-07-27 05:38:22 | INFO     |     Docked 50 / 392 (active_c2)
2026-07-27 05:39:05 | INFO     |     Docked 75 / 392 (active_c2)
2026-07-27 05:39:56 | INFO     |     Docked 100 / 392 (active_c2)
2026-07-27 05:40:32 | INFO     |     Docked 125 / 392 (active_c2)
2026-07-27 05:41:25 | INFO     |     Docked 150 / 392 (active_c2)
2026-07-27 05:42:26 | INFO     |     Docked 175 / 392 (active_c2)
2026-07-27 05:43:16 | INFO     |     Docked 200 / 392 (active_c2)
2026-07-27 05:43:51 | INFO     |     Docked 225 / 392 (active_c2)
2026-07-27 05:44:51 | INFO     |     Docked 250 / 392 (active_c2)
2026-07-27 05:45:38 | INFO     |     Docked 275 / 392 (active_c2)
2026-07-27 05:46:28 | INFO     |     Docked 300 / 392 (active_c2)
2026-07-27 05:47:48 | INFO     |     Docked 325 / 392 (active_c2)
2026-07-27 05:48:59 | INFO     |     Docked 350 / 392 (active_c2)
2026-07-27 05:49:54 | INFO     |     Docked 375 / 392 (active_c2)
2026-07-27 05:50:16 | INFO     |   Active-site docking complete: 392/392 scored.
2026-07-27 05:51:45 | INFO     |   Pharmacophore pre-filter removed 0 surface-binder compounds.
2026-07-27 05:51:45 | INFO     |   Docking all 392 compounds against PBP2a allosteric site (3 conformers)…
2026-07-27 05:52:38 | INFO     |     Docked 25 / 392 (allosteric_c0)
2026-07-27 05:53:18 | INFO     |     Docked 50 / 392 (allosteric_c0)
2026-07-27 05:54:08 | INFO     |     Docked 75 / 392 (allosteric_c0)
2026-07-27 05:55:03 | INFO     |     Docked 100 / 392 (allosteric_c0)
2026-07-27 05:55:47 | INFO     |     Docked 125 / 392 (allosteric_c0)
2026-07-27 05:56:46 | INFO     |     Docked 150 / 392 (allosteric_c0)
2026-07-27 05:57:59 | INFO     |     Docked 175 / 392 (allosteric_c0)
2026-07-27 05:59:10 | INFO     |     Docked 200 / 392 (allosteric_c0)
2026-07-27 05:59:45 | INFO     |     Docked 225 / 392 (allosteric_c0)
2026-07-27 06:00:44 | INFO     |     Docked 250 / 392 (allosteric_c0)
2026-07-27 06:01:45 | INFO     |     Docked 275 / 392 (allosteric_c0)
2026-07-27 06:02:45 | INFO     |     Docked 300 / 392 (allosteric_c0)
2026-07-27 06:04:11 | INFO     |     Docked 325 / 392 (allosteric_c0)
2026-07-27 06:05:25 | INFO     |     Docked 350 / 392 (allosteric_c0)
2026-07-27 06:06:26 | INFO     |     Docked 375 / 392 (allosteric_c0)
2026-07-27 06:07:51 | INFO     |     Docked 25 / 392 (allosteric_c1)
2026-07-27 06:08:32 | INFO     |     Docked 50 / 392 (allosteric_c1)
2026-07-27 06:09:20 | INFO     |     Docked 75 / 392 (allosteric_c1)
2026-07-27 06:10:13 | INFO     |     Docked 100 / 392 (allosteric_c1)
2026-07-27 06:10:58 | INFO     |     Docked 125 / 392 (allosteric_c1)
2026-07-27 06:11:58 | INFO     |     Docked 150 / 392 (allosteric_c1)
2026-07-27 06:13:11 | INFO     |     Docked 175 / 392 (allosteric_c1)
2026-07-27 06:14:21 | INFO     |     Docked 200 / 392 (allosteric_c1)
2026-07-27 06:14:55 | INFO     |     Docked 225 / 392 (allosteric_c1)
2026-07-27 06:15:55 | INFO     |     Docked 250 / 392 (allosteric_c1)
2026-07-27 06:16:58 | INFO     |     Docked 275 / 392 (allosteric_c1)
2026-07-27 06:17:58 | INFO     |     Docked 300 / 392 (allosteric_c1)
2026-07-27 06:19:26 | INFO     |     Docked 325 / 392 (allosteric_c1)
2026-07-27 06:20:43 | INFO     |     Docked 350 / 392 (allosteric_c1)
2026-07-27 06:21:43 | INFO     |     Docked 375 / 392 (allosteric_c1)
2026-07-27 06:23:06 | INFO     |     Docked 25 / 392 (allosteric_c2)
2026-07-27 06:23:49 | INFO     |     Docked 50 / 392 (allosteric_c2)
2026-07-27 06:24:38 | INFO     |     Docked 75 / 392 (allosteric_c2)
2026-07-27 06:25:35 | INFO     |     Docked 100 / 392 (allosteric_c2)
2026-07-27 06:26:21 | INFO     |     Docked 125 / 392 (allosteric_c2)
2026-07-27 06:27:22 | INFO     |     Docked 150 / 392 (allosteric_c2)
2026-07-27 06:28:34 | INFO     |     Docked 175 / 392 (allosteric_c2)
2026-07-27 06:29:45 | INFO     |     Docked 200 / 392 (allosteric_c2)
2026-07-27 06:30:21 | INFO     |     Docked 225 / 392 (allosteric_c2)
2026-07-27 06:31:23 | INFO     |     Docked 250 / 392 (allosteric_c2)
2026-07-27 06:32:27 | INFO     |     Docked 275 / 392 (allosteric_c2)
2026-07-27 06:33:30 | INFO     |     Docked 300 / 392 (allosteric_c2)
2026-07-27 06:35:01 | INFO     |     Docked 325 / 392 (allosteric_c2)
2026-07-27 06:36:17 | INFO     |     Docked 350 / 392 (allosteric_c2)
2026-07-27 06:37:26 | INFO     |     Docked 375 / 392 (allosteric_c2)
2026-07-27 06:37:54 | INFO     |   Allosteric-site docking complete: 392/392 scored.
2026-07-27 06:37:54 | INFO     |   Top 30 candidates by best energy.
2026-07-27 06:37:54 | INFO     |     1. BRICS_0006: -10.65 kcal/mol (active: -10.65)
2026-07-27 06:37:54 | INFO     |     2. BRICS_0022: -10.54 kcal/mol (active: -10.54)
2026-07-27 06:37:54 | INFO     |     3. BRICS_01163: -10.25 kcal/mol (active: -10.25)
2026-07-27 06:37:54 | INFO     |     4. BRICS_0340: -10.13 kcal/mol (active: -10.13)
2026-07-27 06:37:54 | INFO     |     5. BRICS_01154: -10.10 kcal/mol (active: -10.10)
2026-07-27 06:37:54 | INFO     |     6. ALL_QU04: -10.06 kcal/mol (active: -10.06)
2026-07-27 06:37:54 | INFO     |     7. ALL_QU04: -10.06 kcal/mol (active: -10.06)
2026-07-27 06:37:54 | INFO     |     8. BRICS_0004: -10.02 kcal/mol (active: -10.02)
2026-07-27 06:37:54 | INFO     |     9. ALL_SU08: -9.94 kcal/mol (active: -9.94)
2026-07-27 06:37:54 | INFO     |     10. ALL_QU09: -9.88 kcal/mol (active: -9.88)
2026-07-27 06:37:54 | INFO     | ─── Phase 3 complete ───
2026-07-27 06:37:54 | INFO     | ─── Phase 4: Selectivity & Resistance Analysis ───
2026-07-27 06:37:54 | INFO     |   Docking top 10 vs Human Trypsin (1UTN)…
2026-07-27 06:39:21 | INFO     |     Docked 25 / 30 (trypsin)
2026-07-27 06:39:34 | INFO     |   Docking top 10 vs Human Carboxylesterase 1 (1YAH)…
2026-07-27 06:41:12 | INFO     |     Docked 25 / 30 (ces1)
2026-07-27 06:41:24 | INFO     |   Docking top 10 vs Human CYP3A4 (1TQN)…
2026-07-27 06:42:50 | INFO     |     Docked 25 / 30 (cyp3a4)
2026-07-27 06:43:02 | INFO     |   BRICS_0022: mechanism-restricted SI = 2.09 (pass).
2026-07-27 06:43:02 | INFO     |   BRICS_01163: mechanism-restricted SI = 2.38 (pass).
2026-07-27 06:43:02 | INFO     |   BRICS_0340: mechanism-restricted SI = 2.01 (pass).
2026-07-27 06:43:02 | WARNING  |   BRICS_01154: Low mechanism-restricted selectivity (SI = 1.26 < 1.5). Flagged for off-target risk.
2026-07-27 06:43:02 | INFO     |   ALL_QU04: mechanism-restricted SI = 2.08 (pass).
2026-07-27 06:43:02 | INFO     |   ALL_SU08: mechanism-restricted SI = 1.92 (pass).
2026-07-27 06:43:02 | INFO     |   ALL_SU14: mechanism-restricted SI = 1.84 (pass).
2026-07-27 06:43:02 | INFO     |   ALL_QU05: mechanism-restricted SI = 2.54 (pass).
2026-07-27 06:43:02 | INFO     |   BRICS_0013: mechanism-restricted SI = 2.24 (pass).
2026-07-27 06:43:02 | WARNING  |   ALL_TE07: Low mechanism-restricted selectivity (SI = 1.39 < 1.5). Flagged for off-target risk.
2026-07-27 06:43:02 | INFO     |   SEED_01150: mechanism-restricted SI = 1.92 (pass).
2026-07-27 06:43:02 | INFO     |   ALL_SU15: mechanism-restricted SI = 2.37 (pass).
2026-07-27 06:43:02 | INFO     |   ALL_SP03: mechanism-restricted SI = 1.92 (pass).
2026-07-27 06:43:08 | INFO     | ─── Phase 4 complete ───
2026-07-27 06:43:12 | INFO     |   MM-GBSA rescoring: 26/30 candidates scored.
2026-07-27 06:43:12 | INFO     |   Final Top-10 ranked by PBP2a best energy (catalytic-engagement tiebreak).
2026-07-27 06:43:12 | INFO     |   Diversified final set: 8 diverse + 22 filler = 30 candidate(s).
2026-07-27 06:43:12 | INFO     |   Final report: 11 candidate(s) at SI >= 1.5, deduplicated to 26 total.
2026-07-27 06:43:12 | INFO     | ─── Phase 5: Reporting ───
2026-07-27 06:43:12 | INFO     |   CSV report saved: output/top_candidates.csv
2026-07-27 06:43:12 | INFO     |   JSON candidates saved: output/top_candidates.json
2026-07-27 06:43:12 | INFO     |   Image saved: output/top1_ALL_QU05.png
2026-07-27 06:43:12 | INFO     |   Image saved: output/top2_BRICS_01163.png
2026-07-27 06:43:12 | INFO     |   Image saved: output/top3_ALL_SU15.png
2026-07-27 06:43:12 | INFO     |   Interaction diagram saved: output/figures/interaction_ALL_QU05.png
2026-07-27 06:43:13 | INFO     |   Interaction diagram saved: output/figures/interaction_BRICS_01163.png
2026-07-27 06:43:13 | INFO     |   Interaction diagram saved: output/figures/interaction_ALL_SU15.png
2026-07-27 06:43:13 | INFO     | Interaction diagrams saved to output/figures/
2026-07-27 06:43:13 | INFO     |   PyMOL script saved: output/visualization.pml (3 ligand pose(s) loaded).
2026-07-27 06:43:13 | INFO     |   Filter funnel saved: output/filter_funnel.json
2026-07-27 06:43:13 | INFO     |   ROC curve saved: output/figures/roc_curve.png
2026-07-27 06:43:13 | INFO     |   Energy distribution saved: output/figures/energy_distribution.png
2026-07-27 06:43:13 | INFO     |   SI scatter plot saved: output/figures/si_scatter.png
2026-07-27 06:43:13 | INFO     |   Filter funnel saved: output/figures/filter_funnel.png
2026-07-27 06:43:13 | INFO     |   Binding diagram saved: output/figures/top3_binding_1_ALL_QU05.png
2026-07-27 06:43:13 | INFO     |   Binding diagram saved: output/figures/top3_binding_2_BRICS_01163.png
2026-07-27 06:43:13 | INFO     |   Binding diagram saved: output/figures/top3_binding_3_ALL_SU15.png
2026-07-27 06:43:13 | INFO     |   All figures saved to output/figures
2026-07-27 06:43:13 | INFO     | ============================================================
2026-07-27 06:43:13 | INFO     |   PIPELINE SUMMARY
2026-07-27 06:43:13 | INFO     | ============================================================
2026-07-27 06:43:13 | INFO     |   Total compounds generated:     3116
2026-07-27 06:43:13 | INFO     |   After filtering:               392
2026-07-27 06:43:13 | INFO     |   Top candidates reported:       26
2026-07-27 06:43:13 | INFO     |   Successfully docked:           26
2026-07-27 06:43:13 | INFO     |   Selectivity pass (SI >= 2.0):  11
2026-07-27 06:43:13 | INFO     |   Docking engine:                Vina
2026-07-27 06:43:13 | INFO     |   Redocking RMSD:                1.937 Å
2026-07-27 06:43:13 | INFO     |   Redocking validated:           True
2026-07-27 06:43:13 | INFO     |   Protocol validation: RMSD 1.937 Å (Validated)
2026-07-27 06:43:13 | INFO     |   CSV report:                    output/top_candidates.csv
2026-07-27 06:43:13 | INFO     |   Open output/visualization.pml in PyMOL to inspect binding poses.
2026-07-27 06:43:13 | INFO     | ============================================================
2026-07-27 06:43:13 | INFO     | Pipeline complete. Exiting.
2026-07-27 19:17:05 | INFO     | ─── Phase 0: Dependency Check ───
2026-07-27 19:17:05 | INFO     |   ✓  AutoDock Vina binary found on PATH (version: AutoDock Vina v1.2.7)
2026-07-27 19:17:05 | INFO     |   ✓  OpenBabel binary found on PATH (version: Open Babel 3.1.0 -- Feb 17 2026 -- 07:38:51
Usage:
obabel [-i<input-type>] <infilename> [-o<output-type>] -O<outfilename> [Options]
Try  -H option for more information.)
2026-07-27 19:17:05 | INFO     |   ✓  All required Python packages found.
2026-07-27 19:17:26 | INFO     | AutoAntibiotic Discovery Pipeline v5.3.0
2026-07-27 19:17:26 | INFO     | ─── Phase 0: Dependency Check ───
2026-07-27 19:17:26 | INFO     |   ✓  AutoDock Vina binary found on PATH (version: AutoDock Vina v1.2.7)
2026-07-27 19:17:26 | INFO     |   ✓  OpenBabel binary found on PATH (version: Open Babel 3.1.0 -- Feb 17 2026 -- 07:38:51
Usage:
obabel [-i<input-type>] <infilename> [-o<output-type>] -O<outfilename> [Options]
Try  -H option for more information.)
2026-07-27 19:17:26 | INFO     |   ✓  All required Python packages found.
2026-07-27 19:17:26 | INFO     | ─── Phase 1: Target Preparation & Centroid Calculation ───
2026-07-27 19:17:26 | INFO     |   NOTE: bundled tests/data/*.pdb files are minimal mock structures for offline CI runs — they are NOT real crystallographic models. Any redocking RMSD computed against them is non-physical and must not be interpreted as a protocol-quality metric.
2026-07-27 19:17:26 | INFO     |   Run mode (from config): science
2026-07-27 19:17:26 | INFO     |   Structure 3ZG0 already local: output/pdb/3ZG0.pdb
2026-07-27 19:17:26 | INFO     |   Structure 1VQQ already local: output/pdb/1VQQ.pdb
2026-07-27 19:17:26 | INFO     |   Structure 1UTN already local: output/pdb/1UTN.pdb
2026-07-27 19:17:26 | INFO     |   Structure 1YAH already local: output/pdb/1YAH.pdb
2026-07-27 19:17:26 | INFO     |   Structure 1TQN already local: output/pdb/1TQN.pdb
2026-07-27 19:17:26 | INFO     |   Structure 1VQQ already local: output/pdb/1VQQ.pdb
2026-07-27 19:17:26 | INFO     |   Structure 3ZG0 already local: output/pdb/3ZG0.pdb
2026-07-27 19:17:26 | INFO     |   Structure 4DKI already local: output/pdb/4DKI.pdb
2026-07-27 19:17:26 | INFO     | Science mode: real scientific validation expected.
2026-07-27 19:17:26 | INFO     |   Cleaning PBP2a (apo)…
2026-07-27 19:17:26 | INFO     |   Polar hydrogens added to output/workdir/PBP2a_clean.pdb
2026-07-27 19:17:28 | INFO     |   Receptor PDBQT written via obabel (-xr): output/workdir/PBP2a_clean.pdbqt
2026-07-27 19:17:28 | INFO     |   Cleaning PBP2a (holo, protein-only)…
2026-07-27 19:17:28 | WARNING  |   Could not read PDB via RDKit. Skipping hydrogen addition.
2026-07-27 19:17:28 | INFO     |   Receptor PDBQT written via obabel (-xr): output/workdir/PBP2a_holo_clean.pdbqt
2026-07-27 19:17:28 | WARNING  |   Could not read PDB via RDKit. Skipping hydrogen addition.
2026-07-27 19:17:29 | INFO     |   Receptor PDBQT written via obabel (-xr): output/workdir/PBP2a_3ZG0_clean.pdbqt
2026-07-27 19:17:29 | INFO     |   Added PBP2a conformer 3ZG0 receptor PDBQT: output/workdir/PBP2a_3ZG0_clean.pdbqt
2026-07-27 19:17:29 | INFO     |   Polar hydrogens added to output/workdir/PBP2a_4DKI_clean.pdb
2026-07-27 19:17:31 | INFO     |   Receptor PDBQT written via obabel (-xr): output/workdir/PBP2a_4DKI_clean.pdbqt
2026-07-27 19:17:31 | INFO     |   Added PBP2a conformer 4DKI receptor PDBQT: output/workdir/PBP2a_4DKI_clean.pdbqt
2026-07-27 19:17:31 | INFO     |   Computing active site centroid (conserved residues SER403, LYS406, TYR446) using side-chain atoms…
2026-07-27 19:17:31 | INFO     |     Active site center: [23.95072216 27.87146293 88.53164786]
2026-07-27 19:17:31 | INFO     |   Computing allosteric site centroid (TYR105, GLN199, GLU237) using side-chain atoms…
2026-07-27 19:17:31 | INFO     |     Allosteric site center: [24.97548178 30.9366667  28.8698331 ]
2026-07-27 19:17:31 | INFO     |   Cleaning Human Trypsin (1UTN)…
2026-07-27 19:17:31 | INFO     |   Polar hydrogens added to output/workdir/trypsin_clean.pdb
2026-07-27 19:17:31 | INFO     |   Receptor PDBQT written via obabel (-xr): output/workdir/trypsin_clean.pdbqt
2026-07-27 19:17:31 | INFO     |   Computing trypsin active site centroid (His57, Asp102, Ser195) using side-chain atoms…
2026-07-27 19:17:31 | INFO     |     Trypsin active site center: [22.54101663 14.86204433 22.53591386]
2026-07-27 19:17:31 | INFO     |   Cleaning Human Carboxylesterase 1 (1YAH)…
2026-07-27 19:17:32 | INFO     |   Polar hydrogens added to output/workdir/CES1_clean.pdb
2026-07-27 19:17:34 | INFO     |   Receptor PDBQT written via obabel (-xr): output/workdir/CES1_clean.pdbqt
2026-07-27 19:17:34 | INFO     |   Computing CES1 active site centroid (Ser221, His468, Glu354) using side-chain atoms…
2026-07-27 19:17:34 | INFO     |     CES1 active site center: [-7.13865188 43.85391877 37.96102563]
2026-07-27 19:17:34 | INFO     |   Cleaning CYP3A4 (1TQN)…
2026-07-27 19:17:34 | INFO     |   Structure 1TQN already local: output/pdb/1TQN.pdb
2026-07-27 19:17:34 | INFO     |   Polar hydrogens added to output/workdir/CYP3A4_clean.pdb
2026-07-27 19:17:35 | INFO     |   Receptor PDBQT written via obabel (-xr): output/workdir/CYP3A4_clean.pdbqt
2026-07-27 19:17:35 | INFO     |   Computing CYP3A4 active site centroid (heme Fe, Thr309, Ala370)…
2026-07-27 19:17:35 | INFO     |     CYP3A4 active site center: [-20.83707145 -22.85971421 -15.8193571 ]
2026-07-27 19:17:35 | INFO     |   Grid config saved: output/workdir/grid_configs/grid_active.txt
2026-07-27 19:17:35 | INFO     | ─── Phase 1 complete ───
2026-07-27 19:17:35 | INFO     |   Reusing cached redocking validation from previous run.
2026-07-27 19:17:35 | INFO     |   Release status written: /Users/tom/Documents/apps/AutoAntibiotic/status.json
2026-07-27 19:17:35 | INFO     |   ✓  Enrichment validation: AUC=0.792, EF_1%=19.25
2026-07-27 19:17:35 | INFO     | ─── Phase 0.5 complete ───
2026-07-27 19:17:35 | INFO     | ─── Phase 2: Library Generation ───
2026-07-27 19:17:35 | INFO     |   Loading external compound library from CSV: data/screen_library_final.csv
2026-07-27 19:17:35 | INFO     |   Loaded 3116 compounds from external CSV.
2026-07-27 19:17:36 | INFO     | ─── Phase 2: Filtering ───
2026-07-27 19:17:39 | INFO     |   Structural exclusion (β-lactam): 0 removed.
2026-07-27 19:17:39 | INFO     |   Similarity filter (Tc < 0.3): 9 removed.
2026-07-27 19:17:39 | INFO     |   ADMET filter (Lipinski + QED > 0.5): 2411 removed.
2026-07-27 19:17:39 | INFO     |   PAINS filter: 2 removed.
2026-07-27 19:17:39 | INFO     |   Brenk alerts: 302 removed.
2026-07-27 19:17:39 | INFO     |   Passed filters: 392 compounds.
2026-07-27 19:17:39 | INFO     | ─── Phase 2 complete ───
2026-07-27 19:17:39 | INFO     | ─── Phase 3: Virtual Screening ───
2026-07-27 19:17:39 | INFO     |   Docking all 392 compounds against PBP2a active site (3 conformers)…
2026-07-27 19:18:43 | INFO     |     Docked 25 / 392 (active_c0)
2026-07-27 19:19:27 | INFO     |     Docked 50 / 392 (active_c0)
2026-07-27 19:20:19 | INFO     |     Docked 75 / 392 (active_c0)
2026-07-27 19:21:15 | INFO     |     Docked 100 / 392 (active_c0)
2026-07-27 19:21:58 | INFO     |     Docked 125 / 392 (active_c0)
2026-07-27 19:23:00 | INFO     |     Docked 150 / 392 (active_c0)
2026-07-27 19:24:14 | INFO     |     Docked 175 / 392 (active_c0)
2026-07-27 19:25:30 | INFO     |     Docked 200 / 392 (active_c0)
2026-07-27 19:26:02 | INFO     |     Docked 225 / 392 (active_c0)
2026-07-27 19:27:07 | INFO     |     Docked 250 / 392 (active_c0)
2026-07-27 19:28:10 | INFO     |     Docked 275 / 392 (active_c0)
2026-07-27 19:29:18 | INFO     |     Docked 300 / 392 (active_c0)
2026-07-27 19:30:44 | INFO     |     Docked 325 / 392 (active_c0)
2026-07-27 19:32:08 | INFO     |     Docked 350 / 392 (active_c0)
2026-07-27 19:33:13 | INFO     |     Docked 375 / 392 (active_c0)
2026-07-27 19:34:21 | INFO     |     Docked 25 / 392 (active_c1)
2026-07-27 19:34:59 | INFO     |     Docked 50 / 392 (active_c1)
2026-07-27 19:35:35 | INFO     |     Docked 75 / 392 (active_c1)
2026-07-27 19:36:22 | INFO     |     Docked 100 / 392 (active_c1)
2026-07-27 19:37:02 | INFO     |     Docked 125 / 392 (active_c1)
2026-07-27 19:37:51 | INFO     |     Docked 150 / 392 (active_c1)
2026-07-27 19:38:52 | INFO     |     Docked 175 / 392 (active_c1)
2026-07-27 19:39:44 | INFO     |     Docked 200 / 392 (active_c1)
2026-07-27 19:40:12 | INFO     |     Docked 225 / 392 (active_c1)
2026-07-27 19:41:05 | INFO     |     Docked 250 / 392 (active_c1)
2026-07-27 19:41:57 | INFO     |     Docked 275 / 392 (active_c1)
2026-07-27 19:42:47 | INFO     |     Docked 300 / 392 (active_c1)
2026-07-27 19:43:57 | INFO     |     Docked 325 / 392 (active_c1)
2026-07-27 19:45:18 | INFO     |     Docked 350 / 392 (active_c1)
2026-07-27 19:46:07 | INFO     |     Docked 375 / 392 (active_c1)
2026-07-27 19:47:28 | INFO     |     Docked 25 / 392 (active_c2)
2026-07-27 19:48:12 | INFO     |     Docked 50 / 392 (active_c2)
2026-07-27 19:48:58 | INFO     |     Docked 75 / 392 (active_c2)
2026-07-27 19:49:50 | INFO     |     Docked 100 / 392 (active_c2)
2026-07-27 19:50:26 | INFO     |     Docked 125 / 392 (active_c2)
2026-07-27 19:51:17 | INFO     |     Docked 150 / 392 (active_c2)
2026-07-27 19:52:23 | INFO     |     Docked 175 / 392 (active_c2)
2026-07-27 19:53:20 | INFO     |     Docked 200 / 392 (active_c2)
2026-07-27 19:53:46 | INFO     |     Docked 225 / 392 (active_c2)
2026-07-27 19:54:48 | INFO     |     Docked 250 / 392 (active_c2)
2026-07-27 19:55:36 | INFO     |     Docked 275 / 392 (active_c2)
2026-07-27 19:56:29 | INFO     |     Docked 300 / 392 (active_c2)
2026-07-27 19:58:00 | INFO     |     Docked 325 / 392 (active_c2)
2026-07-27 19:59:14 | INFO     |     Docked 350 / 392 (active_c2)
2026-07-27 20:00:16 | INFO     |     Docked 375 / 392 (active_c2)
2026-07-27 20:00:41 | INFO     |   Active-site docking complete: 392/392 scored.
2026-07-27 20:02:13 | INFO     |   Pharmacophore pre-filter removed 0 surface-binder compounds.
2026-07-27 20:02:13 | INFO     |   Docking all 392 compounds against PBP2a allosteric site (3 conformers)…
2026-07-27 20:03:07 | INFO     |     Docked 25 / 392 (allosteric_c0)
2026-07-27 20:03:53 | INFO     |     Docked 50 / 392 (allosteric_c0)
2026-07-27 20:04:47 | INFO     |     Docked 75 / 392 (allosteric_c0)
2026-07-27 20:05:47 | INFO     |     Docked 100 / 392 (allosteric_c0)
2026-07-27 20:06:31 | INFO     |     Docked 125 / 392 (allosteric_c0)
2026-07-27 20:07:31 | INFO     |     Docked 150 / 392 (allosteric_c0)
2026-07-27 20:08:49 | INFO     |     Docked 175 / 392 (allosteric_c0)
2026-07-27 20:10:05 | INFO     |     Docked 200 / 392 (allosteric_c0)
2026-07-27 20:10:41 | INFO     |     Docked 225 / 392 (allosteric_c0)
2026-07-27 20:12:11 | INFO     |     Docked 250 / 392 (allosteric_c0)
2026-07-27 20:13:12 | INFO     |     Docked 275 / 392 (allosteric_c0)
2026-07-27 20:14:21 | INFO     |     Docked 300 / 392 (allosteric_c0)
2026-07-27 20:15:44 | INFO     |     Docked 325 / 392 (allosteric_c0)
2026-07-27 20:16:54 | INFO     |     Docked 350 / 392 (allosteric_c0)
2026-07-27 20:17:55 | INFO     |     Docked 375 / 392 (allosteric_c0)
2026-07-27 20:19:13 | INFO     |     Docked 25 / 392 (allosteric_c1)
2026-07-27 20:19:55 | INFO     |     Docked 50 / 392 (allosteric_c1)
2026-07-27 20:20:48 | INFO     |     Docked 75 / 392 (allosteric_c1)
2026-07-27 20:21:43 | INFO     |     Docked 100 / 392 (allosteric_c1)
2026-07-27 20:22:27 | INFO     |     Docked 125 / 392 (allosteric_c1)
2026-07-27 20:23:28 | INFO     |     Docked 150 / 392 (allosteric_c1)
2026-07-27 20:24:41 | INFO     |     Docked 175 / 392 (allosteric_c1)
2026-07-27 20:25:52 | INFO     |     Docked 200 / 392 (allosteric_c1)
2026-07-27 20:26:28 | INFO     |     Docked 225 / 392 (allosteric_c1)
2026-07-27 20:27:28 | INFO     |     Docked 250 / 392 (allosteric_c1)
2026-07-27 20:28:30 | INFO     |     Docked 275 / 392 (allosteric_c1)
2026-07-27 20:29:32 | INFO     |     Docked 300 / 392 (allosteric_c1)
2026-07-27 20:31:03 | INFO     |     Docked 325 / 392 (allosteric_c1)
2026-07-27 20:32:19 | INFO     |     Docked 350 / 392 (allosteric_c1)
2026-07-27 20:33:19 | INFO     |     Docked 375 / 392 (allosteric_c1)
2026-07-27 20:34:42 | INFO     |     Docked 25 / 392 (allosteric_c2)
2026-07-27 20:35:23 | INFO     |     Docked 50 / 392 (allosteric_c2)
2026-07-27 20:36:15 | INFO     |     Docked 75 / 392 (allosteric_c2)
2026-07-27 20:37:11 | INFO     |     Docked 100 / 392 (allosteric_c2)
2026-07-27 20:37:54 | INFO     |     Docked 125 / 392 (allosteric_c2)
2026-07-27 20:38:57 | INFO     |     Docked 150 / 392 (allosteric_c2)
2026-07-27 20:40:09 | INFO     |     Docked 175 / 392 (allosteric_c2)
2026-07-27 20:41:24 | INFO     |     Docked 200 / 392 (allosteric_c2)
2026-07-27 20:42:00 | INFO     |     Docked 225 / 392 (allosteric_c2)
2026-07-27 20:43:03 | INFO     |     Docked 250 / 392 (allosteric_c2)
2026-07-27 20:44:03 | INFO     |     Docked 275 / 392 (allosteric_c2)
2026-07-27 20:45:07 | INFO     |     Docked 300 / 392 (allosteric_c2)
2026-07-27 20:46:37 | INFO     |     Docked 325 / 392 (allosteric_c2)
2026-07-27 20:47:54 | INFO     |     Docked 350 / 392 (allosteric_c2)
2026-07-27 20:48:56 | INFO     |     Docked 375 / 392 (allosteric_c2)
2026-07-27 20:49:30 | INFO     |   Allosteric-site docking complete: 392/392 scored.
2026-07-27 20:49:30 | INFO     |   Top 30 candidates by best energy.
2026-07-27 20:49:30 | INFO     |     1. BRICS_0006: -10.62 kcal/mol (active: -10.62)
2026-07-27 20:49:30 | INFO     |     2. BRICS_0022: -10.52 kcal/mol (active: -10.52)
2026-07-27 20:49:30 | INFO     |     3. BRICS_01163: -10.24 kcal/mol (active: -10.24)
2026-07-27 20:49:30 | INFO     |     4. BRICS_0340: -10.10 kcal/mol (active: -10.10)
2026-07-27 20:49:30 | INFO     |     5. BRICS_0004: -10.09 kcal/mol (active: -10.09)
2026-07-27 20:49:30 | INFO     |     6. ALL_QU04: -10.07 kcal/mol (active: -10.07)
2026-07-27 20:49:30 | INFO     |     7. ALL_QU04: -10.07 kcal/mol (active: -10.07)
2026-07-27 20:49:30 | INFO     |     8. BRICS_01154: -10.07 kcal/mol (active: -10.07)
2026-07-27 20:49:30 | INFO     |     9. ALL_QU09: -9.96 kcal/mol (active: -9.96)
2026-07-27 20:49:30 | INFO     |     10. ALL_QU09: -9.96 kcal/mol (active: -9.96)
2026-07-27 20:49:30 | INFO     | ─── Phase 3 complete ───
2026-07-27 20:49:30 | INFO     | ─── Phase 4: Selectivity & Resistance Analysis ───
2026-07-27 20:49:30 | INFO     |   Docking top 10 vs Human Trypsin (1UTN)…
2026-07-27 20:50:58 | INFO     |     Docked 25 / 30 (trypsin)
2026-07-27 20:51:05 | INFO     |   Docking top 10 vs Human Carboxylesterase 1 (1YAH)…
2026-07-27 20:52:43 | INFO     |     Docked 25 / 30 (ces1)
2026-07-27 20:52:51 | INFO     |   Docking top 10 vs Human CYP3A4 (1TQN)…
2026-07-27 20:54:16 | INFO     |     Docked 25 / 30 (cyp3a4)
2026-07-27 20:54:25 | INFO     |   BRICS_0022: mechanism-restricted SI = 2.13 (pass).
2026-07-27 20:54:25 | INFO     |   BRICS_01163: mechanism-restricted SI = 2.43 (pass).
2026-07-27 20:54:25 | INFO     |   BRICS_0340: mechanism-restricted SI = 1.91 (pass).
2026-07-27 20:54:25 | INFO     |   ALL_QU04: mechanism-restricted SI = 2.07 (pass).
2026-07-27 20:54:25 | WARNING  |   BRICS_01154: Low mechanism-restricted selectivity (SI = 1.34 < 1.5). Flagged for off-target risk.
2026-07-27 20:54:25 | INFO     |   ALL_SU08: mechanism-restricted SI = 1.91 (pass).
2026-07-27 20:54:25 | INFO     |   ALL_SU14: mechanism-restricted SI = 1.82 (pass).
2026-07-27 20:54:25 | INFO     |   ALL_QU05: mechanism-restricted SI = 2.58 (pass).
2026-07-27 20:54:25 | INFO     |   ALL_TE07: mechanism-restricted SI = 1.65 (pass).
2026-07-27 20:54:25 | INFO     |   SEED_01150: mechanism-restricted SI = 2.00 (pass).
2026-07-27 20:54:25 | WARNING  |   DIV_0277: Low mechanism-restricted selectivity (SI = 1.32 < 1.5). Flagged for off-target risk.
2026-07-27 20:54:25 | INFO     |   ALL_SP03: mechanism-restricted SI = 1.93 (pass).
2026-07-27 20:54:25 | INFO     |   ALL_SU03: mechanism-restricted SI = 1.63 (pass).
2026-07-27 20:54:31 | INFO     | ─── Phase 4 complete ───
2026-07-27 20:54:35 | INFO     |   MM-GBSA rescoring: 26/30 candidates scored.
2026-07-27 20:54:35 | INFO     |   Final Top-10 ranked by PBP2a best energy (catalytic-engagement tiebreak).
2026-07-27 20:54:35 | INFO     |   Diversified final set: 9 diverse + 21 filler = 30 candidate(s).
2026-07-27 20:54:35 | INFO     |   Final report: 11 candidate(s) at SI >= 1.5, deduplicated to 26 total.
2026-07-27 20:54:35 | INFO     | ─── Phase 5: Reporting ───
2026-07-27 20:54:35 | INFO     |   CSV report saved: output/top_candidates.csv
2026-07-27 20:54:35 | INFO     |   JSON candidates saved: output/top_candidates.json
2026-07-27 20:54:35 | INFO     |   Image saved: output/top1_ALL_QU05.png
2026-07-27 20:54:35 | INFO     |   Image saved: output/top2_BRICS_01163.png
2026-07-27 20:54:35 | INFO     |   Image saved: output/top3_BRICS_0022.png
2026-07-27 20:54:36 | INFO     |   Interaction diagram saved: output/figures/interaction_ALL_QU05.png
2026-07-27 20:54:36 | INFO     |   Interaction diagram saved: output/figures/interaction_BRICS_01163.png
2026-07-27 20:54:36 | INFO     |   Interaction diagram saved: output/figures/interaction_BRICS_0022.png
2026-07-27 20:54:36 | INFO     | Interaction diagrams saved to output/figures/
2026-07-27 20:54:36 | INFO     |   PyMOL script saved: output/visualization.pml (3 ligand pose(s) loaded).
2026-07-27 20:54:36 | INFO     |   Filter funnel saved: output/filter_funnel.json
2026-07-27 20:54:36 | INFO     |   ROC curve saved: output/figures/roc_curve.png
2026-07-27 20:54:36 | INFO     |   Energy distribution saved: output/figures/energy_distribution.png
2026-07-27 20:54:36 | INFO     |   SI scatter plot saved: output/figures/si_scatter.png
2026-07-27 20:54:36 | INFO     |   Filter funnel saved: output/figures/filter_funnel.png
2026-07-27 20:54:36 | INFO     |   Binding diagram saved: output/figures/top3_binding_1_ALL_QU05.png
2026-07-27 20:54:36 | INFO     |   Binding diagram saved: output/figures/top3_binding_2_BRICS_01163.png
2026-07-27 20:54:36 | INFO     |   Binding diagram saved: output/figures/top3_binding_3_BRICS_0022.png
2026-07-27 20:54:36 | INFO     |   All figures saved to output/figures
2026-07-27 20:54:36 | INFO     | ============================================================
2026-07-27 20:54:36 | INFO     |   PIPELINE SUMMARY
2026-07-27 20:54:36 | INFO     | ============================================================
2026-07-27 20:54:36 | INFO     |   Total compounds generated:     3116
2026-07-27 20:54:36 | INFO     |   After filtering:               392
2026-07-27 20:54:36 | INFO     |   Top candidates reported:       26
2026-07-27 20:54:36 | INFO     |   Successfully docked:           26
2026-07-27 20:54:36 | INFO     |   Selectivity pass (SI >= 2.0):  11
2026-07-27 20:54:36 | INFO     |   Docking engine:                Vina
2026-07-27 20:54:36 | INFO     |   Redocking RMSD:                1.937 Å
2026-07-27 20:54:36 | INFO     |   Redocking validated:           True
2026-07-27 20:54:36 | INFO     |   Protocol validation: RMSD 1.937 Å (Validated)
2026-07-27 20:54:36 | INFO     |   CSV report:                    output/top_candidates.csv
2026-07-27 20:54:36 | INFO     |   Open output/visualization.pml in PyMOL to inspect binding poses.
2026-07-27 20:54:36 | INFO     | ============================================================
2026-07-27 20:54:36 | INFO     | Pipeline complete. Exiting.
