compound_id,smiles
CHEMBL_POOL_00000,Brc1ccc2[nH]c3c(c2c1)CCN=C3
CHEMBL_POOL_00001,Brc1ccc2[nH]c3c(c2c1)CCNC3
CHEMBL_POOL_00002,Brc1ccc2c3c([nH]c2c1)C=NCC3
CHEMBL_POOL_00003,Brc1ccc2c3c([nH]c2c1)CNCC3
CHEMBL_POOL_00004,Brc1ccc2nc(N3CCNCC3)cnc2c1
CHEMBL_POOL_00005,Brc1cccc2[nH]c3c(c12)CCN=C3
CHEMBL_POOL_00006,Brc1cccc2[nH]c3c(c12)CCNC3
CHEMBL_POOL_00007,Brc1cccc2c3c([nH]c12)C=NCC3
CHEMBL_POOL_00008,Brc1cccc2c3c([nH]c12)CNCC3
CHEMBL_POOL_00009,C#C/C=C1\CCC(c2cccc3ccccc23)C(=O)O1
CHEMBL_POOL_00010,C#CCN(Cc1cc2c(O)nc(C)nc2cc1C)c1ccc(C(=O)NCc2cccc(C#N)c2)c(F)c1
CHEMBL_POOL_00011,C#CCN(Cc1cc2c(O)nc(C)nc2cc1C)c1ccc(C(=O)NCc2cccc([N+](=O)[O-])c2)c(F)c1
CHEMBL_POOL_00012,C#CCN(Cc1cc2c(O)nc(C)nc2cc1C)c1ccc(C(=O)NCc2ccccn2)c(F)c1
CHEMBL_POOL_00013,C#CCN(Cc1cc2c(O)nc(C)nc2cc1C)c1ccc(C(=O)NCc2cncs2)c(F)c1
CHEMBL_POOL_00014,C#CCN(Cc1cc2c(O)nc(C)nc2cc1C)c1ccc(C(=O)NCc2nccs2)c(F)c1
CHEMBL_POOL_00015,C#CCN(Cc1cc2c(O)nc(C)nc2cc1C)c1ccc(C(=O)N[C@@H](C(=O)O)C(C)(C)C)c(F)c1
CHEMBL_POOL_00016,C#CCN(Cc1cc2c(O)nc(C)nc2cc1C)c1ccc(C(=O)N[C@@H](C(=O)O)C(C)C)c(F)c1
CHEMBL_POOL_00017,C#CCN(Cc1cc2c(O)nc(C)nc2cc1C)c1ccc(C(=O)N[C@@H](C(=O)O)c2cccc([N+](=O)[O-])c2)c(F)c1
CHEMBL_POOL_00018,C#CCN(Cc1cc2c(O)nc(C)nc2cc1C)c1ccc(C(=O)N[C@H](CCC(=O)O)C(=O)O)c(F)c1
CHEMBL_POOL_00019,C#CCN(Cc1ccc2nc(C)nc(O)c2c1)c1ccc(C(=O)NC)cc1
CHEMBL_POOL_00020,C#CCN(Cc1ccc2nc(C)nc(O)c2c1)c1ccc(C(=O)NCC(=O)O)cc1
CHEMBL_POOL_00021,C#CCN(Cc1ccc2nc(C)nc(O)c2c1)c1ccc(C(=O)NCC)cc1
CHEMBL_POOL_00022,C#CCN(Cc1ccc2nc(C)nc(O)c2c1)c1ccc(C(=O)NCCC)cc1
CHEMBL_POOL_00023,C#CCN(Cc1ccc2nc(C)nc(O)c2c1)c1ccc(C(=O)NCc2ccc(Cl)cc2)cc1
CHEMBL_POOL_00024,C#CCN(Cc1ccc2nc(C)nc(O)c2c1)c1ccc(C(=O)NCc2ccc([N+](=O)[O-])cc2)cc1
CHEMBL_POOL_00025,C#CCN(Cc1ccc2nc(C)nc(O)c2c1)c1ccc(C(=O)NCc2cccc(C#N)c2)cc1
CHEMBL_POOL_00026,C#CCN(Cc1ccc2nc(C)nc(O)c2c1)c1ccc(C(=O)NCc2cccc(C(=O)O)c2)cc1
CHEMBL_POOL_00027,C#CCN(Cc1ccc2nc(C)nc(O)c2c1)c1ccc(C(=O)NCc2cccc([N+](=O)[O-])c2)cc1
CHEMBL_POOL_00028,C#CCN(Cc1ccc2nc(C)nc(O)c2c1)c1ccc(C(=O)NCc2ccccc2)cc1
CHEMBL_POOL_00029,C#CCN(Cc1ccc2nc(C)nc(O)c2c1)c1ccc(C(=O)NCc2ccccc2[N+](=O)[O-])cc1
CHEMBL_POOL_00030,C#CCN(Cc1ccc2nc(C)nc(O)c2c1)c1ccc(C(=O)NCc2ccccn2)cc1
CHEMBL_POOL_00031,C#CCN(Cc1ccc2nc(C)nc(O)c2c1)c1ccc(C(=O)NCc2ccco2)cc1
CHEMBL_POOL_00032,C#CCN(Cc1ccc2nc(C)nc(O)c2c1)c1ccc(C(=O)NCc2ccoc2)cc1
CHEMBL_POOL_00033,C#CCN(Cc1ccc2nc(C)nc(O)c2c1)c1ccc(C(=O)NCc2ccsc2)cc1
CHEMBL_POOL_00034,C#CCN(Cc1ccc2nc(C)nc(O)c2c1)c1ccc(C(=O)NCc2cncs2)cc1
CHEMBL_POOL_00035,C#CCN(Cc1ccc2nc(C)nc(O)c2c1)c1ccc(C(=O)NCc2cscn2)cc1
CHEMBL_POOL_00036,C#CCN(Cc1ccc2nc(C)nc(O)c2c1)c1ccc(C(=O)NCc2nc(C)cs2)cc1
CHEMBL_POOL_00037,C#CCN(Cc1ccc2nc(C)nc(O)c2c1)c1ccc(C(=O)NCc2nccs2)cc1
CHEMBL_POOL_00038,C#CCN(Cc1ccc2nc(C)nc(O)c2c1)c1ccc(C(=O)N[C@@H](C(=O)O)C(C)(C)C)cc1
CHEMBL_POOL_00039,C#CCN(Cc1ccc2nc(C)nc(O)c2c1)c1ccc(C(=O)N[C@@H](C(=O)O)C(C)C)cc1
CHEMBL_POOL_00040,C#CCN(Cc1ccc2nc(C)nc(O)c2c1)c1ccc(C(=O)N[C@@H](C(=O)O)c2ccc(F)cc2)cc1
CHEMBL_POOL_00041,C#CCN(Cc1ccc2nc(C)nc(O)c2c1)c1ccc(C(=O)N[C@@H](C(=O)O)c2cccc(O)c2)cc1
CHEMBL_POOL_00042,C#CCN(Cc1ccc2nc(C)nc(O)c2c1)c1ccc(C(=O)N[C@@H](C(=O)O)c2cccc([N+](=O)[O-])c2)cc1
CHEMBL_POOL_00043,C#CCN(Cc1ccc2nc(C)nc(O)c2c1)c1ccc(C(=O)N[C@@H](C(=O)O)c2ccccc2)cc1
CHEMBL_POOL_00044,C#CCN(Cc1ccc2nc(C)nc(O)c2c1)c1ccc(C(=O)N[C@@H](CCC(=O)O)C(=O)N(C)CC(=O)O)cc1
CHEMBL_POOL_00045,C#CCN(Cc1ccc2nc(C)nc(O)c2c1)c1ccc(C(=O)N[C@H](C)C(=O)O)cc1
CHEMBL_POOL_00046,C#CCN(Cc1ccc2nc(C)nc(O)c2c1)c1ccc(C(=O)N[C@H](CCC(=O)O)C(=O)O)cc1
CHEMBL_POOL_00047,C#CCN(Cc1ccc2nc(C)nc(O)c2c1)c1ccc(C(=O)N[C@H](CCC(N)=O)C(=O)O)cc1
CHEMBL_POOL_00048,C#CCN(Cc1ccc2nc(C)nc(O)c2c1)c1ccc(C(=O)N[C@H](CCC)C(=O)O)cc1
CHEMBL_POOL_00049,C#CCN(Cc1ccc2nc(C)nc(O)c2c1)c1ccc(C(=O)N[C@H](Cc2ccc([N+](=O)[O-])cc2)C(=O)O)cc1
CHEMBL_POOL_00050,C#CCN(Cc1ccc2nc(C)nc(O)c2c1)c1ccc(C(=O)N[C@H](Cc2ccccc2)C(=O)O)cc1
CHEMBL_POOL_00051,C#CCN(Cc1ccc2nc(C)nc(O)c2c1)c1ccc(C(=O)Nc2ccccc2)cc1
CHEMBL_POOL_00052,C#CCNC(=O)Cn1c2cc(OC)ccc2c2cc[n+]3nc(CC)c(CC)cc3c21
CHEMBL_POOL_00053,C#CCNc1cccc(-c2ccc(N3CC(CNC(C)=O)OC3=O)cc2)cc1=O
CHEMBL_POOL_00054,C/C(=C(/C)c1ccc(O)cc1)c1ccc(O)cc1
CHEMBL_POOL_00055,C/C(=C\Cn1oc(=O)[nH]c1=O)c1ccc(OCCc2nc(-c3ccc(C(F)(F)F)cc3)oc2C)cc1
CHEMBL_POOL_00056,C/C(=C\Cn1oc(=O)[nH]c1=O)c1ccc(OCc2nc(-c3ccc(C(F)(F)F)cc3)oc2C)cc1
CHEMBL_POOL_00057,C/C(=C\Cn1oc(=O)[nH]c1=O)c1cccc(OCc2nc(-c3ccc(C(F)(F)F)cc3)oc2C)c1
CHEMBL_POOL_00058,C/C(=C\Cn1sc(=O)[nH]c1=O)c1cccc(OCc2nc(-c3ccc(C(F)(F)F)cc3)oc2C)c1
CHEMBL_POOL_00059,C/C(=N\C1CCCCC1)NC12CC3CC(CC(C3)C1)C2
CHEMBL_POOL_00060,C/C(=N\N=C(\N)S)c1ccc(Cl)c(Cl)c1
CHEMBL_POOL_00061,C/C(=N\NC(N)=O)c1cccc(Cl)c1
CHEMBL_POOL_00062,C/C(=N\O)c1cc2c(Sc3ccc(C)cc3)cncc2s1
CHEMBL_POOL_00063,C/C(C#Cc1ccc(F)cc1)=C/CO/N=C1/CN2CCC1C2
CHEMBL_POOL_00064,C/C(C#Cc1ccccc1)=C/CO/N=C1/CN2CCC1C2
CHEMBL_POOL_00065,C/C=C(/C)C(=O)O[C@@]12C[C@@H](C)[C@]3(O)C4C=C(C)C(=O)[C@@]4(O)CC(CO)=C[C@H]3[C@@H]1C2(C)C
CHEMBL_POOL_00066,C/C=C(/C)C(=O)O[C@@]12C[C@@H](C)[C@]3(O)C4C=C(C)C(=O)[C@@]4(O)CC(COC(C)=O)=C[C@H]3[C@@H]1C2(C)C
CHEMBL_POOL_00067,C/C=C/C=C/C(=O)N1CCN(c2nc(N)c3cc(OC)c(OC)cc3n2)CC1
CHEMBL_POOL_00068,C/C=C/C=C/C=C/C(=O)O[C@@H]1C=C2COC(O)[C@]2(O)[C@@]2(C)CCCC(C)(C)C12
CHEMBL_POOL_00069,C/N=C(/NC#N)NC1c2cc(C#N)ccc2OC(C)(C)[C@H]1O
CHEMBL_POOL_00070,C/N=C(/NC#N)NC1c2cnccc2OC(C)(C)[C@H]1O
CHEMBL_POOL_00071,C/N=C(/NC(C)=O)NC1c2cc(C#N)ccc2OC(C)(C)[C@H]1O
CHEMBL_POOL_00072,C/N=C(/NC(N)=O)NC1c2cc(C#N)ccc2OC(C)(C)[C@H]1O
CHEMBL_POOL_00073,C/N=C(\NC1c2cc(C#N)ccc2OC(C)(C)[C@H]1O)NS(N)(=O)=O
CHEMBL_POOL_00074,C/N=c1\ccc(-c2ccc(N3CC(CNC(C)=O)OC3=O)cc2)ccc1O
CHEMBL_POOL_00075,C1=C(c2ccccc2)CCNC1
CHEMBL_POOL_00076,C1=C\c2ccc(cc2)C[n+]2ccc(c3ccccc32)NCCCCCCCCCCNc2cc[n+](c3ccccc23)Cc2ccc/1cc2
CHEMBL_POOL_00077,C1=NCCc2c1[nH]c1ccccc21
CHEMBL_POOL_00078,C=C(C)CN1Cc2cccc3[nH]c(=O)n(c23)C(C(C)C)C1
CHEMBL_POOL_00079,C=C(C)CN1Cc2cccc3[nH]c(=O)n(c23)C(C)C1
CHEMBL_POOL_00080,C=C(C)[C@]12C[C@@H](C)[C@@]34OC(Cc5ccccc5)(O[C@@H]1C3C=C(CO)C[C@]1(O)C(=O)C(C)=CC41)O2
CHEMBL_POOL_00081,C=C(C=O)C[C@H]1C[C@H](O)[C@]2(C)O[C@@H]3C[C@@H]4O[C@@H]5C[C@]6(C)O[C@]7(C)CC[C@@H]8O[C@@H]9C[C@]%10(C)O[C@@H]%11C(C)=CC(=O)O[C@H]%11C[C@H]%10O[C@H]9C[C@@H](C)[C@H]8O[C@H]7C[C@H]6O[C@@]5(C)C/C=C\[C@H]4O[C@H]3C[C@H]2O1
CHEMBL_POOL_00082,C=C1[C@@H](OC(=O)/C=C/c2ccccc2)CC[C@@]2(C)[C@@H](O)[C@H](O)C3=C(C)C(=O)C[C@@H]([C@@H](OC(C)=O)[C@H]12)C3(C)C
CHEMBL_POOL_00083,C=CC(=O)Nc1ccc(-c2nc3n(Cc4c(F)cccc4F)cc(C(=O)OCC)c(=O)n3c2CN(C)Cc2ccccc2)cc1
CHEMBL_POOL_00084,C=CCC1(CN2CCCC2)CCCCN1C(=O)Cc1ccc(Cl)c(Cl)c1
CHEMBL_POOL_00085,C=CCNc1ccc(-c2ccc(N3CC(CNC(C)=O)OC3=O)cc2)ccc1=O
CHEMBL_POOL_00086,C=CCNc1cccc(-c2ccc(N3CC(CNC(C)=O)OC3=O)cc2)cc1=O
CHEMBL_POOL_00087,C=CCOc1ccc(-c2ccc(N3CC(CNC(C)=O)OC3=O)cc2)ccc1=O
CHEMBL_POOL_00088,C=CC[C@@H]1/C=C(\C)C[C@H](C)C[C@H](OC)[C@H]2O[C@@](O)(C(=O)C(=O)N3CCCC[C@H]3C(=O)O[C@H](/C(C)=C/[C@@H]3CC[C@@H](O)[C@H](OC)C3)[C@H](C)[C@@H](O)CC1=O)[C@H](C)C[C@@H]2OC
CHEMBL_POOL_00089,C=CCc1ccccc1OCC(O)CNC(C)C
CHEMBL_POOL_00090,C=Cn1cc(C(=O)O)c(=O)c2cc(F)c(N3CCC(CNCC)C3)c(F)c21
CHEMBL_POOL_00091,CC(/C=C/C(F)=C(/C)c1cc(C(C)(C)C)cc(C(C)(C)C)c1OCC(F)F)=C\C(=O)O
CHEMBL_POOL_00092,CC(=C(C#N)C#N)c1ccc(NC(=O)CCC(=O)O)cc1
CHEMBL_POOL_00093,CC(=N)NCCCC[C@H](N)C(=O)O
CHEMBL_POOL_00094,CC(=O)/C=C/CC1C(=O)N2[C@@H](C(=O)O)C(C)(C)S(=O)(=O)[C@@H]12
CHEMBL_POOL_00095,CC(=O)/C=C/CC1C(=O)N2[C@@H](C(=O)O)C(C)(C)S(=O)(=O)[C@H]12
CHEMBL_POOL_00096,CC(=O)/N=c1/sc(S(N)(=O)=O)nn1C
CHEMBL_POOL_00097,CC(=O)N1CCN(c2cnc3cc(Cl)ccc3n2)CC1
CHEMBL_POOL_00098,CC(=O)NCC1CN(c2ccc(-c3ccc(N4CCOCC4)c(=O)cc3)cc2)C(=O)O1
CHEMBL_POOL_00099,CC(=O)NC[C@H]1CN(c2ccc(C(C)=O)cc2)C(=O)O1
CHEMBL_POOL_00100,CC(=O)Nc1c(C(C)C)cc(CN2CCOCC2)cc1C(C)C
CHEMBL_POOL_00101,CC(=O)Nc1ccc(OCCCNC(C)C)cc1
CHEMBL_POOL_00102,CC(=O)Nc1nnc(S(N)(=O)=O)s1
CHEMBL_POOL_00103,CC(=O)OC1C(C)C2/C=C/OC3(C)Oc4c(C)c(O)c5c(O)c(c(N6CCN(Cc7c(C)cc(C)cc7C)CC6)c(O)c5c4C3=O)NC(=O)/C(C)=C\C=C\C(C)C(O)C(C)C(O2)C1C
CHEMBL_POOL_00104,CC(=O)OC1CC2(O)C3CCC4CC(OC=O)CCC4(C)C3CCC2(C)[C@H]1C1=CC(=O)OC1
CHEMBL_POOL_00105,CC(=O)OC1CCC2(C)C(CCC3C2CCC2(C)[C@H](C4=CC(=O)OC4)C(=O)CC32O)C1
CHEMBL_POOL_00106,CC(=O)OCC1=C[C@H]2[C@@H]3C(C)(C)[C@]3(OC(=O)Cc3ccccc3)C[C@@H](C)[C@]2(O)C2C=C(C)C(=O)[C@@]2(O)C1
CHEMBL_POOL_00107,CC(=O)O[C@@H]1CC(=O)N1C(=O)NC(C)C
CHEMBL_POOL_00108,CC(=O)[C@H]1CCCN1C(=O)c1cccc(C(=O)N2CCC[C@H]2C(=O)N2CCC[C@@H]2C(=O)CO)c1
CHEMBL_POOL_00109,CC(=O)c1cc2c(Sc3ccc(C)cc3)cncc2s1
CHEMBL_POOL_00110,CC(=O)c1ccc(-n2ncc(=O)[nH]c2=O)cc1
CHEMBL_POOL_00111,CC(=O)c1ccc(-n2ncc(=O)[nH]c2=O)cc1Cl
CHEMBL_POOL_00112,CC(=O)c1ccc(N2C(N)=NC(N)=NC2(C)C)cc1
CHEMBL_POOL_00113,CC(C)(C)/N=C(/NC#N)NC1c2cc(C#N)ccc2OC(C)(C)[C@H]1O
CHEMBL_POOL_00114,CC(C)(C)C(=O)C(=O)N1CCCCC1C(=O)OCCCc1cccnc1
CHEMBL_POOL_00115,CC(C)(C)C(=O)C(=O)N1CCC[C@H]1C(=O)OCCCc1cccnc1
CHEMBL_POOL_00116,CC(C)(C)NCC(O)CON=C1c2ccccc2-c2ccccc21
CHEMBL_POOL_00117,CC(C)(C)NC[C@H](O)CON=C1c2ccccc2-c2ccccc21
CHEMBL_POOL_00118,CC(C)(C)O/N=C1/C[C@H](C(=O)NO)N(S(=O)(=O)c2ccc(Oc3ccncc3)cc2)C1
CHEMBL_POOL_00119,CC(C)(C)c1ccc(Cn2c(=N)n(CC(=O)c3cc(C(C)(C)C)c(O)c(C(C)(C)C)c3)c3ccccc32)cc1
CHEMBL_POOL_00120,CC(C)(C)c1ccc(N2C(N)=NC(N)=NC2(C)C)cc1
CHEMBL_POOL_00121,CC(C)(F)CC[C@H](C[C@H](O)[C@H](Cc1ccccc1)NC(=O)c1cnc2ccccc2n1)C(N)=O
CHEMBL_POOL_00122,CC(C)(O)CCC(C[C@H](O)[C@H](Cc1ccccc1F)NC(=O)c1cnc2ccccc2n1)C(N)=O
CHEMBL_POOL_00123,CC(C)(O)CC[C@H](C[C@H](O)[C@H](Cc1ccccc1)NC(=O)c1cnc2ccccc2n1)C(N)=O
CHEMBL_POOL_00124,CC(C)=CCC/C(C)=C/CC/C(C)=C/CC(CCC(=O)N[C@H](C(=O)N[C@@H](CC(C)C)C(=O)N[C@@H](CO)C(=O)O)C(C)C)C(=O)O
CHEMBL_POOL_00125,CC(C)=CCC/C(C)=C/CC/C(C)=C/CC(CCCCC(=O)N[C@H](C(=O)N[C@@H](CC(C)C)C(=O)N[C@@H](CO)C(=O)O)C(C)C)C(=O)O
CHEMBL_POOL_00126,CC(C)=CCC/C(C)=C/CC/C(C)=C/CCP(=O)(O)OP(=O)(O)O
CHEMBL_POOL_00127,CC(C)C(NC(=O)C[C@@H]1O[C@@H]1[C@H](Cc1ccccc1)NC(=O)[C@H](CC(N)=O)NC(=O)c1ccc2ccccc2n1)C(C)C
CHEMBL_POOL_00128,CC(C)C1=CC(=O)C(=O)c2ccccc21
CHEMBL_POOL_00129,CC(C)C1NC(=O)C2N=C(OC2C)C2CCCN2C(=O)C(Cc2ccccc2)NC(=O)c2csc(n2)C(Cc2ccccc2)NC(=O)C2CSC1=N2
CHEMBL_POOL_00130,CC(C)CC(=O)C(=O)N1CCCCC1C(=O)OCCCc1cccnc1
CHEMBL_POOL_00131,CC(C)CC(=O)C(=O)N1CCCCC1C(=O)OCCS(=O)(=O)c1ccccc1
CHEMBL_POOL_00132,CC(C)CC(=O)C(=O)N1CCC[C@H]1C(=O)OCCCc1cccnc1
CHEMBL_POOL_00133,CC(C)CC(=O)C(=O)N1CCC[C@H]1C(=O)OCCS(=O)(=O)c1ccccc1
CHEMBL_POOL_00134,CC(C)C[C@@H](N=C(N)N)C(=O)NCC(=O)N1CCC(c2cc(-c3ccc(O)c(Cl)c3Cl)nn2C)CC1
CHEMBL_POOL_00135,CC(C)C[C@@H](N=C(N)N)C(=O)NCC(=O)N1CCC(c2cc(-c3ccc(OCc4ccccc4)c(Cl)c3Cl)nn2C)CC1
CHEMBL_POOL_00136,CC(C)C[C@H](NC(=O)CC[C@H](N)C(=O)O)C(=O)N[C@@H](CCC(=O)O)C(=O)O
CHEMBL_POOL_00137,CC(C)C[C@H](NC(=O)CC[C@H](N)C(=O)O)C(=O)N[C@@H](CCCCNCCCCN)C(=O)O
CHEMBL_POOL_00138,CC(C)C[C@H](NC(=O)[C@@H](NC(=O)[C@H](Cc1c[nH]c2ccccc12)NC(=O)[C@@H]1CCCN1C(=O)[C@@H](N)CCCCN)C(C)(C)C)C(=O)O
CHEMBL_POOL_00139,CC(C)C[C@H](NC(=O)[C@@H](NC(=O)[C@H](Cc1c[nH]c2ccccc12)NC(=O)[C@H]1CCCN1C(=O)C(CCCCN)CCCCN)C(C)(C)C)C(=O)O
CHEMBL_POOL_00140,CC(C)C[C@H](NC(=O)[C@@H](NC(=O)[C@H](Cc1c[nH]c2ccccc12)NC(=O)[C@H]1CCCN1C(=O)C(CCCN)CCCN)C(C)(C)C)C(=O)O
CHEMBL_POOL_00141,CC(C)C[C@H](NC(=O)[C@@H](NC(=O)[C@H](Cc1c[nH]c2ccccc12)NC(=O)[C@H]1CCCN1C(=O)C(CCCN=C(N)N)CCCN=C(N)N)C(C)(C)C)C(=O)O
CHEMBL_POOL_00142,CC(C)C[C@H](NC(=O)[C@@H](NC(=O)[C@H](Cc1c[nH]c2ccccc12)NC(=O)[C@H]1CCCN1C(=O)[C@H](CCCCN)NC[C@@H](N)CCCCN)C(C)(C)C)C(=O)O
CHEMBL_POOL_00143,CC(C)C[C@H](NC(=O)[C@@H](NC(=O)[C@H](Cc1c[nH]c2ccccc12)NC(=O)[C@H]1CCCN1C(=O)[C@H](CCCCN)NC[C@@H](N)CCCN=C(N)N)C(C)(C)C)C(=O)O
CHEMBL_POOL_00144,CC(C)C[C@H](NC(=O)[C@@H](NC(=O)[C@H](Cc1ccc(O)cc1)NC(=O)[C@H]1CCCN1C(=O)[C@H](CCCCN)NC[C@@H](N)CCCCN)C(C)(C)C)C(=O)O
CHEMBL_POOL_00145,CC(C)C[C@H](NC(=O)[C@H](C)N)C(=O)N[C@@H](Cc1ccc(O)cc1)C(=O)N[C@@H](C)C(=O)N[C@@H](CO)C(=O)N[C@@H](CCCCN)C(=O)N[C@@H](CC(C)C)C(=O)N[C@@H](CO)C(N)=O
CHEMBL_POOL_00146,CC(C)C[C@H](NC(=O)[C@H](CC(=O)[C@H](Cc1ccc(O)cc1)NC(=O)[C@@H]1CCCN1C(=O)[C@H](CCCNC(=N)N)NC(=O)[C@@H](N)CCCNC(=N)N)Cc1ccccc1)C(=O)O
CHEMBL_POOL_00147,CC(C)C[C@H](NC(=O)[C@H](Cc1ccccc1)NC(=O)CNC(=O)CNC(=O)[C@@H](N)Cc1ccc(O)cc1)C(=O)O
CHEMBL_POOL_00148,CC(C)NCC(O)COc1ccc(CCOCC2CCCC2)cc1
CHEMBL_POOL_00149,CC(C)OC(=O)c1cn2c(n1)sc1ccccc12
CHEMBL_POOL_00150,CC(C)OC(=O)c1ncn2c1CN(C)C(=O)c1cc(Cl)ccc1-2
CHEMBL_POOL_00151,CC(C)Oc1cccc(-n2c(/C=C/c3c[nH]c4ccc(Br)cc34)nc3ccccc3c2=O)c1
CHEMBL_POOL_00152,CC(C)[C@@H]1NC(=O)CNC(=O)[C@H](CO)NC(=O)[C@@H]2CS[C@H]3CC[C@H](NC(=O)[C@@H](O)NC(=O)CNC(=O)[C@@H](C(C)C)NC(=O)[C@H](CC(=O)O)NC(=O)CNC(=O)[C@H](CCCN=C(N)N)NC(=O)[C@@H](C)NC1=O)C(=O)N32
CHEMBL_POOL_00153,CC(C)[C@H](C[C@H](O)[C@H](CC1CCCCC1)NC(=O)[C@H](Cc1c[nH]cn1)NC(=O)[C@H](Cc1ccccc1)NC(=O)OC(C)(C)C)NS(=O)(=O)C(C)C
CHEMBL_POOL_00154,CC(C)[C@H](NC(=O)OCc1ccccc1)C(=O)NC(Cc1ccc(OCc2ccccc2)cc1)C(=O)C(F)(F)C(=O)N[C@@H](C(=O)O)C(C)C
CHEMBL_POOL_00155,CC(C)[C@H](NC(=O)OCc1ccccc1)C(=O)NC(Cc1ccc(OCc2ccccc2)cc1)C(=O)C(F)(F)C(=O)N[C@@H](C(=O)OC(C)(C)C)C(C)C
CHEMBL_POOL_00156,CC(C)[C@H](NC(=O)[C@@H](N)CS)C(=O)N[C@@H](Cc1ccccc1)C(=O)N[C@@H](Cc1ccccc1)C(=O)O
CHEMBL_POOL_00157,CC(C)[C@H](NC(=O)[C@H](CS)NC(=O)[C@@H](NC(=O)[C@H](CCCN=C(N)N)NC(=O)[C@H](CCCCN)NC(=O)CNC(=O)[C@H](CC(N)=O)NC(=O)[C@H](CS)NC(=O)[C@H](Cc1ccc(O)cc1)NC(=O)[C@H](Cc1ccccc1)NC(=O)[C@@H](N)CCCCN)C(C)C)C(=O)N[C@@H](CS)C(=O)N[C@@H](CCCN=C(N)N)C(N)=O
CHEMBL_POOL_00158,CC(C)[C@H](NS(=O)(=O)c1ccc(Cl)cc1)C(=O)N[C@@H](C=O)Cc1c[nH]c2ccccc12
CHEMBL_POOL_00159,CC(C)[C@H]1C(=O)N[C@H](CO)Cc2ccccc2N1C
CHEMBL_POOL_00160,CC(C)c1cc(CN(C)Cc2ccccc2)cc(C(C)C)c1O
CHEMBL_POOL_00161,CC(C)c1cc(CN2CCOCC2)cc(C(C)C)c1
CHEMBL_POOL_00162,CC(C)c1cc(CN2CCOCC2)cc(C(C)C)c1N(C)C
CHEMBL_POOL_00163,CC(C)c1cc(CN2CCOCC2)cc(C(C)C)c1O
CHEMBL_POOL_00164,CC(C)c1ccc2oc(NC(Cc3ccc(Cl)cc3)c3ccccn3)nc2c1
CHEMBL_POOL_00165,CC(C)c1ccc2oc(NC(Cc3cccc(Cl)c3)c3ccccn3)nc2c1
CHEMBL_POOL_00166,CC(C)c1ccc2oc(N[C@H](CN3CCCCC3)c3ccccc3)nc2c1
CHEMBL_POOL_00167,CC(CCc1ccc(F)cc1)NCC(O)COc1ccc(CCOCC2CCC2)cc1
CHEMBL_POOL_00168,CC(CCc1ccccc1)NCC(O)COc1ccc(CCOCC2CCC2)cc1
CHEMBL_POOL_00169,CC(CCc1cccnc1)NC(=O)c1ccc2nc3ccc(C(C)C)cc3c(=O)n2c1
CHEMBL_POOL_00170,CC(CN1CCCCC1)OC(=O)C1CCCCN1C(=O)C(=O)C(C)(C)C
CHEMBL_POOL_00171,CC(CN1CCCCC1)OC(=O)[C@@H]1CCCN1C(=O)C(=O)C(C)(C)C
CHEMBL_POOL_00172,CC(CN1CCCCC1)OC(=O)[C@@H]1CCCN1C(=O)C(=O)c1ccccc1
CHEMBL_POOL_00173,CC(N)Cc1ccc(I)cc1
CHEMBL_POOL_00174,CC(N)Cc1ccc2c(c1)CCC2
CHEMBL_POOL_00175,CC(N)Cc1ccc2c(c1)OCO2
CHEMBL_POOL_00176,CC(N)Cc1ccccc1
CHEMBL_POOL_00177,CC(O)(CS(=O)(=O)c1ccc(F)cc1)C(=O)Nc1ccc(C#N)c(C(F)(F)F)c1
CHEMBL_POOL_00178,CC(O)[C@H](NC(=O)[C@H](Cc1ccc([N+](=O)[O-])cc1)NC(=O)CCCN=C(N)N)C(=O)N[C@H](CO)c1ccccc1
CHEMBL_POOL_00179,CC/C(=C(/CC)c1ccc(O)cc1)c1ccc(O)cc1
CHEMBL_POOL_00180,CC/C(=C(\c1ccc(I)cc1)c1ccc(OCCCCCCCCCCN(C)C)cc1)c1ccccc1
CHEMBL_POOL_00181,CC/C(=C(\c1ccc(I)cc1)c1ccc(OCCCCCCCCCCN2CCCC2)cc1)c1ccccc1
CHEMBL_POOL_00182,CC/C(=C(\c1ccc(I)cc1)c1ccc(OCCCCCCCCCN2CCCC2)cc1)c1ccccc1
CHEMBL_POOL_00183,CC/C(=C(\c1ccc(I)cc1)c1ccc(OCCCCCCCCN(C)C)cc1)c1ccccc1
CHEMBL_POOL_00184,CC/C(=C(\c1ccc(I)cc1)c1ccc(OCCCCCCCCN2CCCC2)cc1)c1ccccc1
CHEMBL_POOL_00185,CC/C(=C(\c1ccc(I)cc1)c1ccc(OCCCCCCCN2CCCC2)cc1)c1ccccc1
CHEMBL_POOL_00186,CC/C(=C(\c1ccc(I)cc1)c1ccc(OCCCCCCN(C)C)cc1)c1ccccc1
CHEMBL_POOL_00187,CC/C(=C(\c1ccc(I)cc1)c1ccc(OCCCCCCN2CCCC2)cc1)c1ccccc1
CHEMBL_POOL_00188,CC/C(=C(\c1ccc(I)cc1)c1ccc(OCCCCCN(C)C)cc1)c1ccccc1
CHEMBL_POOL_00189,CC/C(=C(\c1ccc(I)cc1)c1ccc(OCCCCCN2CCCC2)cc1)c1ccccc1
CHEMBL_POOL_00190,CC/C(=C(\c1ccc(I)cc1)c1ccc(OCCCCN(C)C)cc1)c1ccccc1
CHEMBL_POOL_00191,CC/C(=C(\c1ccc(I)cc1)c1ccc(OCCCCN2CCCC2)cc1)c1ccccc1
CHEMBL_POOL_00192,CC/C(=C(\c1ccc(I)cc1)c1ccc(OCCCN(C)C)cc1)c1ccccc1
CHEMBL_POOL_00193,CC/C(=C(\c1ccc(I)cc1)c1ccc(OCCCN2CCCC2)cc1)c1ccccc1
CHEMBL_POOL_00194,CC/C(=C(\c1ccc(I)cc1)c1ccc(OCCN(C)C)cc1)c1ccccc1
CHEMBL_POOL_00195,CC/C(=C(\c1ccc(I)cc1)c1ccc(OCCN2CCCC2)cc1)c1ccccc1
CHEMBL_POOL_00196,CC/C(=N\N=C(/S)NC)c1cccc(Br)c1
CHEMBL_POOL_00197,CC/C(=N\NC(N)=O)c1cccc(C(F)(F)F)c1
CHEMBL_POOL_00198,CC1(C)C2=CCC3C(CC[C@@]4(C)C3CC[C@@H]4OC3CC3)[C@@]2(C)CC[C@@H]1O
CHEMBL_POOL_00199,CC1(C)CC(C)(C)c2cc(N/C(S)=N/c3ccc(S(N)(=O)=O)cc3)ccc2S1
CHEMBL_POOL_00200,CC1(C)CC(C)(C)c2cc(NC(=S)Nc3ccc([N+](=O)[O-])cc3)ccc2S1
CHEMBL_POOL_00201,CC1(C)CCN=C(N)C1
CHEMBL_POOL_00202,CC1(C)CCc2cc3c(C(F)(F)F)cc(=O)oc3cc2N1
CHEMBL_POOL_00203,CC1(C)N=C(N)N=C(N)N1c1ccc(C(F)(F)F)cc1
CHEMBL_POOL_00204,CC1(C)N=C(N)N=C(N)N1c1cccc(C#N)c1
CHEMBL_POOL_00205,CC1(C)N=C(N)N=C(N)N1c1cccc(OCCCCOc2cccc(C(F)(F)F)c2)c1
CHEMBL_POOL_00206,CC1(C)N=C(N)N=C(N)N1c1cccc(OCCOc2ccccc2)c1
CHEMBL_POOL_00207,CC1(C)N=C(N)N=C(N)N1c1cccc(OCc2ccc(Cl)c(Cl)c2)c1
CHEMBL_POOL_00208,CC1(C)Oc2ccc(C#N)cc2C(/N=C(/N)NC#N)[C@@H]1O
CHEMBL_POOL_00209,CC1(C)Oc2ccc(C#N)cc2C(N2CCCC2=O)[C@@H]1O
CHEMBL_POOL_00210,CC1(C)Oc2ccc3ccc(=O)oc3c2[C@@H](OC(=O)C23CCC(C)(C(=O)O2)C3(C)C)[C@H]1OC(=O)C12CCC(C)(C(=O)O1)C2(C)C
CHEMBL_POOL_00211,CC1(C)[C@H](C(=O)O)N2C(=O)C(C/C=C/C#N)[C@@H]2S1(=O)=O
CHEMBL_POOL_00212,CC1(C)[C@H](C(=O)O)N2C(=O)C(C/C=C/C=O)[C@H]2S1(=O)=O
CHEMBL_POOL_00213,CC1(C)[C@H](C(=O)O)N2C(=O)C[C@H]2S1(=O)=O
CHEMBL_POOL_00214,CC1(C)[C@H](C(=O)O)N2C(=O)[C@@H](Cc3cn(-c4ccc(F)cc4)nn3)[C@H]2S1(=O)=O
CHEMBL_POOL_00215,CC1(C)[C@H](C(=O)O)N2C(=O)[C@@H](Cc3cn(-c4ccc(N)cc4)nn3)[C@H]2S1(=O)=O
CHEMBL_POOL_00216,CC1(C)[C@H](C(=O)O)N2C(=O)[C@@H](Cc3cn(-c4ccc(O)cc4)nn3)[C@H]2S1(=O)=O
CHEMBL_POOL_00217,CC1(C)[C@H](C(=O)O)N2C(=O)[C@@H](Cc3cn(-c4ccccc4)nn3)[C@H]2S1(=O)=O
CHEMBL_POOL_00218,CC1(C)[C@H](C(=O)O)N2C(=O)[C@@H](Cc3cn(CC(N)Cc4ccc(O)cc4)nn3)[C@H]2S1(=O)=O
CHEMBL_POOL_00219,CC1(C)[C@H](C(=O)O)N2C(=O)[C@@H](Cc3cn(CC4CCCN4)nn3)[C@H]2S1(=O)=O
CHEMBL_POOL_00220,CC12CCC(O)CC1CCC1C2CCC2(C)[C@@H](C3=CC(=O)OC3)C(OC=O)CC12O
CHEMBL_POOL_00221,CC12CCC(OC=O)CC1CCC1C2CCC2(C)[C@@H](C3=CC(=O)OC3)C(O)CC12O
CHEMBL_POOL_00222,CC12CCC(OC=O)CC1CCC1C2CCC2(C)[C@@H](C3=CC(=O)OC3)C(OC=O)CC12O
CHEMBL_POOL_00223,CC12CCC3c4ccc(O)cc4CCC3C1CCC2O
CHEMBL_POOL_00224,CC1=C(/C=C/C(C)=C/C=C/C(C)=C/C(=O)Nc2ccc(O)cc2)C(C)(C)CCC1
CHEMBL_POOL_00225,CC1=C(C(=O)O)N2C(=O)[C@@H](NC(=O)C(N)c3ccccc3)[C@H]2SC1
CHEMBL_POOL_00226,CC1=C(C(=O)OC(C)(C)C)N2C(=O)/C(=C\OC(=O)C(C)(C)C)[C@H]2S(=O)(=O)C1
CHEMBL_POOL_00227,CC1=C(C)Cc2c(-c3ccccc3)[nH]c(-c3ccccc3)c2C1
CHEMBL_POOL_00228,CC1=CC(C)(C)Nc2cc3oc(=O)cc(C(F)(F)F)c3cc21
CHEMBL_POOL_00229,CC1=CC(C)(C)Nc2ccc3c(c21)/C(=C/c1ccsc1)Oc1ccc(F)cc1-3
CHEMBL_POOL_00230,CC1=CC2[C@@]3(O)[C@H](C)C[C@]4(OC(=O)CCCCCCC[C@H]5C[C@@H]5C)[C@H]([C@@H]3C(C)=C(CO)C[C@]2(O)C1=O)C4(C)C
CHEMBL_POOL_00231,CC1CC(N)=NC(C)C1
CHEMBL_POOL_00232,CC1CCCC(N)=N1
CHEMBL_POOL_00233,CC1CCNc2cc3oc(=O)cc(C(F)(F)F)c3cc21
CHEMBL_POOL_00234,CC1COc2c(N3CCN(C)CC3)c(F)cc3c(=O)c(C(=O)O)cn1c23
CHEMBL_POOL_00235,CC1Cc2ccccc2N1NC(=O)c1ccc(Cl)c(S(N)(=O)=O)c1
CHEMBL_POOL_00236,CC1OC(O)C(OC2CCC3(C)C(CCC4C3CCC3(C)[C@@H](C5=CC(=O)OC5)C(O)CC43O)C2)C(O)C1O
CHEMBL_POOL_00237,CC1OC(OC2C(O)CC(OC3CCC4(C)C(CCC5C4CCC4(C)[C@@H](C6=CC(=O)OC6)C(O)CC54O)C3)OC2C)CC(O)C1O
CHEMBL_POOL_00238,CC1OC(OC2CCC3(C)C(CCC4C3CCC3(C)[C@@H](C5=CC(=O)OC5)C(O)CC43O)C2)CC(O)C1O
CHEMBL_POOL_00239,CC1OC(OC2CCC3(C)C(CCC4C3CCC3(C)[C@@H](C5=CC(=O)OC5)C(OC=O)CC43O)C2)CC(O)C1O
CHEMBL_POOL_00240,CC1OC(n2cc(F)c(=O)[nH]c2=O)C(O)C1O
CHEMBL_POOL_00241,CC1c2ccccc2CN1NC(=O)c1ccc(Cl)c(S(N)(=O)=O)c1
CHEMBL_POOL_00242,CCC(=O)C1C(CC)CC2CCC1N2C
CHEMBL_POOL_00243,CCC(=O)C1C(c2ccc(C)cc2)CC2CCC1N2C
CHEMBL_POOL_00244,CCC(=O)C1C(c2ccc3ccccc3c2)CC2CCC1N2C
CHEMBL_POOL_00245,CCC(=O)C1C(c2cccc3ccccc23)CC2CCC1N2C
CHEMBL_POOL_00246,CCC(C)(C)C(=O)C(=O)N1CCC[C@H]1C(=O)OCCCc1cccnc1
CHEMBL_POOL_00247,CCC(C)(C)NC(=O)OCC1CN(C(=O)c2cc(OC)c(OC)c(OC)c2)CCN1C(=O)c1cc(OC)c(OC)c(OC)c1
CHEMBL_POOL_00248,CCC(C)(C)c1cc(/C(C)=C(F)\C=C\C(C)=C\C(=O)O)c(OCC(F)F)c(C(C)(C)CC)c1
CHEMBL_POOL_00249,CCC(C)CNC(=O)OCC1CN(C(=O)c2cc(OC)c(OC)c(OC)c2)CCN1C(=O)c1cc(OC)c(OC)c(OC)c1
CHEMBL_POOL_00250,CCC(C)[C@H](NC(=O)[C@@H]1CCCN1[P@@](=O)(OC)[C@@H](Cc1ccccc1)NC(=O)[C@H](CC(N)=O)NC(=O)OC(C)(C)C)C(=O)NCC(C)C
CHEMBL_POOL_00251,CCC(C)[C@H](NC(=O)[C@@H]1CCCN1[P@@](=O)(OC)[C@H](Cc1ccccc1)NC(=O)[C@H](CC(N)=O)NC(=O)OC(C)(C)C)C(=O)NCC(C)C
CHEMBL_POOL_00252,CCC(CC)C(=O)OCC1CN(C(=O)c2cc(OC)c(OC)c(OC)c2)CCN1C(=O)c1cc(OC)c(OC)c(OC)c1
CHEMBL_POOL_00253,CCC(CC)C(=O)OCC1CN(Cc2cc(OC)c(OC)c(OC)c2)CCN1Cc1cc(OC)c(OC)c(OC)c1
CHEMBL_POOL_00254,CCC(CC)NC(=O)OCC1CN(C(=O)c2cc(OC)c(OC)c(OC)c2)CCN1C(=O)c1cc(OC)c(OC)c(OC)c1
CHEMBL_POOL_00255,CCC(Cc1ccc2c(c1)OCO2)NC
CHEMBL_POOL_00256,CCC(N/N=C(/N)S)c1cccc(Br)c1
CHEMBL_POOL_00257,CCC(c1cc(Br)c(O)c(Br)c1)C(CC)c1cc(Br)c(O)c(Br)c1
CHEMBL_POOL_00258,CCC(c1cc(I)c(O)c(I)c1)C(CC)c1cc(I)c(O)c(I)c1
CHEMBL_POOL_00259,CCC(c1ccc(O)c(Br)c1)C(CC)c1cc(Br)c(O)c(Br)c1
CHEMBL_POOL_00260,CCC(c1ccc(O)c(Br)c1)C(CC)c1ccc(O)c(Br)c1
CHEMBL_POOL_00261,CCC(c1ccc(O)c(F)c1)C(CC)c1ccc(O)c(F)c1
CHEMBL_POOL_00262,CCC(c1ccc(O)c(I)c1)C(CC)c1cc(I)c(O)c(I)c1
CHEMBL_POOL_00263,CCC(c1ccc(O)c(I)c1)C(CC)c1ccc(O)c(I)c1
CHEMBL_POOL_00264,CCC(c1ccc(O)cc1)C(CC)c1cc(I)c(O)c(I)c1
CHEMBL_POOL_00265,CCC(c1ccc(O)cc1)C(CC)c1ccc(O)c(Br)c1
CHEMBL_POOL_00266,CCC(c1ccc(O)cc1)C(CC)c1ccc(O)c(F)c1
CHEMBL_POOL_00267,CCC(c1ccc(O)cc1)C(CC)c1ccc(O)c(I)c1
CHEMBL_POOL_00268,CCC(c1ccc(O)cc1)C(CC)c1ccc(O)cc1
CHEMBL_POOL_00269,CCC(c1ccc(O)cc1)C(CCBr)c1ccc(O)cc1
CHEMBL_POOL_00270,CCC(c1ccc(O)cc1)C(CCCl)c1ccc(O)cc1
CHEMBL_POOL_00271,CCC(c1ccc(O)cc1)C(CCF)c1ccc(O)cc1
CHEMBL_POOL_00272,CCC(c1ccc(O)cc1)C(CCI)c1ccc(O)cc1
CHEMBL_POOL_00273,CCC1CC(C)c2cc3c(C(F)(F)F)cc(=O)oc3cc2N1
CHEMBL_POOL_00274,CCC1CC(CC)c2cc3c(C(F)(F)F)cc(=O)oc3cc2N1
CHEMBL_POOL_00275,CCC1CCN(C)c2cc3oc(=O)cc(C(F)(F)F)c3cc21
CHEMBL_POOL_00276,CCC1CCN=C(N)C1
CHEMBL_POOL_00277,CCC1CCNc2cc3oc(=O)cc(C(F)(F)F)c3cc21
CHEMBL_POOL_00278,CCC1CCc2cc3c(C(F)(F)F)cc(=O)oc3cc2N1
CHEMBL_POOL_00279,CCC1CN2CCC1CC2[C@H](O)c1cc(-c2cccc([N+](=O)[O-])c2)nc2ccc(OC)cc12
CHEMBL_POOL_00280,CCC1COC(c2ccc(OCCCCCCCc3cc(C)no3)cc2)=N1
CHEMBL_POOL_00281,CCC1Nc2cc3oc(=O)cc(C(F)(F)F)c3cc2CC1C
CHEMBL_POOL_00282,CCCC(=O)N(CCC)NC(=O)[C@H]1CCCN1C(=O)[C@@H](NC(=O)[C@@H](NC(=O)[C@H](CC(=O)O)NC(=O)[C@H](CCC(=O)O)NC(=O)[C@@H](NC(=O)[C@H](CC(=O)O)NC(C)=O)[C@@H](C)O)C(C)C)C(C)C
CHEMBL_POOL_00283,CCCC(=O)OCC1CN(C(=O)c2cc(OC)c(OC)c(OC)c2)CCN1C(=O)c1cc(OC)c(OC)c(OC)c1
CHEMBL_POOL_00284,CCCC(=O)c1ccc(-n2ncc(=O)[nH]c2=O)cc1
CHEMBL_POOL_00285,CCCC(C)NC(=O)OCC1CN(C(=O)c2cc(OC)c(OC)c(OC)c2)CCN1C(=O)c1cc(OC)c(OC)c(OC)c1
CHEMBL_POOL_00286,CCCC(NC(=O)[C@H]1CCCN1C(=O)[C@@H](NC(=O)[C@@H](NC(=O)[C@H](CC(=O)O)NC(=O)[C@H](CCC(=O)O)NC(=O)[C@@H](NC(=O)[C@H](CC(=O)O)NC(C)=O)[C@@H](C)O)C(C)C)C(C)C)C(=O)Oc1ccc([N+](=O)[O-])cc1
CHEMBL_POOL_00287,CCCC1CCN=C(N)C1
CHEMBL_POOL_00288,CCCC1CCNc2cc3oc(=O)cc(C(F)(F)F)c3cc21
CHEMBL_POOL_00289,CCCCC(=O)N(CCC)NC(=O)[C@H]1CCCN1C(=O)[C@@H](NC(=O)[C@@H](NC(=O)[C@H](CC(=O)O)NC(=O)[C@H](CCC(=O)O)NC(=O)[C@@H](NC(=O)[C@H](CC(=O)O)NC(C)=O)[C@@H](C)O)C(C)C)C(C)C
CHEMBL_POOL_00290,CCCCC(C)(O)C/C=C/[C@H]1[C@H](O)CC(=O)[C@@H]1CC/C=C\CCC(=O)OC
CHEMBL_POOL_00291,CCCCC(CC)CNC(=O)OCC1CN(C(=O)c2cc(OC)c(OC)c(OC)c2)CCN1C(=O)c1cc(OC)c(OC)c(OC)c1
CHEMBL_POOL_00292,CCCCC/C=C(\C)C(=O)N1CCC[C@H]1C(=O)N1CCCC1
CHEMBL_POOL_00293,CCCCC/C=C/C(=O)N1CCC[C@H]1C(=O)N1CCCC1
CHEMBL_POOL_00294,CCCCC1Nc2ccc(C(C)(C)OC)cc2C(=O)N1Cc1ccc(-c2ccccc2-c2nn[nH]n2)cc1
CHEMBL_POOL_00295,CCCCC1Nc2ccc(C(C)C)cc2C(=O)N1Cc1ccc(-c2ccccc2-c2nn[nH]n2)cc1
CHEMBL_POOL_00296,CCCCCC(=O)OCC1CN(C(=O)c2cc(OC)c(OC)c(OC)c2)CCN1C(=O)c1cc(OC)c(OC)c(OC)c1
CHEMBL_POOL_00297,CCCCCCCC(=O)OCC1CN(C(=O)c2cc(OC)c(OC)c(OC)c2)CCN1C(=O)c1cc(OC)c(OC)c(OC)c1
CHEMBL_POOL_00298,CCCCCCCCC#Cc1ccc2c(c1)C[C@@H](CO)NC(=O)[C@H](C(C)C)N2C
CHEMBL_POOL_00299,CCCCCCCCC#Cc1ccc2c(c1OC)C[C@@H](CO)NC(=O)[C@H](C(C)C)N2C
CHEMBL_POOL_00300,CCCCCCCCCC(=O)OCC1CN(C(=O)c2cc(OC)c(OC)c(OC)c2)CCN1C(=O)c1cc(OC)c(OC)c(OC)c1
CHEMBL_POOL_00301,CCCCCCCCCCCCCCCC(=O)N[C@@H](COP(=O)(O)OCCO)CC(C)C
CHEMBL_POOL_00302,CCCCCCCCCCCCCCCCCC(=O)OCC1CN(C(=O)c2cc(OC)c(OC)c(OC)c2)CCN1C(=O)c1cc(OC)c(OC)c(OC)c1
CHEMBL_POOL_00303,CCCCCCCCCCC[C@H]1CC[C@H]([C@H]2CC[C@H](CCCCCCCCCCCCCC3=C[C@H](C)OC3=O)O2)O1
CHEMBL_POOL_00304,CCCCCCCCCC[C@@H](O)[C@H]1CC[C@H]([C@H]2CC[C@H]([C@H](O)CCCCCCCCCCCCC3=C[C@H](C)OC3=O)O2)O1
CHEMBL_POOL_00305,CCCCCCCCNC(=O)OCC1CN(C(=O)c2cc(OC)c(OC)c(OC)c2)CCN1C(=O)c1cc(OC)c(OC)c(OC)c1
CHEMBL_POOL_00306,CCCCCCCN(CC(=O)NO)C(=O)CN(CCCc1ccccc1)C(=O)Nc1ccc(Oc2ccccc2)cc1
CHEMBL_POOL_00307,CCCCCCN1CCN2CC(c3ccccc3)c3ccccc3C2C1
CHEMBL_POOL_00308,CCCCCCNc1ccc2c3c(nn2CCO)-c2ccccc2C(=O)c13
CHEMBL_POOL_00309,CCCCCCNc1nc(O)c2[nH]cnc2n1
CHEMBL_POOL_00310,CCCCCN(CCCCC)C(=O)OCC1CN(C(=O)c2cc(OC)c(OC)c(OC)c2)CCN1C(=O)c1cc(OC)c(OC)c(OC)c1
CHEMBL_POOL_00311,CCCCCNC(=N)c1ccc(C2=NOC(CC(=O)NCCC(=O)O)C2)cc1
CHEMBL_POOL_00312,CCCCCNc1ccc(C(=O)N2CCCCc3ccccc32)c(Cl)c1
CHEMBL_POOL_00313,CCCCCc1c(CC)c(C(=O)C(N)=O)c2c(OCC(=O)O)cccn12
CHEMBL_POOL_00314,CCCCN(CC(=O)N(CC(=O)NO)C(C)CC)C(=O)Nc1ccc(Oc2ccccc2)cc1
CHEMBL_POOL_00315,CCCCN(CC(=O)NO)C(=O)CN(CCc1ccc(F)cc1)C(=O)Nc1ccc(Oc2ccccc2)cc1
CHEMBL_POOL_00316,CCCCN(CCCC)C(=O)OCC1CN(C(=O)c2cc(OC)c(OC)c(OC)c2)CCN1C(=O)c1cc(OC)c(OC)c(OC)c1
CHEMBL_POOL_00317,CCCCN1CCN2CC(c3ccccc3)c3ccccc3C2C1
CHEMBL_POOL_00318,CCCCNC(=O)C1CCCN(c2nc(N)c3cc(OC)c(OC)cc3n2)C1
CHEMBL_POOL_00319,CCCCNC(=O)C1CCN(c2nc(N)c3cc(OC)c(OC)cc3n2)CC1
CHEMBL_POOL_00320,CCCCNC(=O)CC1CCN(c2nc(N)c3cc(OC)c(OC)cc3n2)CC1
CHEMBL_POOL_00321,CCCCNC(=O)CCC1CCN(c2nc(N)c3cc(OC)c(OC)cc3n2)CC1
CHEMBL_POOL_00322,CCCCNC(=O)COC1CCN(c2nc(N)c3cc(OC)c(OC)cc3n2)CC1
CHEMBL_POOL_00323,CCCCNC(=O)N1C(=O)C[C@H]1OC(C)=O
CHEMBL_POOL_00324,CCCCNC(=O)OCC1CN(C(=O)c2cc(OC)c(OC)c(OC)c2)CCN1C(=O)c1cc(OC)c(OC)c(OC)c1
CHEMBL_POOL_00325,CCCCNc1ccc(C(=O)N2CCCCc3ccccc32)c(Cl)c1
CHEMBL_POOL_00326,CCCCOc1ccc(CNC2C(Oc3c4cc5cc3Oc3ccc(cc3Cl)C(O)C3NC(=O)C(NC(=O)C5NC(=O)C5NC(=O)C(Cc6ccc(cc6)O4)NC(=O)C(N(C)Cc4ccc(OCCCC)cc4)c4ccc(O)c(c4)Oc4cc(O)c(Cl)c5c4)c4ccc(O)c(c4)-c4c(O)cc(O)cc4[C@H](C(=O)NCCCN(C)C)NC3=O)OC(C(=O)NCCCN(C)C)C(O)C2O)cc1
CHEMBL_POOL_00327,CCCCOc1ccc(S(=O)(=O)C2(C(=O)NO)CCN(Cc3ccc(Cl)c(Cl)c3)CC2)cc1
CHEMBL_POOL_00328,CCCC[C@@H](C)/C=C(C)/C=C(\C)C(=O)NC1=C[C@@](O)(/C=C/C=C/C=C/C(=O)NC2=C(O)CCC2=O)[C@@H]2O[C@@H]2C1=O
CHEMBL_POOL_00329,CCCC[C@H](N[C@@H](Cc1ccccc1)C(=O)N1CCC(OCOC)CC1)C(=O)N[C@@H](CC1CCCCC1)[C@@H](O)C[C@H](C(=O)NCCCN(C)C)C(C)C
CHEMBL_POOL_00330,CCCC[C@H](O[C@@H](Cc1ccccc1)C(=O)N1CCC(OCOC)CC1)C(=O)N[C@@H](CC1CCCCC1)[C@@H](O)C[C@H](C(=O)N(C)CCN(C)C)C(C)C
CHEMBL_POOL_00331,CCCC[C@H](O[C@@H](Cc1ccccc1)C(=O)N1CCC(OCOC)CC1)C(=O)N[C@@H](CC1CCCCC1)[C@@H](O)C[C@H](C(=O)NCCCN1CCOCC1)C(C)C
CHEMBL_POOL_00332,CCCC[C@H](O[C@@H](Cc1ccccc1)C(=O)N1CCC(OCOC)CC1)C(=O)N[C@@H](CC1CCCCC1)[C@@H](O)C[C@H](NC(=O)OCCN1CCCC1)C(C)C
CHEMBL_POOL_00333,CCCC[C@H](O[C@@H](Cc1ccccc1)C(=O)N1CCC(OCOC)CC1)C(=O)N[C@@H](CC1CCCCC1)[C@@H](O)C[C@H](NC(=O)OCc1ccccc1)C(C)C
CHEMBL_POOL_00334,CCCCc1cc2c(=O)cc(C(=O)O)[nH]c2c2c(=O)cc(C(=O)O)[nH]c12
CHEMBL_POOL_00335,CCCCc1cc2c(cn1)[nH]c1ccccc12
CHEMBL_POOL_00336,CCCCc1ccc(CN2CCN(Cc3c(O)cc4c(c3O)-c3cc(ccc3O)C3NC(=O)C5NC(=O)C6NC(=O)C(Cc7ccc(cc7)Oc7cc5cc(c7OC5OC(C(=O)O)C(O)C(O)C5N)Oc5ccc(cc5Cl)C(O)C(NC3=O)C(=O)N[C@H]4C(=O)O)NC(=O)C(NC)c3ccc(O)c(c3)Oc3cc(O)c(Cl)c6c3)CC2)cc1
CHEMBL_POOL_00337,CCCCc1ccc(CNC2C(Oc3c4cc5cc3Oc3ccc(cc3Cl)C(O)C3NC(=O)C(NC(=O)C5NC(=O)C5NC(=O)C(Cc6ccc(cc6)O4)NC(=O)C(NC)c4ccc(O)c(c4)Oc4cc(O)c(Cl)c5c4)c4ccc(O)c(c4)-c4c(cc(O)c(CN5CCN(Cc6ccc(-c7ccccc7)cc6)CC5)c4O)[C@H](C(=O)NCCCN(C)C)NC3=O)OC(C(=O)NCCCN(C)C)C(O)C2O)cc1
CHEMBL_POOL_00338,CCCCc1nc(Cl)c(CO)n1Cc1ccc(-c2ccccc2-c2nnn[nH]2)cc1
CHEMBL_POOL_00339,CCCCc1nc2ccc(C(C)(C)OC)cc2c(=O)n1Cc1ccc(-c2ccccc2-c2nn[nH]n2)cc1
CHEMBL_POOL_00340,CCCCc1ncc(/C=C(\Cc2cccs2)C(=O)O)n1Cc1ccc(C(=O)O)cc1
CHEMBL_POOL_00341,CCCN(CCC)C(=O)OCC1CN(C(=O)c2cc(OC)c(OC)c(OC)c2)CCN1C(=O)c1cc(OC)c(OC)c(OC)c1
CHEMBL_POOL_00342,CCCN(CCC)C1CCc2cccc(O)c2C1
CHEMBL_POOL_00343,CCCN(CCC)[C@H]1CCc2c(O)cccc2C1
CHEMBL_POOL_00344,CCCN(NC(=O)[C@H]1CCCN1C(=O)[C@@H](NC(=O)[C@@H](NC(=O)[C@H](CC(=O)O)NC(=O)[C@H](CCC(=O)O)NC(=O)[C@@H](NC(=O)[C@@H](N)CC(=O)O)[C@@H](C)O)C(C)C)C(C)C)C(=O)N[C@@H](CO)C(=O)N[C@@H](CCSC)C(=O)N[C@@H](CO)C(=O)N[C@@H](Cc1ccc(O)cc1)C(=O)N[C@H](C(=O)N[C@@H](Cc1c[nH]c2ccccc12)C(=O)N[C@H](C(=O)NCC(=O)N[C@@H](CCCCN)C(=O)O)[C@@H](C)O)[C@@H](C)O
CHEMBL_POOL_00345,CCCN(NC(=O)[C@H]1CCCN1C(=O)[C@@H](NC(=O)[C@@H](NC(=O)[C@H](CC(=O)O)NC(=O)[C@H](CCC(=O)O)NC(=O)[C@@H](NC(=O)[C@H](CC(=O)O)NC(C)=O)[C@@H](C)O)C(C)C)C(C)C)C(=O)C(=O)OCC
CHEMBL_POOL_00346,CCCN(NC(=O)[C@H]1CCCN1C(=O)[C@@H](NC(=O)[C@@H](NC(=O)[C@H](CC(=O)O)NC(=O)[C@H](CCC(=O)O)NC(=O)[C@@H](NC(=O)[C@H](CC(=O)O)NC(C)=O)[C@@H](C)O)C(C)C)C(C)C)C(=O)C(F)(F)F
CHEMBL_POOL_00347,CCCN(NC(=O)[C@H]1CCCN1C(=O)[C@@H](NC(=O)[C@@H](NC(=O)[C@H](CC(=O)O)NC(=O)[C@H](CCC(=O)O)NC(=O)[C@@H](NC(=O)[C@H](CC(=O)O)NC(C)=O)[C@@H](C)O)C(C)C)C(C)C)C(=O)CBr
CHEMBL_POOL_00348,CCCN(NC(=O)[C@H]1CCCN1C(=O)[C@@H](NC(=O)[C@@H](NC(=O)[C@H](CC(=O)O)NC(=O)[C@H](CCC(=O)O)NC(=O)[C@@H](NC(=O)[C@H](CC(=O)O)NC(C)=O)[C@@H](C)O)C(C)C)C(C)C)C(=O)CC
CHEMBL_POOL_00349,CCCN(NC(=O)[C@H]1CCCN1C(=O)[C@@H](NC(=O)[C@@H](NC(=O)[C@H](CC(=O)O)NC(=O)[C@H](CCC(=O)O)NC(=O)[C@@H](NC(=O)[C@H](CC(=O)O)NC(C)=O)[C@@H](C)O)C(C)C)C(C)C)C(=O)CCl
CHEMBL_POOL_00350,CCCN(NC(=O)[C@H]1CCCN1C(=O)[C@@H](NC(=O)[C@@H](NC(=O)[C@H](CC(=O)O)NC(=O)[C@H](CCC(=O)O)NC(=O)[C@@H](NC(=O)[C@H](CC(=O)O)NC(C)=O)[C@@H](C)O)C(C)C)C(C)C)C(=O)N[C@@H](CO)C(=O)N[C@@H](CCSC)C(=O)N[C@@H](CO)C(=O)N[C@@H](Cc1ccc(O)cc1)C(=O)N[C@H](C(=O)N[C@@H](Cc1c[nH]c2ccccc12)C(=O)N[C@H](C(=O)NCC(=O)N[C@@H](CCCCN)C(=O)O)[C@@H](C)O)[C@@H](C)O
CHEMBL_POOL_00351,CCCN(NC(=O)[C@H]1CCCN1C(=O)[C@@H](NC(=O)[C@@H](NC(=O)[C@H](CC(=O)O)NC(=O)[C@H](CCC(=O)O)NC(=O)[C@@H](NC(=O)[C@H](CC(=O)O)NC(C)=O)[C@@H](C)O)C(C)C)C(C)C)C(=O)N[C@@H](CO)C(=O)N[C@@H](CCSC)C(=O)N[C@@H](CO)C(=O)O
CHEMBL_POOL_00352,CCCN(NC(=O)[C@H]1CCCN1C(=O)[C@@H](NC(=O)[C@@H](NC(=O)[C@H](CC(=O)O)NC(=O)[C@H](CCC(=O)O)NC(=O)[C@@H](NC(=O)[C@H](CC(=O)O)NC(C)=O)[C@@H](C)O)C(C)C)C(C)C)C(=O)OC(C)(C)C(Cl)(Cl)Cl
CHEMBL_POOL_00353,CCCN(NC(=O)[C@H]1CCCN1C(=O)[C@@H](NC(=O)[C@@H](NC(=O)[C@H](CC(=O)O)NC(=O)[C@H](CCC(=O)O)NC(=O)[C@@H](NC(=O)[C@H](CC(=O)O)NC(C)=O)[C@@H](C)O)C(C)C)C(C)C)C(=O)OC(Cl)C(Cl)(Cl)Cl
CHEMBL_POOL_00354,CCCN(NC(=O)[C@H]1CCCN1C(=O)[C@@H](NC(=O)[C@@H](NC(=O)[C@H](CC(=O)O)NC(=O)[C@H](CCC(=O)O)NC(=O)[C@@H](NC(=O)[C@H](CC(=O)O)NC(C)=O)[C@@H](C)O)C(C)C)C(C)C)C(=O)OCC(Cl)(Cl)Cl
CHEMBL_POOL_00355,CCCN(NC(=O)[C@H]1CCCN1C(=O)[C@@H](NC(=O)[C@@H](NC(=O)[C@H](CC(=O)O)NC(=O)[C@H](CCC(=O)O)NC(=O)[C@@H](NC(=O)[C@H](CC(=O)O)NC(C)=O)[C@@H](C)O)C(C)C)C(C)C)C(=O)OCc1ccc([N+](=O)[O-])cc1
CHEMBL_POOL_00356,CCCN(NC(=O)[C@H]1CCCN1C(=O)[C@@H](NC(=O)[C@@H](NC(=O)[C@H](CC(=O)O)NC(=O)[C@H](CCC(=O)O)NC(=O)[C@@H](NC(=O)[C@H](CC(=O)O)NC(C)=O)[C@@H](C)O)C(C)C)C(C)C)C(=O)OCc1ccccc1
CHEMBL_POOL_00357,CCCN(NC(=O)[C@H]1CCCN1C(=O)[C@@H](NC(=O)[C@@H](NC(=O)[C@H](CC(=O)O)NC(=O)[C@H](CCC(=O)O)NC(=O)[C@@H](NC(=O)[C@H](CC(=O)O)NC(C)=O)[C@@H](C)O)C(C)C)C(C)C)C(=O)Oc1ccc(Cl)cc1
CHEMBL_POOL_00358,CCCN(NC(=O)[C@H]1CCCN1C(=O)[C@@H](NC(=O)[C@@H](NC(=O)[C@H](CC(=O)O)NC(=O)[C@H](CCC(=O)O)NC(=O)[C@@H](NC(=O)[C@H](CC(=O)O)NC(C)=O)[C@@H](C)O)C(C)C)C(C)C)C(=O)Oc1ccc([N+](=O)[O-])cc1
CHEMBL_POOL_00359,CCCN(NC(=O)[C@H]1CCCN1C(=O)[C@@H](NC(=O)[C@@H](NC(=O)[C@H](CC(=O)O)NC(=O)[C@H](CCC(=O)O)NC(=O)[C@@H](NC(=O)[C@H](CC(=O)O)NC(C)=O)[C@@H](C)O)C(C)C)C(C)C)C(=O)Oc1ccccc1
CHEMBL_POOL_00360,CCCN(NC(=O)[C@H]1CCCN1C(=O)[C@@H](NC(=O)[C@@H](NC(=O)[C@H](CC(=O)O)NC(=O)[C@H](CCC(=O)O)NC(=O)[C@@H](NC(=O)[C@H](CC(=O)O)NC(C)=O)[C@@H](C)O)C(C)C)C(C)C)C(=O)Oc1ccccc1[N+](=O)[O-]
CHEMBL_POOL_00361,CCCN(NC(=O)[C@H]1CCCN1C(=O)[C@@H](NC(=O)[C@@H](NC(=O)[C@H](CC(=O)O)NC(=O)[C@H](CCC(=O)O)NC(=O)[C@@H](NC(=O)[C@H](CC(=O)O)NC(C)=O)[C@@H](C)O)C(C)C)C(C)C)C(=O)Sc1ccc(Cl)cc1
CHEMBL_POOL_00362,CCCN(NC(=O)[C@H]1CCCN1C(=O)[C@@H](NC(=O)[C@@H](NC(=O)[C@H](CC(=O)O)NC(=O)[C@H](CCC(=O)O)NC(=O)[C@@H](NC(=O)[C@H](CC(=O)O)NC(C)=O)[C@@H](C)O)C(C)C)C(C)C)C(=O)Sc1ccccc1
CHEMBL_POOL_00363,CCCN(NC(=O)[C@H]1CCCN1C(=O)[C@@H](NC(=O)[C@@H](NC(=O)[C@H](CC(=O)O)NC(=O)[C@H](CCC(=O)O)NC(=O)[C@@H](NC(=O)[C@H](CC(=O)O)NC(C)=O)[C@@H](C)O)C(C)C)C(C)C)C(=O)c1c(F)c(F)c(F)c(F)c1F
CHEMBL_POOL_00364,CCCN(NC(=O)[C@H]1CCCN1C(=O)[C@@H](NC(=O)[C@@H](NC(=O)[C@H](CC(=O)O)NC(=O)[C@H](CCC(=O)O)NC(=O)[C@@H](NC(=O)[C@H](CC(=O)O)NC(C)=O)[C@@H](C)O)C(C)C)C(C)C)C(=O)c1cc(C(F)(F)F)cc(C(F)(F)F)c1
CHEMBL_POOL_00365,CCCN(NC(=O)[C@H]1CCCN1C(=O)[C@@H](NC(=O)[C@@H](NC(=O)[C@H](CC(=O)O)NC(=O)[C@H](CCC(=O)O)NC(=O)[C@@H](NC(=O)[C@H](CC(=O)O)NC(C)=O)[C@@H](C)O)C(C)C)C(C)C)C(=O)c1cc([N+](=O)[O-])cc([N+](=O)[O-])c1
CHEMBL_POOL_00366,CCCN(NC(=O)[C@H]1CCCN1C(=O)[C@@H](NC(=O)[C@@H](NC(=O)[C@H](CC(=O)O)NC(=O)[C@H](CCC(=O)O)NC(=O)[C@@H](NC(=O)[C@H](CC(=O)O)NC(C)=O)[C@@H](C)O)C(C)C)C(C)C)C(=O)c1ccc(-c2ccccc2)cc1
CHEMBL_POOL_00367,CCCN(NC(=O)[C@H]1CCCN1C(=O)[C@@H](NC(=O)[C@@H](NC(=O)[C@H](CC(=O)O)NC(=O)[C@H](CCC(=O)O)NC(=O)[C@@H](NC(=O)[C@H](CC(=O)O)NC(C)=O)[C@@H](C)O)C(C)C)C(C)C)C(=O)c1ccc(/N=N\c2ccc([N+](=O)[O-])cc2)cc1
CHEMBL_POOL_00368,CCCN(NC(=O)[C@H]1CCCN1C(=O)[C@@H](NC(=O)[C@@H](NC(=O)[C@H](CC(=O)O)NC(=O)[C@H](CCC(=O)O)NC(=O)[C@@H](NC(=O)[C@H](CC(=O)O)NC(C)=O)[C@@H](C)O)C(C)C)C(C)C)C(=O)c1ccc(C#N)cc1
CHEMBL_POOL_00369,CCCN(NC(=O)[C@H]1CCCN1C(=O)[C@@H](NC(=O)[C@@H](NC(=O)[C@H](CC(=O)O)NC(=O)[C@H](CCC(=O)O)NC(=O)[C@@H](NC(=O)[C@H](CC(=O)O)NC(C)=O)[C@@H](C)O)C(C)C)C(C)C)C(=O)c1ccc(C(F)(F)F)cc1
CHEMBL_POOL_00370,CCCN(NC(=O)[C@H]1CCCN1C(=O)[C@@H](NC(=O)[C@@H](NC(=O)[C@H](CC(=O)O)NC(=O)[C@H](CCC(=O)O)NC(=O)[C@@H](NC(=O)[C@H](CC(=O)O)NC(C)=O)[C@@H](C)O)C(C)C)C(C)C)C(=O)c1ccc(S(=O)(=O)F)cc1
CHEMBL_POOL_00371,CCCN(NC(=O)[C@H]1CCCN1C(=O)[C@@H](NC(=O)[C@@H](NC(=O)[C@H](CC(=O)O)NC(=O)[C@H](CCC(=O)O)NC(=O)[C@@H](NC(=O)[C@H](CC(=O)O)NC(C)=O)[C@@H](C)O)C(C)C)C(C)C)C(=O)c1ccc([N+](=O)[O-])cc1
CHEMBL_POOL_00372,CCCN(NC(=O)[C@H]1CCCN1C(=O)[C@@H](NC(=O)[C@@H](NC(=O)[C@H](CC(=O)O)NC(=O)[C@H](CCC(=O)O)NC(=O)[C@@H](NC(=O)[C@H](CC(=O)O)NC(C)=O)[C@@H](C)O)C(C)C)C(C)C)C(C)=O
CHEMBL_POOL_00373,CCCN(NC(=O)[C@H]1CCCN1C(=O)[C@@H](NC(=O)[C@@H](NC(=O)[C@H](CC(=O)O)NC(=O)[C@H](CCC(=O)O)NC(=O)[C@@H](NC(=O)[C@H](CC(=O)O)NC(C)=O)[C@@H](C)O)C(C)C)C(C)C)S(=O)(=O)CCl
CHEMBL_POOL_00374,CCCN(NC(=O)[C@H]1CCCN1C(=O)[C@@H](NC(=O)[C@@H](NC(=O)[C@H](CC(=O)O)NC(=O)[C@H](CCC(=O)O)NC(=O)[C@@H](NC(C)=O)[C@@H](C)O)C(C)C)C(C)C)C(=O)Oc1ccc([N+](=O)[O-])cc1
CHEMBL_POOL_00375,CCCN(NC(=O)[C@H]1CCCN1C(=O)[C@@H](NC(=O)[C@@H](NC(=O)[C@H](CC(=O)O)NC(=O)[C@H](CCC(=O)O)NC(C)=O)C(C)C)C(C)C)C(=O)N[C@@H](CO)C(=O)N[C@@H](CCSC)C(=O)N[C@@H](CO)C(=O)N[C@@H](Cc1ccc(O)cc1)C(=O)N[C@H](C(=O)N[C@@H](Cc1c[nH]c2ccccc12)C(=O)N[C@H](C(=O)NCC(=O)N[C@@H](CCCCN)C(=O)O)[C@@H](C)O)[C@@H](C)O
CHEMBL_POOL_00376,CCCN(NC(=O)[C@H]1CCCN1C(=O)[C@@H](NC(=O)[C@@H](NC(=O)[C@H](CC(=O)O)NC(=O)[C@H](CCC(=O)O)NC(C)=O)C(C)C)C(C)C)C(=O)N[C@@H](CO)C(=O)N[C@@H](CCSC)C(=O)N[C@@H](CO)C(N)=O
CHEMBL_POOL_00377,CCCN(NC(=O)[C@H]1CCCN1C(=O)[C@@H](NC(=O)[C@@H](NC(=O)[C@H](CC(=O)O)NC(=O)[C@H](CCC(=O)O)NC(C)=O)C(C)C)C(C)C)C(=O)Oc1ccc([N+](=O)[O-])cc1
CHEMBL_POOL_00378,CCCN(NC(=O)[C@H]1CCCN1C(=O)[C@@H](NC(=O)[C@@H](NC(=O)[C@H](CC(=O)O)NC(C)=O)C(C)C)C(C)C)C(=O)Oc1ccc([N+](=O)[O-])cc1
CHEMBL_POOL_00379,CCCN(NC(=O)[C@H]1CCCN1C(=O)[C@@H](NC(=O)[C@@H](NC(C)=O)C(C)C)C(C)C)C(=O)Oc1ccc([N+](=O)[O-])cc1
CHEMBL_POOL_00380,CCCN1CCN2CC(c3ccccc3)c3ccccc3C2C1
CHEMBL_POOL_00381,CCCNC(=O)CC1CCN(c2nc(N)c3cc(OC)c(OC)cc3n2)CC1
CHEMBL_POOL_00382,CCCNc1ncnc2c1ncn2Cc1ccccc1F
CHEMBL_POOL_00383,CCCOC(=O)c1ncn2c1CN(C)C(=O)c1cc(Cl)ccc1-2
CHEMBL_POOL_00384,CCCOC(=O)c1ncn2c1CN(C)C(=O)c1sccc1-2
CHEMBL_POOL_00385,CCCOc1ccc(S(=O)(=O)N2C/C(=N\OC)C[C@@H]2C(=O)NO)cc1
CHEMBL_POOL_00386,CCC[C@@H](NC(=O)N1C(=O)C[C@@H]1Cc1ccccc1)c1ccccc1
CHEMBL_POOL_00387,CCCc1c(OC)nc2nc(C(=O)c3ccccc3)cn2c1CC
CHEMBL_POOL_00388,CCCc1ccc2c(c1)c(OC)cc1nc(C(=O)c3ccccc3)cn12
CHEMBL_POOL_00389,CCCc1nc(Br)cnc1NS(=O)(=O)c1cccc2c(N(C)C)cccc12
CHEMBL_POOL_00390,CCN(C(=O)C1=CCC[C@H]1C(=O)NCc1ccc(C(=N)N)cc1)C1CCCCC1
CHEMBL_POOL_00391,CCN(C(C)C)S(=O)(=O)CC[C@@H]1O[C@@H]1[C@H](Cc1ccccc1)NC(=O)[C@@H](NC(=O)OCc1ccccc1)C(C)(C)S(C)(=O)=O
CHEMBL_POOL_00392,CCN(C)c1cccc2c(S(=O)(=O)Nc3ncc(Br)nc3OC)cccc12
CHEMBL_POOL_00393,CCN(C)c1ncnc2c1ncn2Cc1ccccc1F
CHEMBL_POOL_00394,CCN(CC)C(=O)C1CCCN(c2nc(N)c3cc(OC)c(OC)cc3n2)C1
CHEMBL_POOL_00395,CCN(CC)C(=O)C1CCN(c2nc(N)c3cc(OC)c(OC)cc3n2)CC1
CHEMBL_POOL_00396,CCN(CC)C(=O)CCC1=C(c2ccccc2)c2ccccc2C(=O)C1=O
CHEMBL_POOL_00397,CCN(CC)C(=O)OCC1CN(C(=O)c2cc(OC)c(OC)c(OC)c2)CCN1C(=O)c1cc(OC)c(OC)c(OC)c1
CHEMBL_POOL_00398,CCN(CC)C(=O)[C@@H]1C=C2c3cccc4[nH]cc(c34)C[C@H]2N(C)C1
CHEMBL_POOL_00399,CCN(CC)C(=O)c1ccc(C(=C2CCNCC2)c2cccc(OC)c2)cc1
CHEMBL_POOL_00400,CCN(CC)C(=O)c1ccc(C(=C2CCNCC2)c2ccccc2OC)cc1
CHEMBL_POOL_00401,CCN(CC)CC(O)CNC(=O)c1cc(C)c(/C=C2\C(=O)Nc3ncnc(Nc4ccc(F)c(Cl)c4)c32)[nH]1
CHEMBL_POOL_00402,CCN(CC)CCN(Cc1ccc(-c2ccc(C(F)(F)F)cc2)cc1)C(=O)Cn1c(SCc2ccc(F)cc2)nc(=O)c2c1CCC2
CHEMBL_POOL_00403,CCN(CC)S(=O)(=O)c1ccc(Cl)cc1
CHEMBL_POOL_00404,CCN(CC)c1ncnc2c1ncn2Cc1ccccc1F
CHEMBL_POOL_00405,CCN(CCOc1ccc(/C=C2\SC(=O)NC2=O)cc1)CC1(C)CCc2c(C)c(O)c(C)c(C)c2O1
CHEMBL_POOL_00406,CCN(Cc1cnc2nc(N)nc(N)c2c1C)c1cc(OC)c(OC)c(OC)c1
CHEMBL_POOL_00407,CCN(NC(=O)[C@H]1CCCN1C(=O)[C@@H](NC(=O)[C@@H](NC(=O)[C@H](CC(=O)O)NC(=O)[C@H](CCC(=O)O)NC(=O)[C@@H](NC(=O)[C@H](CC(=O)O)NC(C)=O)[C@@H](C)O)C(C)C)C(C)C)C(=O)OC(Cl)C(Cl)(Cl)Cl
CHEMBL_POOL_00408,CCN(NC(=O)[C@H]1CCCN1C(=O)[C@@H](NC(=O)[C@@H](NC(=O)[C@H](CC(=O)O)NC(=O)[C@H](CCC(=O)O)NC(=O)[C@@H](NC(=O)[C@H](CC(=O)O)NC(C)=O)[C@@H](C)O)C(C)C)C(C)C)C(=O)Oc1ccc([N+](=O)[O-])cc1
CHEMBL_POOL_00409,CCN1C(=O)Cc2cc(CCN3CCN(c4cccc5ccccc45)CC3)ccc21
CHEMBL_POOL_00410,CCN1CCCC(N2C(=O)c3cccc4cc5ccccc5c(c34)C2=O)C1
CHEMBL_POOL_00411,CCN1CCC[C@H]1CNC(=O)c1c(OC)ccc(C)c1O
CHEMBL_POOL_00412,CCN1CCC[C@H]1CNC(=O)c1c(OC)ccc(Cl)c1OC
CHEMBL_POOL_00413,CCN1CCC[C@H]1CNC(=O)c1c(OC)cccc1OC
CHEMBL_POOL_00414,CCN1CCN2CC(c3ccccc3)c3ccccc3C2C1
CHEMBL_POOL_00415,CCNC(=O)C1CCN(c2nc(N)c3cc(OC)c(OC)cc3n2)CC1
CHEMBL_POOL_00416,CCNC1C2CCC(C2)C1c1ccccc1
CHEMBL_POOL_00417,CCNC1CC(C)S(=O)(=O)c2sc(S(N)(=O)=O)cc21
CHEMBL_POOL_00418,CCNC1CN(CCCOC)S(=O)(=O)c2sc(S(N)(=O)=O)cc21
CHEMBL_POOL_00419,CCNCC1CCN(c2c(F)cc3c(=O)c(C(=O)O)cn(-c4ccc(F)cc4)c3c2F)C1
CHEMBL_POOL_00420,CCNCC1CCN(c2c(F)cc3c(=O)c(C(=O)O)cn(-c4ccccc4)c3c2F)C1
CHEMBL_POOL_00421,CCNCC1CCN(c2c(F)cc3c(=O)c(C(=O)O)cn(-c4nccs4)c3c2F)C1
CHEMBL_POOL_00422,CCNCC1CCN(c2c(F)cc3c(=O)c(C(=O)O)cn(C(C)C)c3c2F)C1
CHEMBL_POOL_00423,CCNCC1CCN(c2c(F)cc3c(=O)c(C(=O)O)cn(C)c3c2F)C1
CHEMBL_POOL_00424,CCNCC1CCN(c2c(F)cc3c(=O)c(C(=O)O)cn(C4(C)CC4)c3c2F)C1
CHEMBL_POOL_00425,CCNCC1CCN(c2c(F)cc3c(=O)c(C(=O)O)cn(C4CC4)c3c2F)C1
CHEMBL_POOL_00426,CCNCC1CCN(c2c(F)cc3c(=O)c(C(=O)O)cn(C4CC4C)c3c2F)C1
CHEMBL_POOL_00427,CCNCC1CCN(c2c(F)cc3c(=O)c(C(=O)O)cn(C4CCC4)c3c2F)C1
CHEMBL_POOL_00428,CCNCC1CCN(c2c(F)cc3c(=O)c(C(=O)O)cn(C4CCCC4)c3c2F)C1
CHEMBL_POOL_00429,CCNCC1CCN(c2c(F)cc3c(=O)c(C(=O)O)cn(C4CCCCC4)c3c2F)C1
CHEMBL_POOL_00430,CCNCC1CCN(c2c(F)cc3c(=O)c(C(=O)O)cn(CC(F)(F)F)c3c2F)C1
CHEMBL_POOL_00431,CCNCC1CCN(c2c(F)cc3c(=O)c(C(=O)O)cn(CC)c3c2F)C1
CHEMBL_POOL_00432,CCNCC1CCN(c2c(F)cc3c(=O)c(C(=O)O)cn(CC4CC4)c3c2F)C1
CHEMBL_POOL_00433,CCNCC1CCN(c2c(F)cc3c(=O)c(C(=O)O)cn(CCF)c3c2F)C1
CHEMBL_POOL_00434,CCNCC1CCN(c2c(F)cc3c(=O)c(C(=O)O)cn(NC)c3c2F)C1
CHEMBL_POOL_00435,CCNCC1CCN(c2c(F)cc3c(=O)c(C(=O)O)cn(OC)c3c2F)C1
CHEMBL_POOL_00436,CCNCC1NCC(c2ccccc2)c2ccccc21
CHEMBL_POOL_00437,CCNc1cccc2c(S(=O)(=O)Nc3ncc(Br)nc3OC)cccc12
CHEMBL_POOL_00438,CCNc1ncnc2c1ncn2Cc1ccccc1F
CHEMBL_POOL_00439,CCOC(=O)C(Cc1ccc(Cl)cc1)Nc1nc2ccc(OC)cc2s1
CHEMBL_POOL_00440,CCOC(=O)C(Cc1ccccc1)Nc1nc2cc(CC)ccc2s1
CHEMBL_POOL_00441,CCOC(=O)CNC(=O)c1cc(-c2ccncc2)nnc1Cl
CHEMBL_POOL_00442,CCOC(=O)Cn1c2cc(OC)ccc2c2cc[n+]3nc(CC)c(CC)cc3c21
CHEMBL_POOL_00443,CCOC(=O)N1CCC(S(=O)(=O)CCCCOc2ccc3[nH]c4nc(O)nc-4cc3c2)CC1
CHEMBL_POOL_00444,CCOC(=O)N1CCC(n2nnnc2CCCOc2ccc3[nH]c4nc(O)nc-4cc3c2)CC1
CHEMBL_POOL_00445,CCOC(=O)N1Cc2c(OC)nc3nc(C(=O)c4ccccc4)cn3c2C1
CHEMBL_POOL_00446,CCOC(=O)[C@H](CC(C)C)NC(=O)[C@@H](NC(=O)[C@H](Cc1c[nH]c2ccccc12)NC(=O)[C@H]1CCCN1C(=O)[C@H](CCCCN)NCCCCCCN)C(C)(C)C
CHEMBL_POOL_00447,CCOC(=O)[C@H](CC(C)C)NC(=O)[C@@H](NC(=O)[C@H](Cc1c[nH]c2ccccc12)NC(=O)[C@H]1CCCN1C(=O)[C@H](CCCCN)NC[C@@H](N)CCCCN)C(C)(C)C
CHEMBL_POOL_00448,CCOC(=O)[C@H](CC(C)C)NC(=O)[C@@H](NC(=O)[C@H](Cc1c[nH]c2ccccc12)NC(=O)[C@H]1CCCN1C(=O)[C@H](CCCCN)NC[C@@H](N)CCCN=C(N)N)C(C)(C)C
CHEMBL_POOL_00449,CCOC(=O)c1c(Br)c(OC)c2c(c1-c1c3c(c(OC)c(Br)c1C(=O)O)OCO3)OCO2
CHEMBL_POOL_00450,CCOC(=O)c1cc(-c2ccncc2)nnc1Cl
CHEMBL_POOL_00451,CCOC(=O)c1cc2c(cn1)nc(O)c1ccccc12
CHEMBL_POOL_00452,CCOC(=O)c1cc2c(cn1)sc1ccccc12
CHEMBL_POOL_00453,CCOC(=O)c1ccc(CCC2=C(c3ccccc3)c3ccccc3C(=O)C2=O)cc1
CHEMBL_POOL_00454,CCOC(=O)c1ccc(N/C(S)=N/c2cc3c(cc2C)SC(C)(C)CC3(C)C)cc1
CHEMBL_POOL_00455,CCOC(=O)c1ccc(N/C(S)=N/c2ccc3c(c2)C(C)(C)CC(C)(C)S3)cc1
CHEMBL_POOL_00456,CCOC(=O)c1ccc(NC(=O)Nc2cc3c(cc2C)SC(C)(C)CC3(C)C)cc1
CHEMBL_POOL_00457,CCOC(=O)c1ccc(NC(=O)Nc2ccc3c(c2)C(C)(C)CC(C)(C)S3)cc1
CHEMBL_POOL_00458,CCOC(=O)c1ccc(OCC(O)CNC(C)C)cc1
CHEMBL_POOL_00459,CCOC(=O)c1cccc(N2C(N)=NC(N)=NC2(C)C)c1
CHEMBL_POOL_00460,CCOC(=O)c1cccc(Oc2cncc3sc(C(N)=O)cc23)c1
CHEMBL_POOL_00461,CCOC(=O)c1cn(Cc2c(F)cccc2F)c2nc(-c3ccc(NC(=O)C(C)C)cc3)c(CN(C)Cc3ccccc3)n2c1=O
CHEMBL_POOL_00462,CCOC(=O)c1cn(Cc2c(F)cccc2F)c2nc(-c3ccc(NC(=O)C4CC4)cc3)c(CN(C)Cc3ccccc3)n2c1=O
CHEMBL_POOL_00463,CCOC(=O)c1cn2c(n1)sc1ccccc12
CHEMBL_POOL_00464,CCOC(=O)c1csc(-c2nc3c([nH]2)C(=O)C=CC3=O)n1
CHEMBL_POOL_00465,CCOC(=O)c1ncn2c1C1CCCN1C(=O)c1cc(Cl)ccc1-2
CHEMBL_POOL_00466,CCOC(=O)c1ncn2c1CN(C)C(=O)c1cc(Cl)ccc1-2
CHEMBL_POOL_00467,CCOC(=O)c1ncn2c1CN(C)C(=O)c1cc(F)ccc1-2
CHEMBL_POOL_00468,CCOC(=O)c1ncn2c1CN(C)C(=O)c1cc(N=[N+]=[N-])ccc1-2
CHEMBL_POOL_00469,CCOC(=O)c1ncn2c1CN(C)C(=O)c1ccccc1-2
CHEMBL_POOL_00470,CCO[C@H]1O[C@@H]2O[C@@]3(C)CCC4[C@H](C)CCC([C@H]1C)[C@]42OO3
CHEMBL_POOL_00471,CCOc1ccc(NS(=O)(=O)c2cccc3c(N(C)C)cccc23)nn1
CHEMBL_POOL_00472,CCOc1ccc(S(=O)(=O)N2C/C(=N\OC)C[C@@H]2C(=O)NO)cc1
CHEMBL_POOL_00473,CCOc1ccc2nc(S(N)(=O)=O)sc2c1
CHEMBL_POOL_00474,CCOc1nc(Br)cnc1NS(=O)(=O)c1cccc2c(N(C)C)cccc12
CHEMBL_POOL_00475,CCOc1nn(-c2cccc(OCc3ccccc3)c2)c(=O)o1
CHEMBL_POOL_00476,CCSc1nc2nc(C(=O)c3ccccc3)cn2c2c1CCC2
CHEMBL_POOL_00477,CC[C@@H]1C(=O)SC[C@@H]1Cc1cncn1C
CHEMBL_POOL_00478,CC[C@@H]1COC[C@@H]1Cc1cncn1C
CHEMBL_POOL_00479,CC[C@H](C)[C@H](NC(=O)[C@@H](NC(=O)[C@H](CC(C)C)NC(=O)[C@H](C)NC(=O)[C@H](Cc1ccccc1)NC(=O)OC(C)(C)C)C(C)C)C(=O)N[C@@H](Cc1c[nH]cn1)C(=O)OC
CHEMBL_POOL_00480,CC[C@H](C)[C@H](NC(=O)[C@@H](NC(=O)[C@H]1COCCCN(C(=O)[C@H](Cc2ccccc2)NC(=O)OC(C)(C)C)[C@H](C)C(=O)N1)C(C)C)C(=O)N[C@@H](Cc1c[nH]cn1)C(=O)OC
CHEMBL_POOL_00481,CC[C@H](C)[C@H](NC(=O)[C@H](Cc1c[nH]c2ccccc12)NC(=O)[C@H]1CCCN1C(=O)[C@H](CCCCN)NC[C@@H](N)CCCCN)C(=O)N[C@@H](CC(C)C)C(=O)O
CHEMBL_POOL_00482,CC[C@H](C)[C@H](NC(=O)[C@H](Cc1ccc(O)cc1)NC(=O)[C@@H]1CCCN1C(=O)[C@H](CCCN=C(N)N)NC(=O)[C@@H](N)CCCN=C(N)N)C(=O)C[C@H](Cc1ccccc1)C(=O)O
CHEMBL_POOL_00483,CC[C@H](NC(=O)[C@H](CC1CCCCC1)NC(=O)[C@@H](NC(=O)[C@H](CC(C)C)NC(=O)c1cnccn1)[C@@H](C)CC)C(=O)C(=O)N1CCCC1
CHEMBL_POOL_00484,CC[C@H](NC(=O)[C@H](CC1CCCCC1)NC(=O)[C@@H](NC(=O)[C@H](CC(C)C)NC(=O)c1cnccn1)[C@@H](C)CC)C(=O)C(=O)NCC(N)=O
CHEMBL_POOL_00485,CC[C@H](NC(=O)[C@H](CC1CCCCC1)NC(=O)[C@@H](NC(=O)[C@H](CC(C)C)NC(=O)c1cnccn1)[C@@H](C)CC)C(=O)C(=O)N[C@@H](CCCCN)C(=O)O
CHEMBL_POOL_00486,CC[C@H]1C(=O)SC[C@@H]1Cc1cncn1C
CHEMBL_POOL_00487,CC[C@H]1OC(=O)[C@H](C)C(=O)[C@H](C)[C@@H](O[C@@H]2O[C@H](C)C[C@H](N(C)C)[C@H]2O)[C@](C)(OCC=Cc2cnc3ccccc3c2)C[C@@H](C)C(=O)[C@H](C)[C@H]2NC(=O)O[C@@]21C
CHEMBL_POOL_00488,CC[C@H]1OC(=O)[C@H](C)[C@@H](O[C@H]2C[C@@](C)(OC)[C@@H](O)[C@H](C)O2)[C@H](C)[C@@H](O[C@@H]2O[C@H](C)C[C@H](N(C)C)[C@H]2O)[C@](C)(OC)C[C@@H](C)C(=O)[C@H](C)[C@@H](O)[C@]1(C)O
CHEMBL_POOL_00489,CCc1c(-c2ccccc2)c(O)nc2cc(Cl)ccc12
CHEMBL_POOL_00490,CCc1c(C(=O)C(N)=O)c2c(OCC(=O)O)cccn2c1CC1CCCCCC1
CHEMBL_POOL_00491,CCc1c(C(=O)C(N)=O)c2c(OCC(=O)O)cccn2c1Cc1ccccc1Cc1ccccc1
CHEMBL_POOL_00492,CCc1c(C(=O)C(N)=O)c2cc(OCCC(=O)O)ccn2c1Cc1ccccc1-c1ccccc1
CHEMBL_POOL_00493,CCc1c(O)nc(C)c2cc(OC)c(OC)cc12
CHEMBL_POOL_00494,CCc1c(OC)nc2nc(C(=O)c3ccccc3)cn2c1CC
CHEMBL_POOL_00495,CCc1cc(NCc2ccc3ccccc3c2)c(O)nc1C
CHEMBL_POOL_00496,CCc1cc(NCc2nc3ccccc3s2)c(O)nc1C
CHEMBL_POOL_00497,CCc1cc2c(Cl)ncnc2s1
CHEMBL_POOL_00498,CCc1cc2c(NCc3ccccc3)ncnc2s1
CHEMBL_POOL_00499,CCc1cc2c(Nc3nnc(C)s3)ncnc2s1
CHEMBL_POOL_00500,CCc1cc2c(O)ncnc2s1
CHEMBL_POOL_00501,CCc1cc2c(SCc3ccccc3)ncnc2s1
CHEMBL_POOL_00502,CCc1cc2c(Sc3ccc(C)cc3)cncc2s1
CHEMBL_POOL_00503,CCc1cc2c(Sc3ccc(C)cc3)ncnc2s1
CHEMBL_POOL_00504,CCc1cc2c(Sc3ccccn3)ncnc2s1
CHEMBL_POOL_00505,CCc1cc2c(Sc3nnc(C)s3)ncnc2s1
CHEMBL_POOL_00506,CCc1cc2c(Sc3nnc(N)s3)ncnc2s1
CHEMBL_POOL_00507,CCc1ccc(CC[C@@H]2CCC(C)(C)[C@H](OC)[C@H]2Cn2cncn2)cc1
CHEMBL_POOL_00508,CCc1cccn1C1=CC(C)(C)Oc2ccc(C#N)cc21
CHEMBL_POOL_00509,CCc1ccnc(N)c1
CHEMBL_POOL_00510,CCc1nc(Br)cnc1NS(=O)(=O)c1cccc2c(N(C)C)cccc12
CHEMBL_POOL_00511,CCn1cc(C(=O)O)c(=O)c2cc(F)c(N3CCNCC3)cc21
CHEMBL_POOL_00512,CCn1cc(C(=O)O)c(=O)c2ccc(C)nc21
CHEMBL_POOL_00513,CN(C(=O)[C@H](Cc1ccc(CN)cc1)NS(=O)(=O)c1ccc2ccccc2c1)C1CCCC1
CHEMBL_POOL_00514,CN(C(=O)n1nc(-c2ccncc2)c(-c2ccc(F)cc2)n1)c1ccccc1
CHEMBL_POOL_00515,CN(C)/C=N\c1nc(/N=C/N(C)C)nc2ncc(Sc3ccc(Cl)c(Cl)c3)nc12
CHEMBL_POOL_00516,CN(C)C(=O)c1cc(-c2ccncc2)nnc1Cl
CHEMBL_POOL_00517,CN(C)C1(C)C2CCC(C2)C1(C)C
CHEMBL_POOL_00518,CN(C)C1CC2CCC1(C)C2(C)C
CHEMBL_POOL_00519,CN(C)CC1NCC(c2ccccc2)c2ccccc21
CHEMBL_POOL_00520,CN(C)CC1c2ccccc2C(c2ccccc2)CN1C
CHEMBL_POOL_00521,CN(C)CCCCn1c2ccccc2c2c3c(c4c5ccccc5cnc4c21)C(=O)NC3=O
CHEMBL_POOL_00522,CN(C)CCCN1c2ccccc2CCc2ccc(Cl)cc21
CHEMBL_POOL_00523,CN(C)CCCN1c2ccccc2CCc2ccccc21
CHEMBL_POOL_00524,CN(C)CCCn1cc(C2=C(c3cn(C)c4ccccc34)C(=O)NC2=O)c2ccccc21
CHEMBL_POOL_00525,CN(C)CCNc1c(-c2ccccc2)c(O)nc2cc(Cl)ccc12
CHEMBL_POOL_00526,CN(C)N=Nc1ccc2c(c1)C(=O)N(C)Cc1c(C(=O)OC(C)(C)C)ncn1-2
CHEMBL_POOL_00527,CN(C)c1ccc(-c2nc(SCCCCCN(CCCCCSc3nc(-c4ccccc4)c(-c4ccccc4)[nH]3)C(=O)Nc3ccc(F)cc3F)[nH]c2-c2ccc(N(C)C)cc2)cc1
CHEMBL_POOL_00528,CN(C)c1cccc2c(S(=O)(=O)Nc3ccc(Br)cc3)cccc12
CHEMBL_POOL_00529,CN(C)c1cccc2c(S(=O)(=O)Nc3ccc(Br)cn3)cccc12
CHEMBL_POOL_00530,CN(C)c1cccc2c(S(=O)(=O)Nc3ccc(Br)nc3)cccc12
CHEMBL_POOL_00531,CN(C)c1cccc2c(S(=O)(=O)Nc3ccc(Br)nn3)cccc12
CHEMBL_POOL_00532,CN(C)c1cccc2c(S(=O)(=O)Nc3ccc(C#N)nn3)cccc12
CHEMBL_POOL_00533,CN(C)c1cccc2c(S(=O)(=O)Nc3ccc(Cl)cc3)cccc12
CHEMBL_POOL_00534,CN(C)c1cccc2c(S(=O)(=O)Nc3ccc(Cl)cn3)cccc12
CHEMBL_POOL_00535,CN(C)c1cccc2c(S(=O)(=O)Nc3ccc(Cl)nc3)cccc12
CHEMBL_POOL_00536,CN(C)c1cccc2c(S(=O)(=O)Nc3ccc(Cl)nn3)cccc12
CHEMBL_POOL_00537,CN(C)c1cccc2c(S(=O)(=O)Nc3ccc(I)cn3)cccc12
CHEMBL_POOL_00538,CN(C)c1cccc2c(S(=O)(=O)Nc3ccccn3)cccc12
CHEMBL_POOL_00539,CN(C)c1cccc2c(S(=O)(=O)Nc3cccnc3)cccc12
CHEMBL_POOL_00540,CN(C)c1cccc2c(S(=O)(=O)Nc3cccnn3)cccc12
CHEMBL_POOL_00541,CN(C)c1cccc2c(S(=O)(=O)Nc3cnc(Br)cn3)cccc12
CHEMBL_POOL_00542,CN(C)c1cccc2c(S(=O)(=O)Nc3cnc(Br)nc3)cccc12
CHEMBL_POOL_00543,CN(C)c1cccc2c(S(=O)(=O)Nc3cnc(Cl)cn3)cccc12
CHEMBL_POOL_00544,CN(C)c1cccc2c(S(=O)(=O)Nc3cnccn3)cccc12
CHEMBL_POOL_00545,CN(C)c1cccc2c(S(=O)(=O)Nc3ncc(Br)cn3)cccc12
CHEMBL_POOL_00546,CN(C)c1cccc2c(S(=O)(=O)Nc3ncc(Br)nc3C#N)cccc12
CHEMBL_POOL_00547,CN(C)c1cccc2c(S(=O)(=O)Nc3ncc(Br)nc3O)cccc12
CHEMBL_POOL_00548,CN(C)c1cccc2c(S(=O)(=O)Nc3ncc(Br)nc3OCc3ccccc3)cccc12
CHEMBL_POOL_00549,CN(C)c1cccc2c(S(=O)(=O)Nc3ncc(Cl)cn3)cccc12
CHEMBL_POOL_00550,CN(C)c1cccc2c(S(=O)(=O)Nc3ncccn3)cccc12
CHEMBL_POOL_00551,CN(C)c1ncnc2c1ncn2Cc1c(F)cccc1F
CHEMBL_POOL_00552,CN(C=O)c1ncnc2c1ncn2Cc1ccccc1F
CHEMBL_POOL_00553,CN(CCCN(C)S(=O)(=O)c1ccc(Cl)c([N+](=O)[O-])c1)S(=O)(=O)c1ccc(Cl)c([N+](=O)[O-])c1
CHEMBL_POOL_00554,CN(N=O)c1cc(O)ccc1O
CHEMBL_POOL_00555,CN(N=O)c1ccccc1
CHEMBL_POOL_00556,CN(c1ccccc1)c1ncnc2ccc(N/N=N/Cc3ccccn3)cc12
CHEMBL_POOL_00557,CN(c1ccccc1C(=O)O)S(=O)(=O)c1ccc2ccccc2c1
CHEMBL_POOL_00558,CN/C(=C\[N+](=O)[O-])NC1c2cc(C#N)ccc2OC(C)(C)[C@H]1O
CHEMBL_POOL_00559,CN/C(=N/C1=CC(C)(C)Oc2ccc(C#N)cc21)NC#N
CHEMBL_POOL_00560,CN1C(=O)C2(OCCO2)c2ccccc21
CHEMBL_POOL_00561,CN1C(=O)CN=C(c2ccccc2)c2cc(Cl)ccc21
CHEMBL_POOL_00562,CN1CCCC(CC(=O)N2c3ccccc3C(=O)Nc3cccnc32)C1
CHEMBL_POOL_00563,CN1CCCC1/C(O)=C(\C#N)C(=O)Nc1ccc(C(F)(F)F)cc1
CHEMBL_POOL_00564,CN1CCCCC1=N
CHEMBL_POOL_00565,CN1CCCCC1CN1CCN(Cc2cccnc2)CC1
CHEMBL_POOL_00566,CN1CCCCC1CN1CCN(Cc2ccncc2)CC1
CHEMBL_POOL_00567,CN1CCC[C@H]1CN1CCN(Cc2cccnc2)CC1
CHEMBL_POOL_00568,CN1CCC[C@H]1CN1CCN(Cc2ccncc2)CC1
CHEMBL_POOL_00569,CN1CCC[C@H]1c1cccnc1
CHEMBL_POOL_00570,CN1CCN(c2c(F)cc3c(=O)c(C(=O)O)cn(CCF)c3c2F)CC1
CHEMBL_POOL_00571,CN1CCN(c2cc3c(cc2F)c(=O)c(C(=O)O)cn3-c2ccc(F)cc2)CC1
CHEMBL_POOL_00572,CN1CCN(c2cnc3cc(Cl)ccc3n2)CC1
CHEMBL_POOL_00573,CN1CCN(c2nc3ccc(S(N)(=O)=O)cc3nc2Cl)CC1
CHEMBL_POOL_00574,CN1CCN2CC(c3ccc(Cl)cc3)c3ccccc3C2C1
CHEMBL_POOL_00575,CN1CCN2CC(c3ccc(N)cc3)c3ccccc3C2C1
CHEMBL_POOL_00576,CN1CCN2CC(c3ccc(O)cc3)c3ccccc3C2C1
CHEMBL_POOL_00577,CN1CCN2CC(c3ccc([N+](=O)[O-])cc3)c3ccc([N+](=O)[O-])cc3C2C1
CHEMBL_POOL_00578,CN1CCN2CC(c3ccc([N+](=O)[O-])cc3)c3ccccc3C2C1
CHEMBL_POOL_00579,CN1CCN2CC(c3ccccc3)c3ccccc3C2C1
CHEMBL_POOL_00580,CN1CCN2c3ccccc3Cc3ccccc3C2C1
CHEMBL_POOL_00581,CN1CC[C@]23c4c5ccc(O)c4O[C@H]2[C@@H](NC(=O)CNC(=O)CCC(=O)NCC(=O)N[C@H]2CC[C@@]4(O)[C@H]6Cc7ccc(O)c8c7[C@@]4(CCN6C)[C@H]2O8)CC[C@@]3(O)[C@H]1C5
CHEMBL_POOL_00582,CN1CC[C@]23c4c5ccc(O)c4O[C@H]2[C@@H](NC(=O)CNC(=O)CNC(=O)CNC(=O)CCC(=O)NCC(=O)NCC(=O)NCC(=O)N[C@H]2CC[C@@]4(O)[C@H]6Cc7ccc(O)c8c7[C@@]4(CCN6C)[C@H]2O8)CC[C@@]3(O)[C@H]1C5
CHEMBL_POOL_00583,CN1CC[C@]23c4c5ccc(O)c4O[C@H]2[C@@H](O)[C@@H](c2ccccc2)CC3[C@H]1C5
CHEMBL_POOL_00584,CN1C[C@@H]2Cc3ccccc3[C@]13CCCC[C@@H]23
CHEMBL_POOL_00585,CN1Cc2c(C(=O)OC(C)(C)C)ncn2-c2ccc(Br)cc2C1=O
CHEMBL_POOL_00586,CN1Cc2c(C(=O)OC(C)(C)C)ncn2-c2ccc(Cl)cc2C1=O
CHEMBL_POOL_00587,CN1Cc2c(C(=O)OC(C)(C)C)ncn2-c2ccc(I)cc2C1=O
CHEMBL_POOL_00588,CN1Cc2c(C(=O)OC(C)(C)C)ncn2-c2ccc(N=C=S)cc2C1=O
CHEMBL_POOL_00589,CN1Cc2c(C(=O)OC(C)(C)C)ncn2-c2ccc(N=[N+]=[N-])cc2C1=O
CHEMBL_POOL_00590,CN1Cc2c(C(=O)OC(C)(C)C)ncn2-c2ccc([N+](=O)[O-])cc2C1=O
CHEMBL_POOL_00591,CN1Cc2c(C(=O)OC(C)(C)C)ncn2-c2ccccc2C1=O
CHEMBL_POOL_00592,CN1Cc2c(C(=O)OC(C)(C)C)ncn2-c2ccsc2C1=O
CHEMBL_POOL_00593,CN1Cc2c(C(=O)OCC3CC3)ncn2-c2ccc(Cl)cc2C1=O
CHEMBL_POOL_00594,CN1Cc2c(C(=O)OCCC(C)(C)C)ncn2-c2ccc(Cl)cc2C1=O
CHEMBL_POOL_00595,CNC(=N)NCCCC(N)P(=O)(O)O
CHEMBL_POOL_00596,CNC(=N)NCCCC(N)[PH](=O)O
CHEMBL_POOL_00597,CNC(=O)N1C(=O)C[C@H]1OC(C)=O
CHEMBL_POOL_00598,CNC(=O)NC1c2cc(C#N)ccc2OC(C)(C)[C@H]1O
CHEMBL_POOL_00599,CNC(=O)c1cc(-c2ccncc2)nnc1Cl
CHEMBL_POOL_00600,CNC(=O)c1cc(Cl)nnc1Cl
CHEMBL_POOL_00601,CNC(=O)c1cc2c(Oc3ccc(-c4cccs4)cc3)cncc2s1
CHEMBL_POOL_00602,CNC(=O)c1cc2c(Oc3ccc(-c4nn[nH]n4)cc3)cncc2s1
CHEMBL_POOL_00603,CNC(=O)c1cc2c(Oc3ccc(-c4noc(C(F)(F)F)n4)cc3)cncc2s1
CHEMBL_POOL_00604,CNC(=O)c1cc2c(Oc3ccc(/C=C/C(=O)NCCN(CCO)CCO)cc3)cncc2s1
CHEMBL_POOL_00605,CNC(=O)c1cc2c(Oc3ccc(/C=C/C(=O)NCCc4c[nH]cn4)cc3)cncc2s1
CHEMBL_POOL_00606,CNC(=O)c1cc2c(Oc3ccc(C(=N)NO)cc3)cncc2s1
CHEMBL_POOL_00607,CNC(=O)c1cc2c(Oc3ccc(C(=O)CC(C)(O)c4ccc(Oc5cncc6sc(C(=O)NC)cc56)cc4)cc3)cncc2s1
CHEMBL_POOL_00608,CNC(=O)c1cc2c(Oc3ccc(C(C)=O)cc3)cncc2s1
CHEMBL_POOL_00609,CNC(=O)c1cc2c(Oc3ccc(CO)cc3)cncc2s1
CHEMBL_POOL_00610,CNC(=O)c1cc2c(Oc3ccc(COC)cc3)cncc2s1
CHEMBL_POOL_00611,CNC(=O)c1cc2c(Oc3ccc(N4CCOCC4)cc3)cncc2s1
CHEMBL_POOL_00612,CNC1(C)C2CCC(C2)C1(C)C
CHEMBL_POOL_00613,CNC1C(=O)NC2Cc3ccc(cc3)Oc3cc4cc(c3O[C@@H]3O[C@@H](C(=O)O)[C@@H](O)[C@H](O)[C@@H]3N)Oc3ccc(cc3Cl)C(O)C3NC(=O)C(NC(=O)C4NC(=O)C(NC2=O)c2cc(cc(O)c2Cl)Oc2cc1ccc2O)c1ccc(O)c(c1)-c1c(O[C@H]2O[C@H](CO)[C@@H](O)[C@@H](O)[C@@H]2O)cc(O)cc1[C@H](C(=O)O)NC3=O
CHEMBL_POOL_00614,CNC1C2CCC(C2)C1(C)C
CHEMBL_POOL_00615,CNC1C2CCC(C2)C1C
CHEMBL_POOL_00616,CNC1CC2CCC1(C)C2(C)C
CHEMBL_POOL_00617,CNC1CC2CCC1C2
CHEMBL_POOL_00618,CNCC(=O)N[C@@H](CCCN=C(N)N)C(=O)N1C[C@@H]2C[C@H]1C(=O)N[C@@H](Cc1ccc(O)cc1)C(=O)N[C@H](C(=O)N[C@@H](Cc1c[nH]cn1)C(=O)N1CCC[C@H]1C(=O)N[C@@H](Cc1ccccc1)C(=O)O)CSSC[C@H](C(=O)N[C@H](Cc1c[nH]cn1)C(=O)N1CCC[C@@H]1C(=O)N[C@H](Cc1ccccc1)C(=O)O)NC(=O)[C@@H](Cc1ccc(O)cc1)NC(=O)[C@H]1C[C@H](CN1C(=O)[C@@H](CCCN=C(N)N)NC(=O)CNC)SS2
CHEMBL_POOL_00619,CNCC(=O)N[C@@H](CCCN=C(N)N)C(=O)N[C@H]1CC(=O)NCCC[C@@H](C(=O)N[C@@H](Cc2c[nH]cn2)C(=O)N2CCC[C@H]2C(=O)N[C@H](Cc2ccccc2)C(=O)O)NC(=O)[C@H](Cc2ccc(O)cc2)NC1=O
CHEMBL_POOL_00620,CNCC(=O)N[C@@H](CCCN=C(N)N)C(=O)N[C@H]1CCC(=O)NCCCC[C@@H](C(=O)N[C@@H](Cc2c[nH]cn2)C(=O)N2CCC[C@H]2C(=O)N[C@H](Cc2ccccc2)C(=O)O)NC(=O)[C@H](Cc2ccc(O)cc2)NC1=O
CHEMBL_POOL_00621,CNCC(=O)N[C@@H](CCCN=C(N)N)C(=O)N[C@H]1CSS[C@@H]2C[C@@H](C(=O)N[C@@H](Cc3c[nH]cn3)C(=O)N3CCC[C@H]3C(=O)N[C@@H](Cc3ccccc3)C(=O)O)N(C2)C(=O)[C@H](Cc2ccc(O)cc2)NC1=O
CHEMBL_POOL_00622,CNCC1NCC(c2ccccc2)c2ccccc21
CHEMBL_POOL_00623,CNCCCn1cc(C2=C(c3cn(C)c4ccccc34)C(=O)NC2=O)c2ccccc21
CHEMBL_POOL_00624,CNCCN1C(=O)c2cccc3cc4ccccc4c(c23)C1=O
CHEMBL_POOL_00625,CN[C@@H](CCCNC(=N)N)C(=O)N[C@@H](CCCCN)C(=O)N1CCC[C@H]1C(=O)N[C@@H](Cc1c[nH]c2ccccc12)C(=O)N[C@H](C(=O)N[C@@H](CC(C)C)C(=O)O)C(C)(C)C
CHEMBL_POOL_00626,CNc1c(C(C)C)cc(CN2CCOCC2)cc1C(C)C
CHEMBL_POOL_00627,CNc1cccc2c(S(=O)(=O)Nc3ncc(Br)nc3OC)cccc12
CHEMBL_POOL_00628,CNc1nc(Br)cn2cc(C#N)nc12
CHEMBL_POOL_00629,CNc1ncnc2c1ncn2Cc1c(F)cccc1Cl
CHEMBL_POOL_00630,CNc1ncnc2c1ncn2Cc1c(F)cccc1F
CHEMBL_POOL_00631,CNc1ncnc2c1ncn2Cc1cc(F)ccc1F
CHEMBL_POOL_00632,CNc1ncnc2c1ncn2Cc1ccc(F)cc1F
CHEMBL_POOL_00633,CNc1ncnc2c1ncn2Cc1ccc(N)cc1
CHEMBL_POOL_00634,CNc1ncnc2c1ncn2Cc1cccc(F)c1
CHEMBL_POOL_00635,CNc1ncnc2c1ncn2Cc1cccc(O)c1
CHEMBL_POOL_00636,CNc1ncnc2c1ncn2Cc1cccc(OCc2ccccc2)c1
CHEMBL_POOL_00637,CNc1ncnc2c1ncn2Cc1ccccc1
CHEMBL_POOL_00638,CNn1cc(C(=O)O)c(=O)c2cc(F)c(N3CCN(C)CC3)cc21
CHEMBL_POOL_00639,COC(=O)/C=C/C(=O)Nc1ccc(/C=C/C(=O)N2CCN(c3nc(N)c4cc(OC)c(OC)cc4n3)CC2)cc1
CHEMBL_POOL_00640,COC(=O)/C=C/C(=O)Nc1ccc(CCCCC(=O)N2CCN(c3nc(N)c4cc(OC)c(OC)cc4n3)CC2)cc1
CHEMBL_POOL_00641,COC(=O)/C=C/C=C/C(=O)N1CCN(c2nc(N)c3cc(OC)c(OC)cc3n2)CC1
CHEMBL_POOL_00642,COC(=O)/C=C/CC1C(=O)N2[C@@H](C(=O)O)C(C)(C)S(=O)(=O)[C@@H]12
CHEMBL_POOL_00643,COC(=O)/C=C/CC1C(=O)N2[C@@H](C(=O)O)C(C)(C)S(=O)(=O)[C@H]12
CHEMBL_POOL_00644,COC(=O)/C=C/c1cc(O)nnc1-c1ccccc1
CHEMBL_POOL_00645,COC(=O)/C=C1\CCN(CC2CCCCN2C(=O)Cc2ccc(Cl)c(Cl)c2)C1
CHEMBL_POOL_00646,COC(=O)C(=O)N[C@H](C)C(=O)OC
CHEMBL_POOL_00647,COC(=O)C1=CCCN(C)C1
CHEMBL_POOL_00648,COC(=O)C1=CCCNC1
CHEMBL_POOL_00649,COC(=O)C1C(Cc2ccccc2)CC2CCC1N2C
CHEMBL_POOL_00650,COC(=O)CC/C=C\CC[C@H]1C(=O)C[C@@H](O)[C@@H]1/C=C/CC(C)(O)CCC1CC1
CHEMBL_POOL_00651,COC(=O)CC/C=C\CC[C@H]1C(=O)C[C@@H](O)[C@@H]1/C=C/CC(C)(O)CCC1CCC1
CHEMBL_POOL_00652,COC(=O)CC/C=C\CC[C@H]1C(=O)C[C@@H](O)[C@@H]1/C=C/CC(C)(O)CCC1CCCC1
CHEMBL_POOL_00653,COC(=O)CC/C=C\CC[C@H]1C(=O)C[C@@H](O)[C@@H]1/C=C/CC(C)(O)CCC1CCCCC1
CHEMBL_POOL_00654,COC(=O)CC/C=C\CC[C@H]1C(=O)C[C@@H](O)[C@@H]1/C=C/CC(C)(O)CCC1CCCCCC1
CHEMBL_POOL_00655,COC(=O)CC/C=C\CC[C@H]1C(=O)C[C@@H](O)[C@@H]1/C=C/CC(C)(O)CCCCO
CHEMBL_POOL_00656,COC(=O)CC[C@H](CCO)C[C@@H](C)[C@@H]1CC(=O)[C@H](C)/C=C(\C)[C@@H](O)[C@@H](OC)C(=O)[C@H](C)C[C@H](C)/C=C/C=C/C=C(\C)[C@@H](OC)C[C@@H]2CC[C@@H](C)[C@@](O)(O2)C(=O)C(=O)N2CCCC[C@H]2C(=O)O1
CHEMBL_POOL_00657,COC(=O)CCc1c(-c2ccccc2)c(O)nc2cc(Cl)ccc12
CHEMBL_POOL_00658,COC(=O)CNC(=O)C(=O)OC
CHEMBL_POOL_00659,COC(=O)COc1cccn2c(Cc3ccccc3-c3ccccc3)c(C(C)C)c(C(=O)C(N)=O)c12
CHEMBL_POOL_00660,COC(=O)COc1cccn2c(Cc3ccccc3-c3ccccc3)c(C)c(C(=O)C(N)=O)c12
CHEMBL_POOL_00661,COC(=O)N(C)C(C(=O)N[C@@H](Cc1ccccc1)[C@H](O)CN(CC1CCCCC1)NC(=O)C(C(C)C)N(C)C(=O)OC)C(C)C
CHEMBL_POOL_00662,COC(=O)NC(C(=O)NN(Cc1ccc(OC)cc1)C[C@H](O)[C@H](Cc1ccccc1)NC(=O)[C@H](CC(N)=O)NC(=O)c1ccc2ccccc2n1)C(C)C
CHEMBL_POOL_00663,COC(=O)N[C@H](C(=O)NO)[C@H]1CCN(c2ccc(OCc3cc(C)nc4ccccc34)cc2)C1=O
CHEMBL_POOL_00664,COC(=O)N[C@H](C(=O)N[C@@H](Cc1ccccc1)C(O)CN(Cc1ccc(F)cc1)NC(=O)[C@@H](NC(=O)OC)C(C)C)C(C)C
CHEMBL_POOL_00665,COC(=O)Nc1ccc(C2CC3CCC2N3)cn1
CHEMBL_POOL_00666,COC(=O)OC1CCC2(C)C(CCC3C2CCC2(C)[C@@H](C4=CC(=O)OC4)C(O)CC32O)C1
CHEMBL_POOL_00667,COC(=O)OC1CCC2(C)C(CCC3C2CCC2(C)[C@@H](C4=CC(=O)OC4)C(OC(=O)OC)CC32O)C1
CHEMBL_POOL_00668,COC(=O)[C@@H](N)CO
CHEMBL_POOL_00669,COC(=O)[C@@H]1C2CC[C@H](C[C@H]1OC(=O)c1ccc3ccccc3c1)N2C
CHEMBL_POOL_00670,COC(=O)[C@@H]1C2CC[C@H](C[C@H]1c1ccc(-c3ccccc3)cc1)N2C
CHEMBL_POOL_00671,COC(=O)[C@@H]1NC(=O)C2NC(=O)C(NC(=O)C(NC(=O)OC(C)(C)C)c3cc(Oc4ccc(CC(NC(=O)OCc5ccccc5)C(=O)O)cc4Cl)c(O)c(c3)Oc3ccc(cc3Cl)C2O)c2ccc(O)c(c2)-c2c1cc(O)c(CNC1C3CC4CC(C3)CC1C4)c2O
CHEMBL_POOL_00672,COC(=O)[C@H](Cc1ccc(C#Cc2ccccc2)cc1)NC(=O)CNC(=O)[C@@H](CCC(N)=O)N=C(N)N
CHEMBL_POOL_00673,COC(=O)c1[nH]c2c(c1C(=O)OC)C13CC1CN(C(=O)c1cc4cc(NC(=O)c5cc6ccccc6o5)ccc4[nH]1)C3=CC2=O
CHEMBL_POOL_00674,COC(=O)c1c(C(F)(F)F)[nH]c2c1C13CC1CN(C(=O)c1cc4cc(NC(=O)c5cc6ccccc6[nH]5)ccc4[nH]1)C3=CC2=O
CHEMBL_POOL_00675,COC(=O)c1cc2c(Sc3ccc(C)cc3)cncc2s1
CHEMBL_POOL_00676,COC(=O)c1ccc(C2=CC(=O)C(=O)c3ccccc32)cc1
CHEMBL_POOL_00677,COC(=O)c1ncn2c1CN(C)C(=O)c1cc(Cl)ccc1-2
CHEMBL_POOL_00678,COC(=O)c1ncn2c1CN(C)C(=O)c1ccccc1-2
CHEMBL_POOL_00679,COC(=O)c1ncn2c1CN(C)C(=O)c1sccc1-2
CHEMBL_POOL_00680,COC1(OC)C(=O)Nc2ccccc21
CHEMBL_POOL_00681,COCCNC(=O)C1CCN(c2nc(N)c3cc(OC)c(OC)cc3n2)CC1
CHEMBL_POOL_00682,COCCNc1ccc(N2C(=O)c3ccc(C(=O)O)cc3C2=O)cc1-c1nc2cc(-c3cc(F)cc(F)c3)ccc2o1
CHEMBL_POOL_00683,COCCNc1ccc(N2C(=O)c3ccc(C(=O)O)cc3C2=O)cc1-c1nc2cc(-c3ccccc3)ccc2o1
CHEMBL_POOL_00684,COCCOCCOCc1ccc(Oc2cncc3sc(C(N)=O)cc23)cc1
CHEMBL_POOL_00685,COCCc1ccc(OCC(O)CN(CC(O)COc2ccc(CCOC)cc2)C(C)COCC(C)OCC(C)OCC(C)N(CC(O)COc2ccc(CCOC)cc2)CC(O)COc2ccc(CCOC)cc2)cc1
CHEMBL_POOL_00686,COCCc1ccc(OCC(O)CNC(C)C)cc1
CHEMBL_POOL_00687,COCc1c2ccoc2c(OC)c2oc(=O)ccc12
CHEMBL_POOL_00688,CON(C)C(=O)/C=C/CC1C(=O)N2[C@@H]1[S+]([O-])C(C)(C)[C@@H]2C(=O)O
CHEMBL_POOL_00689,CON(C)C(=O)c1cc2c(Sc3ccc(C)cc3)cncc2s1
CHEMBL_POOL_00690,CONC(=O)Nc1ccc(-c2nc3n(Cc4c(F)cccc4F)cc(C(=O)OC(C)C)c(=O)n3c2CN(C)Cc2ccccc2)cc1
CHEMBL_POOL_00691,CONC(=O)c1cc2c(Sc3ccc(C)cc3)cncc2s1
CHEMBL_POOL_00692,CO[C@H]1C[C@@H]2CC[C@@H](C)[C@@](O)(O2)C(=O)C(=O)N2CCCC[C@H]2C(=O)O[C@H]([C@H](C)C[C@@H]2CC[C@@H](O)[C@H](OC)C2)CC(=O)[C@H](C)/C=C(\C)[C@@H](O)[C@@H](OC)C(=O)[C@H](C)C[C@H](C)/C=C/C=C/C=C/1C
CHEMBL_POOL_00693,COc1c(CC(=O)O)cccc1-c1ccc(Cl)cc1
CHEMBL_POOL_00694,COc1c(OC)c2c3c(nccc3c1OC)-c1cc(O)c(=O)ccc1-2
CHEMBL_POOL_00695,COc1c([C@H](CC(C)C)OC(C)=O)ccc2c1C(=O)OCc1cc(C)cc(O)c1O2
CHEMBL_POOL_00696,COc1c2occc2c(CO)c2ccc(=O)oc12
CHEMBL_POOL_00697,COc1c2occc2c(COCCCO)c2ccc(=O)oc12
CHEMBL_POOL_00698,COc1c2occc2cc2ccc(=O)oc12
CHEMBL_POOL_00699,COc1cc(-c2ccc(Cl)cc2)ccc1CC(=O)O
CHEMBL_POOL_00700,COc1cc(-c2ccc(N3CC(CNC(C)=O)OC3=O)cc2)cccc1=O
CHEMBL_POOL_00701,COc1cc(/C=C(\C#N)C(=O)O)cc(OC)c1O
CHEMBL_POOL_00702,COc1cc(/C=C/c2cnc3nc(N)nc(N)c3c2)cc(OC)c1OC
CHEMBL_POOL_00703,COc1cc(Br)c2c3c([nH]c2c1)CNCC3
CHEMBL_POOL_00704,COc1cc(C(=O)N2CCN(C(=O)c3cc(OC)c(OC)c(OC)c3)C(CNC(=O)C(C)(C)C)C2)cc(OC)c1OC
CHEMBL_POOL_00705,COc1cc(C(=O)N2CCN(C(=O)c3cc(OC)c(OC)c(OC)c3)C(COC(=O)C(C)(C)C)C2)cc(OC)c1OC
CHEMBL_POOL_00706,COc1cc(C(=O)N2CCN(C(=O)c3cc(OC)c(OC)c(OC)c3)C(COC(=O)C3CCCCC3)C2)cc(OC)c1OC
CHEMBL_POOL_00707,COc1cc(C(=O)N2CCN(C(=O)c3cc(OC)c(OC)c(OC)c3)C(COC(=O)CC(C)(C)C)C2)cc(OC)c1OC
CHEMBL_POOL_00708,COc1cc(C(=O)N2CCN(C(=O)c3cc(OC)c(OC)c(OC)c3)C(COC(=O)COc3ccc(Cl)cc3)C2)cc(OC)c1OC
CHEMBL_POOL_00709,COc1cc(C(=O)N2CCN(C(=O)c3cc(OC)c(OC)c(OC)c3)C(COC(=O)COc3ccc(F)cc3)C2)cc(OC)c1OC
CHEMBL_POOL_00710,COc1cc(C(=O)N2CCN(C(=O)c3cc(OC)c(OC)c(OC)c3)C(COC(=O)N3CCCCC3)C2)cc(OC)c1OC
CHEMBL_POOL_00711,COc1cc(C(=O)N2CCN(C(=O)c3cc(OC)c(OC)c(OC)c3)C(COC(=O)NC(C)(C)C)C2)cc(OC)c1OC
CHEMBL_POOL_00712,COc1cc(C(=O)N2CCN(C(=O)c3cc(OC)c(OC)c(OC)c3)C(COC(=O)NC(C)C(C)(C)C)C2)cc(OC)c1OC
CHEMBL_POOL_00713,COc1cc(C(=O)N2CCN(C(=O)c3cc(OC)c(OC)c(OC)c3)C(COC(=O)NC(C)C(C)C)C2)cc(OC)c1OC
CHEMBL_POOL_00714,COc1cc(C(=O)N2CCN(C(=O)c3cc(OC)c(OC)c(OC)c3)C(COC(=O)NC(C)CC(C)C)C2)cc(OC)c1OC
CHEMBL_POOL_00715,COc1cc(C(=O)N2CCN(C(=O)c3cc(OC)c(OC)c(OC)c3)C(COC(=O)NCC(C)(C)C)C2)cc(OC)c1OC
CHEMBL_POOL_00716,COc1cc(C(=O)N2CCN(C(=O)c3cc(OC)c(OC)c(OC)c3)C(COC(=O)NCCC(C)C)C2)cc(OC)c1OC
CHEMBL_POOL_00717,COc1cc(C(=O)N2CCN(C(=O)c3cc(OC)c(OC)c(OC)c3)C(COC(=O)c3ccccc3Cl)C2)cc(OC)c1OC
CHEMBL_POOL_00718,COc1cc(C(=O)N2CCN(C(=O)c3cc(OC)c(OC)c(OC)c3)C(COC(C)=O)C2)cc(OC)c1OC
CHEMBL_POOL_00719,COc1cc(C(=O)N2CCN(C(=O)c3cc(OC)c(OC)c(OC)c3)CC2)cc(OC)c1OC
CHEMBL_POOL_00720,COc1cc(C(F)(F)F)c(OC)cc1CC(C)N
CHEMBL_POOL_00721,COc1cc(C)cc2c1Oc1ccc([C@H](CC(C)C)OC(C)=O)c(OC)c1C(=O)OC2
CHEMBL_POOL_00722,COc1cc(C=C(C#N)C#N)cc(OC)c1
CHEMBL_POOL_00723,COc1cc(C=C(C#N)C#N)cc(OC)c1O
CHEMBL_POOL_00724,COc1cc(CC(C)N)c(OC)cc1Br
CHEMBL_POOL_00725,COc1cc(CC(C)N)c(OC)cc1I
CHEMBL_POOL_00726,COc1cc(CCC2CNc3nc(N)nc(N)c3C2)cc(OC)c1OC
CHEMBL_POOL_00727,COc1cc(CCc2cnc3nc(N)nc(N)c3c2)cc(OC)c1OC
CHEMBL_POOL_00728,COc1cc(CNC(=O)[C@@H]2CCCN2C(=O)C(N)C(c2ccccc2)c2ccccc2)cc(OC)c1
CHEMBL_POOL_00729,COc1cc(Cc2ccc3c(c2)OCO3)cc(OC)c1OC
CHEMBL_POOL_00730,COc1cc(N(C)Cc2cnc3nc(N)nc(N)c3c2C)cc(OC)c1OC
CHEMBL_POOL_00731,COc1cc(N2CCN(c3cc(OC)c(OC)c(OC)c3)CC2)cc(OC)c1OC
CHEMBL_POOL_00732,COc1cc(NC(=O)OCC2CN(C(=O)c3cc(OC)c(OC)c(OC)c3)CCN2C(=O)c2cc(OC)c(OC)c(OC)c2)cc(OC)c1OC
CHEMBL_POOL_00733,COc1cc(OC)c(NC(=O)N(c2ccccc2)c2nnn(CCCCCCCCOC3CCCCO3)n2)c(OC)c1
CHEMBL_POOL_00734,COc1cc2c(C)nc(O)c(C(C)C)c2cc1OC
CHEMBL_POOL_00735,COc1cc2c(cc1C)CC(N)C2
CHEMBL_POOL_00736,COc1cc2c(cc1O)CCCc1cc(OC)c(OC)c(OC)c1-2
CHEMBL_POOL_00737,COc1cc2nc(C(=O)c3ccccc3)cn2c2ccc(C(C)C)cc12
CHEMBL_POOL_00738,COc1cc2nc(N3CCC(C(=O)N(C)Cc4ccccc4)CC3)nc(N)c2cc1OC
CHEMBL_POOL_00739,COc1cc2nc(N3CCC(C(=O)N4CCOCC4)CC3)nc(N)c2cc1OC
CHEMBL_POOL_00740,COc1cc2nc(N3CCC(C(=O)NC4CCCC4)CC3)nc(N)c2cc1OC
CHEMBL_POOL_00741,COc1cc2nc(N3CCC(C(=O)NCC4CC4)CC3)nc(N)c2cc1OC
CHEMBL_POOL_00742,COc1cc2nc(N3CCC(C(=O)NCCO)CC3)nc(N)c2cc1OC
CHEMBL_POOL_00743,COc1cc2nc(N3CCC(C(=O)NCCOc4ccccc4)CC3)nc(N)c2cc1OC
CHEMBL_POOL_00744,COc1cc2nc(N3CCC(C(=O)NCCc4ccccc4)CC3)nc(N)c2cc1OC
CHEMBL_POOL_00745,COc1cc2nc(N3CCC(C(=O)NCc4ccccc4)CC3)nc(N)c2cc1OC
CHEMBL_POOL_00746,COc1cc2nc(N3CCC(C(=O)Nc4ccccc4)CC3)nc(N)c2cc1OC
CHEMBL_POOL_00747,COc1cc2nc(N3CCC(C(N)=O)CC3)nc(N)c2cc1OC
CHEMBL_POOL_00748,COc1cc2nc(N3CCC(CC(=O)NCC4CC4)CC3)nc(N)c2cc1OC
CHEMBL_POOL_00749,COc1cc2nc(N3CCN(/C(S)=N/C4CCCCC4)CC3)nc(N)c2cc1OC
CHEMBL_POOL_00750,COc1cc2nc(N3CCN(/C(S)=N/c4ccc(N=[N+]=[N-])cc4)CC3)nc(N)c2cc1OC
CHEMBL_POOL_00751,COc1cc2nc(N3CCN(/C(S)=N/c4ccc(NC(=S)N5CC5)cc4)CC3)nc(N)c2cc1OC
CHEMBL_POOL_00752,COc1cc2nc(N3CCN(/C(S)=N/c4ccccc4)CC3)nc(N)c2cc1OC
CHEMBL_POOL_00753,COc1cc2nc(N3CCN(C(=O)/C(F)=C/c4ccccc4)CC3)nc(N)c2cc1OC
CHEMBL_POOL_00754,COc1cc2nc(N3CCN(C(=O)/C=C/C(=O)c4ccccc4)CC3)nc(N)c2cc1OC
CHEMBL_POOL_00755,COc1cc2nc(N3CCN(C(=O)/C=C/c4ccc(Br)cc4)CC3)nc(N)c2cc1OC
CHEMBL_POOL_00756,COc1cc2nc(N3CCN(C(=O)/C=C/c4ccc(Cl)cc4)CC3)nc(N)c2cc1OC
CHEMBL_POOL_00757,COc1cc2nc(N3CCN(C(=O)/C=C/c4ccc(F)cc4)CC3)nc(N)c2cc1OC
CHEMBL_POOL_00758,COc1cc2nc(N3CCN(C(=O)/C=C/c4ccc(N=C=S)cc4)CC3)nc(N)c2cc1OC
CHEMBL_POOL_00759,COc1cc2nc(N3CCN(C(=O)/C=C/c4ccc(NC(=O)CBr)cc4)CC3)nc(N)c2cc1OC
CHEMBL_POOL_00760,COc1cc2nc(N3CCN(C(=O)/C=C/c4cccc(F)c4)CC3)nc(N)c2cc1OC
CHEMBL_POOL_00761,COc1cc2nc(N3CCN(C(=O)/C=C/c4ccccc4)CC3)nc(N)c2cc1OC
CHEMBL_POOL_00762,COc1cc2nc(N3CCN(C(=O)C4=CC5C=CC4CC5)CC3)nc(N)c2cc1OC
CHEMBL_POOL_00763,COc1cc2nc(N3CCN(C(=O)C4CC4c4ccccc4)CC3)nc(N)c2cc1OC
CHEMBL_POOL_00764,COc1cc2nc(N3CCN(C(=O)C4CC5C=CC4C5)CC3)nc(N)c2cc1OC
CHEMBL_POOL_00765,COc1cc2nc(N3CCN(C(=O)C4OC4c4ccccc4)CC3)nc(N)c2cc1OC
CHEMBL_POOL_00766,COc1cc2nc(N3CCN(C(=O)CCc4ccccc4)CC3)nc(N)c2cc1OC
CHEMBL_POOL_00767,COc1cc2nc(N3CCN(C(=O)COc4ccccc4)CC3)nc(N)c2cc1OC
CHEMBL_POOL_00768,COc1cc2nc(N3CCN(C(=O)Nc4ccccc4)CC3)nc(N)c2cc1OC
CHEMBL_POOL_00769,COc1cc2nc(N3CCN(C(=O)c4ccc(N=C=S)c(I)c4)CC3)nc(N)c2cc1OC
CHEMBL_POOL_00770,COc1cc2nc(N3CCN(C(=O)c4ccc5ccccc5c4)CC3)nc(N)c2cc1OC
CHEMBL_POOL_00771,COc1cc2nc(N3CCN(C(=O)c4cccc(CCl)c4)CC3)nc(N)c2cc1OC
CHEMBL_POOL_00772,COc1cc2nc(N3CCN(C(=O)c4ccco4)CC3)nc(N)c2cc1OC
CHEMBL_POOL_00773,COc1cc2nc(N3CCN(S(=O)(=O)c4ccc(C)cc4)CC3)nc(N)c2cc1OC
CHEMBL_POOL_00774,COc1cc2nc(N3CCN(S(=O)(=O)c4cccs4)CC3)nc(N)c2cc1OC
CHEMBL_POOL_00775,COc1ccc(-c2c(-c3ccccn3)nc3n2CCC3)cc1
CHEMBL_POOL_00776,COc1ccc(-c2cc(C(N)=O)c(Cl)nn2)cc1
CHEMBL_POOL_00777,COc1ccc(-c2cc(Oc3ccc([N+](=O)[O-])cc3)nnc2-c2ccc(OC)cc2)cc1
CHEMBL_POOL_00778,COc1ccc(-c2ccc(Cl)cc2)cc1CC(=O)O
CHEMBL_POOL_00779,COc1ccc(-c2ccc(N3CC(CNC(C)=O)OC3=O)cc2)ccc1=O
CHEMBL_POOL_00780,COc1ccc(-c2ccc3c(c2)OCO3)c(OC)c1OC
CHEMBL_POOL_00781,COc1ccc(-c2ccc3oc(-c4ccc(OC)c(N5C(=O)c6ccc(C(=O)O)cc6C5=O)c4)nc3c2)cc1
CHEMBL_POOL_00782,COc1ccc(-c2cccc(CN3CCN(c4ncccn4)CC3)c2)cc1
CHEMBL_POOL_00783,COc1ccc(-c2nc(SCCCCCN(CCCn3ccnc3)C(=O)NC(C)C)[nH]c2-c2ccc(OC)cc2)cc1
CHEMBL_POOL_00784,COc1ccc(-c2nc3cc(-c4ccc(F)c(F)c4)ccc3o2)cc1N1C(=O)c2ccc(C(=O)O)cc2C1=O
CHEMBL_POOL_00785,COc1ccc(-c2nc3cc(-c4ccc(OC(F)(F)F)cc4)ccc3o2)cc1N1C(=O)c2ccc(C(=O)O)cc2C1=O
CHEMBL_POOL_00786,COc1ccc(-c2nc3cc(-c4cccc(Cl)c4)ccc3o2)cc1N1C(=O)c2ccc(C(=O)O)cc2C1=O
CHEMBL_POOL_00787,COc1ccc(-c2nc3cc(-c4cccc(F)c4)ccc3o2)cc1N1C(=O)c2ccc(C(=O)O)cc2C1=O
CHEMBL_POOL_00788,COc1ccc(-c2nc3ccccc3o2)cc1N1C(=O)c2ccc(C(=O)O)cc2C1=O
CHEMBL_POOL_00789,COc1ccc(-n2nc(-c3ccncc3)c(-c3ccc(F)cc3)n2)cc1OC
CHEMBL_POOL_00790,COc1ccc(/C=C/C(=O)N2CCN(c3nc(N)c4cc(OC)c(OC)cc4n3)CC2)cc1
CHEMBL_POOL_00791,COc1ccc(/N=C2/C(=O)c3cncnc3C(O)=C2Cl)c(OC)c1
CHEMBL_POOL_00792,COc1ccc(C(=O)c2ccc(-n3ncc(=O)[nH]c3=O)cc2)cc1
CHEMBL_POOL_00793,COc1ccc(C(=O)n2nc(-c3ccncc3)c(-c3ccc(F)cc3)n2)cc1
CHEMBL_POOL_00794,COc1ccc(C(OCCC2CCN(CCCc3ccccc3)CC2)c2ccc(OC)cc2)cc1
CHEMBL_POOL_00795,COc1ccc(C2(O)c3ccccc3C3=NCCCN32)cc1OC
CHEMBL_POOL_00796,COc1ccc(C2CN3CCN(C)CC3c3ccccc32)cc1
CHEMBL_POOL_00797,COc1ccc(CC(=O)O)c(-c2ccc(Cl)cc2)c1
CHEMBL_POOL_00798,COc1ccc(CC(=O)O)cc1-c1ccc(Cl)cc1
CHEMBL_POOL_00799,COc1ccc(CCN2CCC(C(=O)NO)(S(=O)(=O)c3ccc(OC)cc3)CC2)cc1
CHEMBL_POOL_00800,COc1ccc(CN(C)C(=O)N2C(=O)C[C@@H]2Cc2ccccc2)cc1
CHEMBL_POOL_00801,COc1ccc(Cn2cc[nH]c2=S)cc1OC
CHEMBL_POOL_00802,COc1ccc(N(C)Cc2cnc3nc(N)nc(N)c3c2C)c(OC)c1
CHEMBL_POOL_00803,COc1ccc(N2C(N)=NC(N)=NC2(C)C)cc1
CHEMBL_POOL_00804,COc1ccc(NN=C(C#N)C#N)cc1
CHEMBL_POOL_00805,COc1ccc(NS(=O)(=O)c2cccc3c(N(C)C)cccc23)nn1
CHEMBL_POOL_00806,COc1ccc(OC)c(C[C@@H](C)N)c1
CHEMBL_POOL_00807,COc1ccc(S(=O)(=O)C2(C(=O)NO)CCN(Cc3cccc(OC)c3)CC2)cc1
CHEMBL_POOL_00808,COc1ccc(S(=O)(=O)N2C/C(=N\OC(C)(C)C)C[C@@H]2C(=O)NO)cc1
CHEMBL_POOL_00809,COc1ccc(S(=O)(=O)N2CC(NOC(C)(C)C)C[C@@H]2C(=O)NO)cc1
CHEMBL_POOL_00810,COc1ccc(S(=O)(=O)N2CCN(C(=O)COc3ccccc3)CC2C(=O)NO)cc1
CHEMBL_POOL_00811,COc1ccc(S(=O)(=O)N2CCN(C(=O)N3CCCCCC3)CC2C(=O)NO)cc1
CHEMBL_POOL_00812,COc1ccc(S(=O)(=O)N2CCN(C(=O)NCc3ccccc3)CC2C(=O)NO)cc1
CHEMBL_POOL_00813,COc1ccc(S(=O)(=O)N2CCN(C(=O)OCc3ccccc3)CC2C(=O)NO)cc1
CHEMBL_POOL_00814,COc1ccc(S(=O)(=O)N2CCN(C(=O)OCc3cccnc3)CC2C(=O)NO)cc1
CHEMBL_POOL_00815,COc1ccc(S(=O)(=O)N2CCN(C(=O)c3ccc(-c4ccccc4)cc3)CC2C(=O)NO)cc1
CHEMBL_POOL_00816,COc1ccc(Sc2cnc3nc(N)nc(N)c3n2)cc1
CHEMBL_POOL_00817,COc1ccc(Sc2cncc3sc(C(N)=O)cc23)cc1
CHEMBL_POOL_00818,COc1ccc([C@H](Cc2ccncc2)c2ccsc2)cc1OC1CCCC1
CHEMBL_POOL_00819,COc1ccc2[nH]c3c(c2c1)CCN=C3
CHEMBL_POOL_00820,COc1ccc2[nH]c3c(c2c1)CCNC3
CHEMBL_POOL_00821,COc1ccc2c(=O)n3cc(C(=O)NCCCCc4cccnc4)ccc3nc2c1
CHEMBL_POOL_00822,COc1ccc2c(Cc3c(Cl)c[n+]([O-])cc3Cl)nnc(-c3nccs3)c2c1
CHEMBL_POOL_00823,COc1ccc2c(Cc3c(Cl)cncc3Cl)nnc(-c3ccccc3)c2c1
CHEMBL_POOL_00824,COc1ccc2c(c1)CCC=C2CCCN1CCN(c2ccccc2)CC1
CHEMBL_POOL_00825,COc1ccc2c(c1)CN(C(N)=O)N=C2Cc1c(Cl)cncc1Cl
CHEMBL_POOL_00826,COc1ccc2c(c1)[nH]c1c(C)nccc12
CHEMBL_POOL_00827,COc1ccc2c(c1)[nH]c1cnccc12
CHEMBL_POOL_00828,COc1ccc2c(c1)c(CC(=O)O)c(C)n2C(=O)c1ccc(Cl)cc1
CHEMBL_POOL_00829,COc1ccc2c(c1)cc1n2CCNC1
CHEMBL_POOL_00830,COc1ccc2c(c1OC1CCCC1)CN(C(C)=O)N=C2Cc1c(Cl)cncc1Cl
CHEMBL_POOL_00831,COc1ccc2c3c([nH]c2c1)C=NCC3
CHEMBL_POOL_00832,COc1ccc2c3c([nH]c2c1)CNCC3
CHEMBL_POOL_00833,COc1ccc2cc3n(c2c1)CCNC3
CHEMBL_POOL_00834,COc1ccc2nc(N3CCNCC3)cnc2c1
CHEMBL_POOL_00835,COc1ccc2ncc(N3CCNCC3)nc2c1
CHEMBL_POOL_00836,COc1ccc2sc(C(N)=O)c(OC(C)C)c2c1
CHEMBL_POOL_00837,COc1cccc(-c2ccc(Cl)cc2)c1CC(=O)O
CHEMBL_POOL_00838,COc1cccc(-c2ccc(N3CC(CNC(C)=O)OC3=O)cc2)cc1=O
CHEMBL_POOL_00839,COc1cccc(-n2nc(C(=O)Nc3cc(Cl)cc(Cl)c3)cc2C)c1
CHEMBL_POOL_00840,COc1cccc(C#C/C(C)=C\CO/N=C2/CN3CCC2C3)c1
CHEMBL_POOL_00841,COc1cccc(CC(=O)O)c1-c1ccc(Cl)cc1
CHEMBL_POOL_00842,COc1cccc(N2C(N)=NC(N)=NC2(C)C)c1
CHEMBL_POOL_00843,COc1cccc2[nH]c3c(c12)CCN=C3
CHEMBL_POOL_00844,COc1cccc2[nH]c3c(c12)CCNC3
CHEMBL_POOL_00845,COc1cccc2c1C(=O)c1c(O)c3c(c(O)c1C2=O)C[C@@](O)(C(=O)CO)C[C@@H]3OC1CC(N)C(O)C(C)O1
CHEMBL_POOL_00846,COc1cccc2c1C(=O)c1c(O)c3c(c(O)c1C2=O)C[C@@](O)(C(=O)CO)C[C@@H]3OC1C[C@H](NC(=O)OCC2=C(C(=O)OC(C)(C)C)N3C(=O)/C(=C/OC(=O)C(C)(C)C)[C@@H]3S(=O)(=O)C2)[C@@H](O)[C@H](C)O1
CHEMBL_POOL_00847,COc1cccc2c1C(=O)c1c(O)c3c(c(O)c1C2=O)C[C@@](O)(C(=O)CO)C[C@@H]3O[C@H]1C[C@H](N)[C@@H](O)[C@H](C)O1
CHEMBL_POOL_00848,COc1cccc2c1C(=O)c1c(O)c3c(c(O)c1C2=O)C[C@@](O)(C(=O)CO)C[C@@H]3O[C@H]1C[C@H](NC(=O)OCC2=C(C(=O)OC(C)(C)C)N3C(=O)[C@@H](Cl)[C@@H]3S(=O)(=O)C2)[C@@H](O)[C@H](C)O1
CHEMBL_POOL_00849,COc1cccc2c1C[C@@H](CO)NC(=O)[C@H](C(C)C)N2C
CHEMBL_POOL_00850,COc1cccc2c3c([nH]c12)C=NCC3
CHEMBL_POOL_00851,COc1cccc2c3c([nH]c12)CNCC3
CHEMBL_POOL_00852,COc1cccc2nc(N3CCNCC3)cnc12
CHEMBL_POOL_00853,COc1ccccc1-c1ccc2oc(-c3ccc(OC)c(N4C(=O)c5ccc(C(=O)O)cc5C4=O)c3)nc2c1
CHEMBL_POOL_00854,COc1ccccc1Cn1cc[nH]c1=S
CHEMBL_POOL_00855,COc1nc(Br)cnc1NS(=O)(=O)c1cccc2c(N(C)C)cccc12
CHEMBL_POOL_00856,COc1nc(Br)cnc1NS(=O)(=O)c1cccc2ccccc12
CHEMBL_POOL_00857,COc1nc(C)cnc1NS(=O)(=O)c1cccc2c(N(C)C)cccc12
CHEMBL_POOL_00858,COc1nc(Cl)cnc1NS(=O)(=O)c1cccc2c(N(C)C)cccc12
CHEMBL_POOL_00859,COc1nnc(-c2ccncc2)cc1C(N)=O
CHEMBL_POOL_00860,CS(=O)(=O)Nc1cc2c3ccccc3nc-2c[nH]1
CHEMBL_POOL_00861,CS(=O)(=O)c1c(F)cc(-c2cc(C(N)=O)c(Cl)nn2)cc1F
CHEMBL_POOL_00862,CS(=O)(=O)c1ccc(C(=O)c2ccc(-n3ncc(=O)[nH]c3=O)cc2Cl)cc1
CHEMBL_POOL_00863,CS(=O)(=O)c1ccc(CSc2nc(-c3ccc(F)cc3)c(-c3ccncc3)[nH]2)cc1
CHEMBL_POOL_00864,CS(=O)(=O)c1ccc2nc(N3CCNCC3)cnc2c1
CHEMBL_POOL_00865,CSCC[C@H](NC(=O)[C@@H](Cc1ccccc1)NC(=O)[C@@H](NC(=O)[C@@H](N)CS)C(C)C)C(=O)O
CHEMBL_POOL_00866,CSCC[C@H](NC(=O)[C@H](CCc1ccccc1)NC(=O)[C@@H](NC(=O)[C@@H](N)CS)C(C)C)C(=O)O
CHEMBL_POOL_00867,CSCC[C@H](NC(=O)[C@H](CO)NC(=O)NNC(=O)[C@H]1CCCN1C(=O)[C@@H](NC(=O)[C@@H](NC(=O)[C@H](CC(=O)O)NC(=O)[C@H](CCC(=O)O)NC(=O)[C@@H](NC(=O)[C@H](CC(=O)O)NC(C)=O)[C@@H](C)O)C(C)C)C(C)C)C(=O)N[C@@H](CO)C(=O)N[C@@H](Cc1ccc(O)cc1)C(=O)N[C@H](C(=O)N[C@@H](Cc1c[nH]c2ccccc12)C(=O)N[C@H](C(=O)NCC(=O)N[C@@H](CCCCN)C(=O)O)[C@@H](C)O)[C@@H](C)O
CHEMBL_POOL_00868,CSCC[C@H](NC(=O)c1cccc(C(=O)N[C@H](CCSC)C(=O)N2CCCC2)c1)C(=O)N1CCCC1
CHEMBL_POOL_00869,CS[C@@H]1C(=O)N(C(=O)NCc2ccncc2)[C@H]1Cc1ccccc1
CHEMBL_POOL_00870,CSc1ccc(C(=O)c2ccc(-n3ncc(=O)[nH]c3=O)cc2Cl)cc1
CHEMBL_POOL_00871,CSc1ccc(CC(C)N)cc1
CHEMBL_POOL_00872,CSc1nnc(-c2ccncc2)cc1C(N)=O
CHEMBL_POOL_00873,C[C@@H](O)[C@@H]1NC(=O)[C@H](CCCCN)NC(=O)[C@H](Cc2c[nH]c3ccccc23)NC(=O)[C@H](Cc2ccccc2)NC(=O)[C@H](Cc2ccccc2)NC(=O)[C@@H](N)CSSC[C@@H](C(=O)O)NC(=O)[C@H](Cc2ccccc2)NC1=O
CHEMBL_POOL_00874,C[C@@H]1C(=O)N(C(=O)NCc2ccccc2)[C@@H]1Oc1ccc(C(=O)O)cc1
CHEMBL_POOL_00875,C[C@H]1C[C@@H](n2ncc3c(N)ncnc32)[C@H](O)[C@@H]1O
CHEMBL_POOL_00876,C[C@H]1[C@@H](OCCC2ON2C(=O)c2ccccc2O)O[C@@H]2O[C@@]3(C)CC[C@H]4[C@H](C)CC[C@@H]1[C@@]24OO3
CHEMBL_POOL_00877,C[C@]1(Cn2ccnn2)[C@H](C(=O)O)N2C(=O)C[C@H]2S1(=O)=O
CHEMBL_POOL_00878,C[C@]12CCC(=O)C=C1C(=O)CC1C2CC[C@@]2(C)C1CC[C@@H]2OC1CC1
CHEMBL_POOL_00879,C[C@]12CCC(=O)C=C1CCC1C2CC[C@@]2(C)C1CC[C@@H]2OC1CC1
CHEMBL_POOL_00880,C[C@]12CCC3C(CC=C4C[C@@H](O)[C@H]5COC[C@]43C5)C1CC[C@@H]2OC1CC1
CHEMBL_POOL_00881,C[C@]12CCC3C(CCC4=CC(=O)[C@H]5COC[C@]43C5)C1CC[C@@H]2OC1CC1
CHEMBL_POOL_00882,C[C@]12CCC3c4ccc(O)cc4CCC3C1CC[C@@H]2O
CHEMBL_POOL_00883,C[C@]12CC[C@H](O)CC1=CCC1C2CC[C@@]2(C)C1CC[C@@H]2OC1CC1
CHEMBL_POOL_00884,C[N+]1([O-])CC=C(c2ccccc2)CC1
CHEMBL_POOL_00885,C[S+]([O-])c1ccc(-c2nc(-c3ccc(F)cc3)c(-c3ccncc3)[nH]2)cc1
CHEMBL_POOL_00886,C[S+]([O-])c1ccccc1CSc1nc(-c2ccc(F)cc2)c(-c2ccncc2)[nH]1
CHEMBL_POOL_00887,Cc1c(-c2ccc(Cl)cc2)nnc(Cl)c1C(N)=O
CHEMBL_POOL_00888,Cc1c(C)c2c(c(C)c1O)C(CN(C)CCOc1ccc(/C=C3\SC(=O)NC3=O)cc1)C(C)(C)O2
CHEMBL_POOL_00889,Cc1c(C)c2c(c(C)c1O)C(CN(C)CCOc1ccc(CC3SC(=O)NC3=O)cc1)C(C)(C)O2
CHEMBL_POOL_00890,Cc1c(C)c2c(c(C)c1O)C(COc1ccc(CC3SC(=O)NC3=O)cc1)C(C)(C)O2
CHEMBL_POOL_00891,Cc1c(C)c2c(c(C)c1O)CCC(C)(CN(C)CCOc1ccc(/C=C3\SC(=O)NC3=O)cc1)O2
CHEMBL_POOL_00892,Cc1c(C)c2c(c(C)c1O)CCC(C)(CN(C)CCOc1ccc(CC3SC(=O)NC3=O)cc1)O2
CHEMBL_POOL_00893,Cc1c(C)c2c(c(C)c1O)CCC(C)(CNCCOc1ccc(/C=C3\SC(=O)NC3=O)cc1)O2
CHEMBL_POOL_00894,Cc1c(C)c2c(c(C)c1O)CCC(C)(COc1ccc(CC3SC(=O)NC3=O)cc1)O2
CHEMBL_POOL_00895,Cc1c(C)c2c(c(C)c1OCc1ccccc1)C(CN(C)CCOc1ccc(/C=C3\SC(=O)NC3=O)cc1)C(C)(C)O2
CHEMBL_POOL_00896,Cc1c(C)c2c(c(C)c1OCc1ccccc1)CCC(C)(CN(C)CCOc1ccc(/C=C3\SC(=O)NC3=O)cc1)O2
CHEMBL_POOL_00897,Cc1c(C=O)cc(-c2ccc(S(C)(=O)=O)cc2)n1-c1ccc(F)cc1
CHEMBL_POOL_00898,Cc1c(CC(C)N)ccc2c1OCO2
CHEMBL_POOL_00899,Cc1c(COc2cccc(Cl)c2)cc(-c2ccc(S(C)(=O)=O)cc2)n1-c1ccc(F)cc1
CHEMBL_POOL_00900,Cc1c(N2CCSCC2)c(N)cc2c(=O)c(C(=O)O)cn(C3CC3)c12
CHEMBL_POOL_00901,Cc1c(N2CCc3ccccc3C2)c(F)cc2c(=O)c(C(=O)O)cn(C3CC3)c12
CHEMBL_POOL_00902,Cc1c(O)nc2c3c(ccc2c1C)OC(C)(C)[C@H](OC(=O)C12CCC(C)(C(=O)O1)C2(C)C)[C@@H]3OC(=O)C12CCC(C)(C(=O)O1)C2(C)C
CHEMBL_POOL_00903,Cc1cc(-c2c(O)nc3cc(Cl)c(C(=O)Nc4ncccn4)cc3c2OCC[C@@H]2CCN2)cc(C)c1C
CHEMBL_POOL_00904,Cc1cc(-c2nnn(C)n2)cc(C)c1OCCCCCc1cc(COCOCCO)no1
CHEMBL_POOL_00905,Cc1cc(-n2ncc(=O)[nH]c2=O)cc(C)c1C(=O)c1ccc(Cl)cc1
CHEMBL_POOL_00906,Cc1cc(-n2ncc(=O)[nH]c2=O)cc(C)c1C(O)c1ccc(Cl)cc1
CHEMBL_POOL_00907,Cc1cc(-n2ncc(=O)[nH]c2=O)cc(Cl)c1C(=O)c1ccc(Cl)cc1
CHEMBL_POOL_00908,Cc1cc(-n2ncc(=O)[nH]c2=O)ccc1C(=O)c1ccc(C#N)cc1
CHEMBL_POOL_00909,Cc1cc(-n2ncc(=O)[nH]c2=O)ccc1C(=O)c1ccc(Cl)cc1
CHEMBL_POOL_00910,Cc1cc(-n2ncc(=O)[nH]c2=O)ccc1C(=O)c1ccc(Cl)cc1Cl
CHEMBL_POOL_00911,Cc1cc(-n2ncc(=O)[nH]c2=O)ccc1C(=O)c1ccccc1
CHEMBL_POOL_00912,Cc1cc(-n2ncc(=O)[nH]c2=O)ccc1C(=O)c1ccccc1Cl
CHEMBL_POOL_00913,Cc1cc(-n2ncc(=O)[nH]c2=O)ccc1C(O)c1ccc(Cl)cc1
CHEMBL_POOL_00914,Cc1cc(-n2ncc(=O)[nH]c2=O)ccc1C(O)c1ccccc1
CHEMBL_POOL_00915,Cc1cc(-n2ncc(=O)[nH]c2=O)ccc1Cc1ccccc1
CHEMBL_POOL_00916,Cc1cc(=O)n(C(=O)OC(C)(C)C)c2c3c(ccc12)OC(C)(C)C=C3
CHEMBL_POOL_00917,Cc1cc(=O)n(C(=O)OC(C)(C)C)c2c3c(ccc12)OC(C)(C)[C@H](O)[C@@H]3O
CHEMBL_POOL_00918,Cc1cc(=O)n(C(=O)OC(C)(C)C)c2c3c(ccc12)OC(C)(C)[C@H](OC(=O)C12CCC(C)(C(=O)O1)C2(C)C)[C@@H]3OC(=O)C12CCC(C)(C(=O)O1)C2(C)C
CHEMBL_POOL_00919,Cc1cc(Br)ccc1C(=O)c1ccc(-n2ncc(=O)[nH]c2=O)cc1Cl
CHEMBL_POOL_00920,Cc1cc(Br)cnc1NS(=O)(=O)c1cccc2c(N(C)C)cccc12
CHEMBL_POOL_00921,Cc1cc(C(=O)N2CCOCC2)[nH]c1/C=C1\C(=O)Nc2ncnc(Nc3ccc(F)c(Cl)c3)c21
CHEMBL_POOL_00922,Cc1cc(C(=O)NCCN2CCOCC2)[nH]c1/C=C1\C(=O)N(C)c2ncnc(Nc3ccc(F)c(Cl)c3)c21
CHEMBL_POOL_00923,Cc1cc(C(=O)N[C@@H](CC(F)C(=O)O)C(=O)O)sc1N(C)Cc1cnc2nc(N)nc(N)c2n1
CHEMBL_POOL_00924,Cc1cc(C(=O)Nc2cc(Cl)cc(Cl)c2)nn1-c1ccccc1
CHEMBL_POOL_00925,Cc1cc(C(=O)Nc2cccc(Br)c2)nn1-c1cccc(C(F)(F)F)c1
CHEMBL_POOL_00926,Cc1cc(C)c(/C=C2\C(=O)Nc3ncnc(Nc4ccc(F)c(Cl)c4)c32)[nH]1
CHEMBL_POOL_00927,Cc1cc(C)c(C(=O)c2ccc(-n3ncc(=O)[nH]c3=O)cc2)c(C)c1
CHEMBL_POOL_00928,Cc1cc(C)c2ncc(NC(=O)Nc3c(F)cc(F)cc3F)c(-c3ccccc3Cl)c2c1
CHEMBL_POOL_00929,Cc1cc(C)cc(Sc2cncc3sc(C(N)=O)cc23)c1
CHEMBL_POOL_00930,Cc1cc(CC(C)N)cc2c1OCO2
CHEMBL_POOL_00931,Cc1cc(CCCCCCCOc2ccc(C3=NC(C)(C)CO3)cc2)on1
CHEMBL_POOL_00932,Cc1cc(CCCCCCCOc2ccc(C3=NC(C)CO3)cc2)on1
CHEMBL_POOL_00933,Cc1cc(CCCCCOc2c(Cl)cc(C3=NCCO3)cc2Cl)on1
CHEMBL_POOL_00934,Cc1cc(CCCCCOc2ccc(-c3nc(C)c(C)o3)cc2)on1
CHEMBL_POOL_00935,Cc1cc(CCCCCOc2ccc(C3=NCCO3)cc2)on1
CHEMBL_POOL_00936,Cc1cc(CCCCCOc2ccc(C3=NCCO3)cc2Cl)on1
CHEMBL_POOL_00937,Cc1cc(COc2ccc(N3CC[C@H]([C@H](NC(=O)c4ccccc4)C(=O)NO)C3=O)cc2)c2ccccc2n1
CHEMBL_POOL_00938,Cc1cc(Cl)ccc1C(=O)c1ccc(-n2ncc(=O)[nH]c2=O)cc1C
CHEMBL_POOL_00939,Cc1cc(Cl)nnc1NS(=O)(=O)c1cccc2c(N(C)C)cccc12
CHEMBL_POOL_00940,Cc1cc(NC(=O)/C(C#N)=C(\O)C2CC2)ccc1C(F)(F)C(F)(F)F
CHEMBL_POOL_00941,Cc1cc(NC(=O)Cc2ccc3[nH]c(-c4ccc(Cl)s4)nc3c2)ccc1-n1ccccc1=O
CHEMBL_POOL_00942,Cc1cc(NC(=O)Cc2ccc3[nH]c(-c4ccc(Cl)s4)nc3c2)ccc1N1CCOCC1=O
CHEMBL_POOL_00943,Cc1cc(NS(=O)(=O)c2cccc3c(N(C)C)cccc23)nnc1Cl
CHEMBL_POOL_00944,Cc1cc(O)c(O)c2oc(=O)c3cc(O)c(O)cc3c12
CHEMBL_POOL_00945,Cc1cc(O)c(O)c2oc(=O)c3ccc(F)cc3c12
CHEMBL_POOL_00946,Cc1cc(O)nc2c3c(ccc12)OC(C)(C)C=C3
CHEMBL_POOL_00947,Cc1cc(O)nc2c3c(ccc12)OC(C)(C)[C@H](OC(=O)C12CCC(C)(C(=O)O1)C2(C)C)[C@@H]3OC(=O)C12CCC(C)(C(=O)O1)C2(C)C
CHEMBL_POOL_00948,Cc1cc(O)nc2cc(N)ccc12
CHEMBL_POOL_00949,Cc1cc(O)nc2cc(O)ccc12
CHEMBL_POOL_00950,Cc1cc([N+](=O)[O-])ccc1/N=C(\S)Nc1ccc2c(c1)C(C)(C)CC(C)(C)S2
CHEMBL_POOL_00951,Cc1cc2c(cc1/N=C(\S)Nc1ccc(S(N)(=O)=O)cc1)C(C)(C)CC(C)(C)S2
CHEMBL_POOL_00952,Cc1cc2c(cc1CC(C)N)OCO2
CHEMBL_POOL_00953,Cc1cc2cc(NC(=O)c3cc4ccccc4o3)ccc2[nH]1
CHEMBL_POOL_00954,Cc1ccc(-c2ccc(S(C)(=O)=O)cc2)n1-c1ccccc1
CHEMBL_POOL_00955,Cc1ccc(C(=O)c2ccc(-n3ncc(=O)[nH]c3=O)cc2)cc1
CHEMBL_POOL_00956,Cc1ccc(CN2CCN(C[C@@H](O)[C@H](Cc3ccccc3)NC(=O)O[C@@H]3CCS(=O)(=O)[C@@H]3C(C)C)[C@H](C(=O)NC(C)(C)C)C2)cn1
CHEMBL_POOL_00957,Cc1ccc(N2C(N)=NC(N)=NC2(C)C)cc1
CHEMBL_POOL_00958,Cc1ccc(NS(=O)(=O)c2cccc3c(N(C)C)cccc23)nc1
CHEMBL_POOL_00959,Cc1ccc(NS(=O)(=O)c2cccc3c(N(C)C)cccc23)nn1
CHEMBL_POOL_00960,Cc1ccc(Nc2nc(O)c3c[nH]nc3n2)cc1Cl
CHEMBL_POOL_00961,Cc1ccc(Nc2ncc(-c3ccccc3)s2)nc1
CHEMBL_POOL_00962,Cc1ccc(Sc2cccc3sc(C(N)=O)cc23)cc1
CHEMBL_POOL_00963,Cc1ccc(Sc2ccnc3sc(C(N)=O)cc23)cc1
CHEMBL_POOL_00964,Cc1ccc(Sc2cncc3sc(/C=N/O)cc23)cc1
CHEMBL_POOL_00965,Cc1ccc(Sc2cncc3sc(/C=N/OCC(=O)O)cc23)cc1
CHEMBL_POOL_00966,Cc1ccc(Sc2cncc3sc(/C=N/OCC(N)=O)cc23)cc1
CHEMBL_POOL_00967,Cc1ccc(Sc2cncc3sc(/C=N/OCc4ccccc4)cc23)cc1
CHEMBL_POOL_00968,Cc1ccc(Sc2cncc3sc(/C=N/Oc4ccccc4)cc23)cc1
CHEMBL_POOL_00969,Cc1ccc(Sc2cncc3sc(C(=N)S)cc23)cc1
CHEMBL_POOL_00970,Cc1ccc(Sc2cncc3sc(C(=O)N=C(N)N)cc23)cc1
CHEMBL_POOL_00971,Cc1ccc(Sc2cncc3sc(C(=O)NCC(O)CO)cc23)cc1
CHEMBL_POOL_00972,Cc1ccc(Sc2cncc3sc(C(=O)NCCCN4CCOCC4)cc23)cc1
CHEMBL_POOL_00973,Cc1ccc(Sc2cncc3sc(C(=O)NN)cc23)cc1
CHEMBL_POOL_00974,Cc1ccc(Sc2cncc3sc(C(=O)Nc4ccc(Cl)cc4)cc23)cc1
CHEMBL_POOL_00975,Cc1ccc(Sc2cncc3sc(C(=O)O)cc23)cc1
CHEMBL_POOL_00976,Cc1ccc(Sc2cncc3sc(C(=O)c4ccccc4)cc23)cc1
CHEMBL_POOL_00977,Cc1ccc(Sc2cncc3sc(C(N)=O)cc23)c(C)c1
CHEMBL_POOL_00978,Cc1ccc(Sc2cncc3sc(C(N)=O)cc23)cc1
CHEMBL_POOL_00979,Cc1ccc(Sc2cncc3sc(C(N)=O)cc23)cc1C
CHEMBL_POOL_00980,Cc1ccc(Sc2cncc3sc(C=O)cc23)cc1
CHEMBL_POOL_00981,Cc1ccc(Sc2cncc3sc(CO)cc23)cc1
CHEMBL_POOL_00982,Cc1ccc(Sc2cncc3sccc23)cc1
CHEMBL_POOL_00983,Cc1ccc(Sc2nccc3sc(C(N)=O)cc23)cc1
CHEMBL_POOL_00984,Cc1ccc([S+]([O-])c2cncc3sc(C(N)=O)cc23)cc1
CHEMBL_POOL_00985,Cc1ccc2c(c1)C1(OCCO1)C(=O)N2
CHEMBL_POOL_00986,Cc1ccc2nc(N3CCNCC3)cnc2c1
CHEMBL_POOL_00987,Cc1ccc2oc(-c3cccc(N4C(=O)c5ccc(C(=O)O)cc5C4=O)c3)nc2c1
CHEMBL_POOL_00988,Cc1cccc(Cl)c1Nc1ccccc1CC(=O)O
CHEMBL_POOL_00989,Cc1cccc(N2C(N)=NC(N)=NC2(C)C)c1
CHEMBL_POOL_00990,Cc1cccc(Sc2cncc3sc(C(N)=O)cc23)c1
CHEMBL_POOL_00991,Cc1cccc2c(CN(C)C(=O)/C=C/c3cnc4c(c3)CCC(=O)N4)c(C)n(C)c12
CHEMBL_POOL_00992,Cc1cccc2c1C1(C34C[C@H]5C(=O)N[C@@H](Cc6ccccc6)C(=O)N5[C@H]3Nc3cccc(C)c34)C[C@H]3C(=O)N[C@@H](Cc4ccccc4)C(=O)N3[C@H]1N2
CHEMBL_POOL_00993,Cc1cccc2c1C1(C34C[C@H]5C(=O)N[C@@H](Cc6ccccc6)C(=O)N5[C@H]3Nc3ccccc34)C[C@H]3C(=O)N[C@@H](Cc4ccccc4)C(=O)N3[C@H]1N2
CHEMBL_POOL_00994,Cc1ccccc1/C=C/C(=O)N[C@@H](C)c1nc2scc(C)c2c(=O)o1
CHEMBL_POOL_00995,Cc1ccccc1Sc1cncc2sc(C(N)=O)cc12
CHEMBL_POOL_00996,Cc1cn(C2CC(O)C(CO)O2)c(=O)[nH]c1=O
CHEMBL_POOL_00997,Cc1cn([C@H]2C[C@H](N=[N+]=[N-])[C@@H](CO)O2)c(=O)[nH]c1=O
CHEMBL_POOL_00998,Cc1cnc(NS(=O)(=O)c2cccc3c(N(C)C)cccc23)cn1
CHEMBL_POOL_00999,Cc1csc2nc([C@H](C)NC(=O)/C=C/c3ccccc3[N+](=O)[O-])oc(=O)c12
CHEMBL_POOL_01000,Cc1nc(Br)cnc1NS(=O)(=O)c1cccc2c(N(C)C)cccc12
CHEMBL_POOL_01001,Cc1nc(C)c2c(n1)N(Cc1ccc(-c3ccccc3-c3nn[nH]n3)cc1)CCC2
CHEMBL_POOL_01002,Cc1nc(C)c2c(n1)N(Cc1ccc(-c3ccccc3-c3nnn[nH]3)cc1)C(=O)CC2
CHEMBL_POOL_01003,Cc1nc(NS(=O)(=O)c2cccc3c(N(C)C)cccc23)ccc1Br
CHEMBL_POOL_01004,Cc1nc2cc(OC[C@H](O)CN3CCN(CC(=O)NC4CCCCC4)CC3)ccc2s1
CHEMBL_POOL_01005,Cc1nc2cc(OC[C@H](O)CN3CCN(CC(=O)NCCc4ccccc4)CC3)ccc2s1
CHEMBL_POOL_01006,Cc1nc2cc(OC[C@H](O)CN3CCN(CC(=O)N[C@H]4CCc5ccccc54)CC3)ccc2s1
CHEMBL_POOL_01007,Cc1nc2cc(OC[C@H](O)CN3CCN(CC(=O)Nc4ccc(Cl)c(C(F)(F)F)c4)CC3)ccc2s1
CHEMBL_POOL_01008,Cc1nc2cc(OC[C@H](O)CN3CCN(CC(=O)Nc4cccc(-c5ccccc5)c4)CC3)ccc2s1
CHEMBL_POOL_01009,Cc1nc2cc(OC[C@H](O)CN3CCN(CC(=O)Nc4cccc5[nH]ccc45)CC3)ccc2s1
CHEMBL_POOL_01010,Cc1nc2cc(OC[C@H](O)CN3CCN(CC(=O)Nc4cccc5ccccc45)CC3)ccc2s1
CHEMBL_POOL_01011,Cc1nc2cc(OC[C@H](O)CN3CCN(CC(=O)Nc4ccccc4)CC3)ccc2s1
CHEMBL_POOL_01012,Cc1nccn1CCCCc1ccc(CC(=O)N[C@@H](CO)C(=O)N[C@@H](CCCCN)C(=O)NCCC2CCCCC2)cc1
CHEMBL_POOL_01013,Cc1nccn1CCCCc1ccc(CC(=O)N[C@@H](CO)Cc2ccc(OCCC3CCCCC3)c(CCCN)c2)cc1
CHEMBL_POOL_01014,Cc1nccn1CCCCc1ccc(CC(=O)N[C@H](CO)Cc2ccc(OCCC3CCCCC3)c(CCCCN)c2)cc1
CHEMBL_POOL_01015,Cc1nccn1CCCCc1ccc(CC(=O)N[C@H](CO)Cc2ccc(OCCC3CCCCC3)c(CCCN)c2)cc1
CHEMBL_POOL_01016,Cc1nnc(Sc2cncc3sc(C(N)=O)cc23)s1
CHEMBL_POOL_01017,Cc1noc(NS(=O)(=O)c2cccc3c(N(C)C)cccc23)c1C
CHEMBL_POOL_01018,Cc1oc(-c2ccc(Cl)cc2)nc1COc1cccc(/C=C/C(C)n2oc(=O)[nH]c2=O)c1
CHEMBL_POOL_01019,Cc1oc2c(C)c3oc(=O)cc(C)c3cc2c1CNCCO
CHEMBL_POOL_01020,Cc1occc1Sc1cncc2sc(C(N)=O)cc12
CHEMBL_POOL_01021,Cc1sc2nc(Cl)c(/C=N/N=C(N)N)n2c1C
CHEMBL_POOL_01022,Clc1cc2ncc(N3CCNCC3)nc2cc1Cl
CHEMBL_POOL_01023,Clc1ccc(C2CC3CCC2N3)cn1
CHEMBL_POOL_01024,Clc1ccc(Sc2ccccc2C2=NCCN2)cc1
CHEMBL_POOL_01025,Clc1ccc2nc(N3CCNCC3)c(Sc3ccccc3)nc2c1
CHEMBL_POOL_01026,Clc1ccc2nc(N3CCNCC3)cnc2c1
CHEMBL_POOL_01027,Clc1cccc2nc(N3CCNCC3)cnc12
CHEMBL_POOL_01028,Clc1nc2ccccc2nc1N1CCNCC1
CHEMBL_POOL_01029,Clc1ncc(C2CC3CCC2N3)cn1
CHEMBL_POOL_01030,Cn1c(CC(=O)O)cc(CO)c1C(=O)c1ccc(Cl)cc1
CHEMBL_POOL_01031,Cn1c2c(c3ccccc31)CCNC2
CHEMBL_POOL_01032,Cn1c2c(c3ccccc31)CCNCC2
CHEMBL_POOL_01033,Cn1c2ccccc2c2[nH]cc3nc4ccccc4c-3c21
CHEMBL_POOL_01034,Cn1c2ccccc2c2c1cnc1c3ccccc3n(C)c12
CHEMBL_POOL_01035,Cn1cc(C2=C(c3cn(CCC/N=C(\N)N[N+](=O)[O-])c4ccccc34)C(=O)NC2=O)c2ccccc21
CHEMBL_POOL_01036,Cn1cc(C2=C(c3cn(CCCCC(=N)N)c4ccccc34)C(=O)NC2=O)c2ccccc21
CHEMBL_POOL_01037,Cn1cc(C2=C(c3cn(CCCCCN)c4ccccc34)C(=O)NC2=O)c2ccccc21
CHEMBL_POOL_01038,Cn1cc(C2=C(c3cn(CCCCCO)c4ccccc34)C(=O)NC2=O)c2ccccc21
CHEMBL_POOL_01039,Cn1cc(C2=C(c3cn(CCCCCSC(=N)N)c4ccccc34)C(=O)NC2=O)c2ccccc21
CHEMBL_POOL_01040,Cn1cc(C2=C(c3cn(CCCCN)c4ccccc34)C(=O)NC2=O)c2ccccc21
CHEMBL_POOL_01041,Cn1cc(C2=C(c3cn(CCCCO)c4ccccc34)C(=O)NC2=O)c2ccccc21
CHEMBL_POOL_01042,Cn1cc(C2=C(c3cn(CCCCSC(=N)N)c4ccccc34)C(=O)NC2=O)c2ccccc21
CHEMBL_POOL_01043,Cn1cc(C2=C(c3cn(CCCN)c4ccccc34)C(=O)NC2=O)c2ccccc21
CHEMBL_POOL_01044,Cn1cc(C2=C(c3cn(CCCN=C(N)N)c4ccccc34)C(=O)NC2=O)c2ccccc21
CHEMBL_POOL_01045,Cn1cc(C2=C(c3cn(CCCO)c4ccccc34)C(=O)NC2=O)c2ccccc21
CHEMBL_POOL_01046,Cn1cc(C2=C(c3cn(CCCSC(=N)N)c4ccccc34)C(=O)NC2=O)c2ccccc21
CHEMBL_POOL_01047,Cn1cc(C2=C(c3cn(CCC[N+](C)(C)C)c4ccccc34)C(=O)NC2=O)c2ccccc21
CHEMBL_POOL_01048,Cn1cc(C2=C(c3cn(CCN)c4ccccc34)C(=O)NC2=O)c2ccccc21
CHEMBL_POOL_01049,Cn1cc(C2=C(c3cn(CCO)c4ccccc34)C(=O)NC2=O)c2ccccc21
CHEMBL_POOL_01050,Cn1cc(C2=C(c3cn(CCSC(=N)N)c4ccccc34)C(=O)NC2=O)c2ccccc21
CHEMBL_POOL_01051,Cn1cc(NC(=O)c2cc(NC(=O)c3cc(NC=O)cn3C)cn2C)cc1C(=O)NCCC(=N)N
CHEMBL_POOL_01052,Cn1cnc2c1C(=O)N1CCN=C1N2Cc1ccc(Cl)cc1
CHEMBL_POOL_01053,Cn1nc(-c2cccc(Cl)c2Cl)cc1C1CCN(C(=O)CNC(=O)[C@H](N=C(N)N)C2CCCCC2)CC1
CHEMBL_POOL_01054,Cn1nc(S(N)(=O)=O)sc1=N
CHEMBL_POOL_01055,FC(F)(F)c1ccc2nc(N3CCNCC3)c(Sc3ccccc3)nc2c1
CHEMBL_POOL_01056,FC(F)(F)c1ccc2nc(N3CCNCC3)cnc2c1
CHEMBL_POOL_01057,Fc1ccc(-c2[nH]c(/C=C/c3ccccc3)nc2-c2ccncc2)cc1
CHEMBL_POOL_01058,Fc1ccc(-c2c(-c3ccccn3)nc3n2CCC3)cc1
CHEMBL_POOL_01059,Fc1ccc(-c2c(-c3ccccn3)nc3n2CCS3)cc1
CHEMBL_POOL_01060,Fc1ccc(-c2c(-c3cccnc3)nc3n2CCC3)cc1
CHEMBL_POOL_01061,Fc1ccc(-c2c(-c3ccncc3)nc3n2CCS3)cc1
CHEMBL_POOL_01062,Fc1ccc(C(OCC2CCN(Cc3ccccc3)CC2)c2ccc(F)cc2)cc1
CHEMBL_POOL_01063,Fc1ccc2nc(N3CCNCC3)cnc2c1
CHEMBL_POOL_01064,Fc1cccc(CCN2CCN(CCCc3c[nH]c4ccc(-n5cnnc5)cc34)CC2)c1
CHEMBL_POOL_01065,Fc1cccc2nc(N3CCNCC3)cnc12
CHEMBL_POOL_01066,Fc1cccc2ncc(N3CCNCC3)nc12
CHEMBL_POOL_01067,Fc1ccccc1Cn1cnc2c(NC3CCC3)ncnc21
CHEMBL_POOL_01068,Fc1ccccc1Cn1cnc2c(NC3CCCC3)ncnc21
CHEMBL_POOL_01069,Fc1ccccc1Cn1cnc2c(NCC3CC3)ncnc21
CHEMBL_POOL_01070,N#C/C(=C\c1ccc(O)c(O)c1)C(N)=O
CHEMBL_POOL_01071,N#C/C(C(=O)Nc1ccc(C(F)(F)F)cc1)=C(/O)C1CCCC1
CHEMBL_POOL_01072,N#C/C(C(=O)Nc1ccncc1)=C(/O)C1CC1
CHEMBL_POOL_01073,N#CC(C#N)=C(N)/C(C#N)=C/c1ccc(O)c([N+](=O)[O-])c1
CHEMBL_POOL_01074,N#CC(C#N)=C(N)/C(C#N)=C/c1ccc(O)cc1
CHEMBL_POOL_01075,N#CC(C#N)=Cc1cc(O)ccc1[N+](=O)[O-]
CHEMBL_POOL_01076,N#CC(C#N)=Cc1ccc(N2CCOCC2)cc1
CHEMBL_POOL_01077,N#CC(C#N)=Cc1ccc(O)c(O)c1
CHEMBL_POOL_01078,N#CCCc1c(-c2ccccc2)c(O)nc2cc(Cl)ccc12
CHEMBL_POOL_01079,N#CCc1ccc(NC(=O)/C(C#N)=C(\O)C2CC2)cc1
CHEMBL_POOL_01080,N#Cc1cc(-c2ccncc2)nnc1Cl
CHEMBL_POOL_01081,N#Cc1ccc(-c2cc(C(N)=O)c(Cl)nn2)cc1
CHEMBL_POOL_01082,N#Cc1ccc(-c2cc(C(N)=O)c(Cl)nn2)cc1Cl
CHEMBL_POOL_01083,N#Cc1ccc(-c2nc(-c3ccc4c(c3)OCO4)c(-c3ccccn3)[nH]2)cc1
CHEMBL_POOL_01084,N#Cc1ccc(Oc2cncc3sc(C(N)=O)cc23)cc1
CHEMBL_POOL_01085,N#Cc1ccc2nc(N3CCNCC3)cnc2c1
CHEMBL_POOL_01086,N/C(=N/CCCC(N)P(=O)(O)O)N[N+](=O)[O-]
CHEMBL_POOL_01087,N/C(=N/CCCC(N)[PH](=O)O)N[N+](=O)[O-]
CHEMBL_POOL_01088,N=C(N)N/N=C/c1c(Cl)nc2sc(Cl)cn12
CHEMBL_POOL_01089,N=C(N)N1CCC[C@H](NC(=O)CNC(=O)[C@@H](CCNC(=O)c2ccc(O)nc2)NS(=O)(=O)Cc2ccccc2)C1O
CHEMBL_POOL_01090,N=C(N)N1CCC[C@H](NC(=O)CNC(=O)[C@@H](CCNC(=O)c2ccc3ccccc3n2)NS(=O)(=O)Cc2ccccc2)C1O
CHEMBL_POOL_01091,N=C(N)N1CCC[C@H](NC(=O)CNC(=O)[C@@H](CNC(=O)c2cnccn2)NS(=O)(=O)Cc2ccccc2)C1O
CHEMBL_POOL_01092,N=C(N)N[C@@H](C(=O)NCC(=O)N1CCC(c2cc(-c3ccccc3)[nH]n2)CC1)C1CCCCC1
CHEMBL_POOL_01093,N=C(N)Nc1ccc(C(=O)Oc2ccc3cc(C(=N)N)ccc3c2)cc1
CHEMBL_POOL_01094,N=C(N)c1ccc(C2=NOC(CC(=O)NCCC(=O)O)C2)cc1
CHEMBL_POOL_01095,N=C1CCCCN1
CHEMBL_POOL_01096,NC(=O)C(C[C@H](O)[C@H](Cc1ccccc1)NC(=O)c1cnc2ccccc2n1)C1(O)CCCCC1
CHEMBL_POOL_01097,NC(=O)Sc1cncc2sc(C(N)=O)cc12
CHEMBL_POOL_01098,NC(=O)[C@@H]1CCN(C(=O)Cc2ccc(Cl)c(Cl)c2)[C@H](CN2CCCC2)C1
CHEMBL_POOL_01099,NC(=O)c1cc(-c2ccc(Br)cc2)nnc1Cl
CHEMBL_POOL_01100,NC(=O)c1cc(-c2ccc(C(F)(F)F)cc2)nnc1Cl
CHEMBL_POOL_01101,NC(=O)c1cc(-c2ccc(Cl)cc2)nnc1Cl
CHEMBL_POOL_01102,NC(=O)c1cc(-c2ccc(F)c(Cl)c2)nnc1Cl
CHEMBL_POOL_01103,NC(=O)c1cc(-c2ccc(NS(=O)(=O)c3ccccc3)cc2)nnc1Cl
CHEMBL_POOL_01104,NC(=O)c1cc(-c2ccc([N+](=O)[O-])cc2)nnc1Cl
CHEMBL_POOL_01105,NC(=O)c1cc(-c2ccccc2)nnc1Cl
CHEMBL_POOL_01106,NC(=O)c1cc(-c2ccncc2)cnc1Cl
CHEMBL_POOL_01107,NC(=O)c1cc(-c2ccncc2)nnc1Cl
CHEMBL_POOL_01108,NC(=O)c1cc2c(Cl)cncc2s1
CHEMBL_POOL_01109,NC(=O)c1cc2c(Oc3ccc(C(F)(F)F)cc3)cncc2s1
CHEMBL_POOL_01110,NC(=O)c1cc2c(Oc3cccc(Cl)c3)cncc2s1
CHEMBL_POOL_01111,NC(=O)c1cc2c(Oc3ccccc3CC(O)CO)cncc2s1
CHEMBL_POOL_01112,NC(=O)c1cc2c(SC3CCCCC3)cncc2s1
CHEMBL_POOL_01113,NC(=O)c1cc2c(SCc3ccc(Cl)cc3)cncc2s1
CHEMBL_POOL_01114,NC(=O)c1cc2c(Sc3ccc(-c4ccccc4)cc3)cncc2s1
CHEMBL_POOL_01115,NC(=O)c1cc2c(Sc3ccc(Br)cc3)cncc2s1
CHEMBL_POOL_01116,NC(=O)c1cc2c(Sc3ccc(C(F)(F)F)cc3)cncc2s1
CHEMBL_POOL_01117,NC(=O)c1cc2c(Sc3ccc(Cl)c(Cl)c3)cncc2s1
CHEMBL_POOL_01118,NC(=O)c1cc2c(Sc3ccc(Cl)cc3)cncc2s1
CHEMBL_POOL_01119,NC(=O)c1cc2c(Sc3ccccc3)cncc2s1
CHEMBL_POOL_01120,NC(=O)c1cc2c(Sc3ccccn3)cncc2s1
CHEMBL_POOL_01121,NC(=O)c1ccc(-c2nc(-c3ccccn3)c(-c3ccc4c(c3)OCO4)[nH]2)cc1
CHEMBL_POOL_01122,NC(=O)c1cnnc(-c2ccncc2)c1
CHEMBL_POOL_01123,NC(Cc1cc(O)no1)C(=O)O
CHEMBL_POOL_01124,NC(Cc1ccnn1O)C(=O)O
CHEMBL_POOL_01125,NC(Cc1cnnn1O)C(=O)O
CHEMBL_POOL_01126,NC(Cc1nc2cc(Br)ccc2n1CP(=O)(O)O)C(=O)OCc1ccccc1
CHEMBL_POOL_01127,NC(N)=NCCCC(N)P(=O)(O)O
CHEMBL_POOL_01128,NC(N)=NCCCC(N)[PH](=O)O
CHEMBL_POOL_01129,NC1=NC(C(F)(F)F)CCC1
CHEMBL_POOL_01130,NC1=NC(CC2CCCCC2)CCC1
CHEMBL_POOL_01131,NC1=NC(Cc2ccccc2)CCC1
CHEMBL_POOL_01132,NC1=Nc2ccccc2CC1
CHEMBL_POOL_01133,NC1C(=O)NC2Cc3ccc(c(Cl)c3)Oc3cc4cc(c3O)Oc3ccc(cc3Cl)C(O)C3NC(=O)C(NC(=O)C4NC(=O)C(NC2=O)c2cc(O)cc(c2)Oc2cc1ccc2O)c1ccc(O)c(c1)-c1c(O)cc(O)cc1[C@H](C(=O)C1NCCC2CCCCC21)NC3=O
CHEMBL_POOL_01134,NC1C(=O)NC2Cc3ccc(c(Cl)c3)Oc3cc4cc(c3O)Oc3ccc(cc3Cl)C(O)C3NC(=O)C(NC(=O)C4NC(=O)C(NC2=O)c2cc(O)cc(c2)Oc2cc1ccc2O)c1ccc(O)c(c1)-c1c(O)cc(O)cc1[C@H](C(=O)NC1C2CC4CC(C2)CC1C4)NC3=O
CHEMBL_POOL_01135,NCC(=O)N[C@@H](CCCN=C(N)N)C(=O)NCC(=O)N[C@@H](CC(=O)O)C(=O)N[C@@H](CO)C(=O)N1CCC[C@H]1C(=O)O
CHEMBL_POOL_01136,NCC(=O)N[C@@H](CCCN=C(N)N)C(=O)N[C@@H]1CSSC[C@H](C(=O)N[C@@H](Cc2c[nH]cn2)C(=O)N2CCC[C@@H]2C(=O)N[C@@H](Cc2ccccc2)C(=O)O)NC(=O)[C@@H](Cc2ccc(O)cc2)NC1=O
CHEMBL_POOL_01137,NCCc1c[nH]c2ccccc12
CHEMBL_POOL_01138,NCCc1ccc(S(N)(=O)=O)cc1
CHEMBL_POOL_01139,NCc1c[nH]c2ccccc12
CHEMBL_POOL_01140,NS(=O)(=O)Oc1ccc(Br)cc1
CHEMBL_POOL_01141,NS(=O)(=O)c1cc(C(=O)NN2Cc3ccccc3C2C(=O)O)ccc1Cl
CHEMBL_POOL_01142,NS(=O)(=O)c1cc(C(=O)NN2Cc3ccccc3C2CO)ccc1Cl
CHEMBL_POOL_01143,NS(=O)(=O)c1cc(Cl)c(Cl)c(S(N)(=O)=O)c1
CHEMBL_POOL_01144,NS(=O)(=O)c1ccc(C(=O)O)cc1
CHEMBL_POOL_01145,NS(=O)(=O)c1ccc(CCO)cc1
CHEMBL_POOL_01146,NS(=O)(=O)c1ccc(CO)cc1
CHEMBL_POOL_01147,NS(=O)(=O)c1ccc(Cl)c([N+](=O)[O-])c1
CHEMBL_POOL_01148,NS(=O)(=O)c1ccc2c(O)c(C(=O)O)cnc2c1
CHEMBL_POOL_01149,NS(=O)(=O)c1cccc2ccccc12
CHEMBL_POOL_01150,NS(=O)(=O)c1cccc2cccnc12
CHEMBL_POOL_01151,NS(=O)(=O)c1nc2ccc(O)cc2s1
CHEMBL_POOL_01152,N[C@@H](CCC(=O)Nc1ccc([N+](=O)[O-])cc1)C(=O)O
CHEMBL_POOL_01153,N[C@@H](Cc1ccc(O)c(O)c1)C(=O)O
CHEMBL_POOL_01154,Nc1cc(Cl)c(S(N)(=O)=O)cc1S(N)(=O)=O
CHEMBL_POOL_01155,Nc1cc[n+](Cc2ccc(-c3ccc(C[n+]4ccc(N)c5ccccc54)cc3)cc2)c2ccccc12
CHEMBL_POOL_01156,Nc1cc[n+](Cc2ccc(/C=C\c3ccc(C[n+]4ccc(N)c5ccccc54)cc3)cc2)c2ccccc12
CHEMBL_POOL_01157,Nc1cc[n+](Cc2ccc(CCc3ccc(C[n+]4ccc(N)c5ccccc54)cc3)cc2)c2ccccc12
CHEMBL_POOL_01158,Nc1cc[n+](Cc2ccc(Cc3ccc(C[n+]4ccc(N)c5ccccc54)cc3)cc2)c2ccccc12
CHEMBL_POOL_01159,Nc1cc[n+](Cc2ccc3c(c2)Cc2cc(C[n+]4ccc(N)c5ccccc54)ccc2-3)c2ccccc12
CHEMBL_POOL_01160,Nc1cc[n+](Cc2cccc(-c3cccc(C[n+]4ccc(N)c5ccccc54)c3)c2)c2ccccc12
CHEMBL_POOL_01161,Nc1ccc(S(=O)(=O)NCCc2ccc(S(N)(=O)=O)cc2)cc1
CHEMBL_POOL_01162,Nc1ccc(S(=O)(=O)NCc2ccc(S(N)(=O)=O)cc2)cc1
CHEMBL_POOL_01163,Nc1ccc(S(=O)(=O)Nc2ccc(S(N)(=O)=O)cc2)cc1
CHEMBL_POOL_01164,Nc1ccc(S(=O)(=O)Nc2ccccc2S(N)(=O)=O)cc1
CHEMBL_POOL_01165,Nc1ccc(S(=O)(=O)Nc2nnc(S(N)(=O)=O)s2)cc1
CHEMBL_POOL_01166,Nc1ccc(S(N)(=O)=O)cc1Br
CHEMBL_POOL_01167,Nc1ccc(S(N)(=O)=O)cc1F
CHEMBL_POOL_01168,Nc1ccc(S(N)(=O)=O)cc1I
CHEMBL_POOL_01169,Nc1ccc2nc(N3CCNCC3)cnc2c1
CHEMBL_POOL_01170,Nc1cccc(-c2ccc(CCN3CCN(c4cccc5cccnc45)CC3)cc2)n1
CHEMBL_POOL_01171,Nc1cccc(S(N)(=O)=O)c1
CHEMBL_POOL_01172,Nc1ccccc1NC(=O)c1ccc(CNC(=O)OCc2cccnc2)cc1
CHEMBL_POOL_01173,Nc1ccccc1S(N)(=O)=O
CHEMBL_POOL_01174,Nc1nc(N)c2c(S(=O)(=O)c3ccc4ccccc4c3)cccc2n1
CHEMBL_POOL_01175,Nc1nc(N)c2c([S+]([O-])c3ccc(Cl)c(Cl)c3)cccc2n1
CHEMBL_POOL_01176,Nc1nc(N)c2c([S+]([O-])c3ccc4ccccc4c3)cccc2n1
CHEMBL_POOL_01177,Nc1nc(N)c2cc(S(=O)(=O)c3ccc4ccccc4c3)ccc2n1
CHEMBL_POOL_01178,Nc1nc(N)c2nc(CNc3ccc(C(=O)N[C@@H](CC(F)C(=O)O)C(=O)O)cc3Cl)cnc2n1
CHEMBL_POOL_01179,Nc1nc(N)c2nc(Cc3ccccc3)[nH]c2n1
CHEMBL_POOL_01180,Nc1nc(N)c2nc(Sc3cc(Cl)c(Cl)cc3Cl)cnc2n1
CHEMBL_POOL_01181,Nc1nc(N)c2nc(Sc3ccc(Cl)c(Cl)c3)cnc2n1
CHEMBL_POOL_01182,Nc1nc(N)c2nc(Sc3ccc4ccccc4c3)cnc2n1
CHEMBL_POOL_01183,Nc1nc(N)c2nc(Sc3cccc(C(F)(F)F)c3)cnc2n1
CHEMBL_POOL_01184,Nc1nc(N)c2nc(Sc3cccc4ccccc34)cnc2n1
CHEMBL_POOL_01185,Nc1nc(O)c2c(n1)NCC(CCOc1ccc(C(=O)NC(CCC(=O)O)C(=O)O)cc1)N2
CHEMBL_POOL_01186,Nc1nc(O)c2cc(Sc3ccc4ccccc4c3)ccc2n1
CHEMBL_POOL_01187,Nc1nc(O)c2cc([S+]([O-])c3ccc4ccccc4c3)ccc2n1
CHEMBL_POOL_01188,Nc1nc(O)c2nn(-c3cccc(C(=O)NC[C@H]4CCCC[C@@H]4O)c3)nc2n1
CHEMBL_POOL_01189,Nc1nc2ccccc2nc1N1CCNCC1
CHEMBL_POOL_01190,Nc1nccc(Nc2ccc(S(N)(=O)=O)cc2)n1
CHEMBL_POOL_01191,Nc1ncnc2c1c(-c1cccc(Oc3ccccc3)c1)cn2C1CCCC1
CHEMBL_POOL_01192,Nc1ncnc2c1cnn2[C@@H]1C=C[C@@H](O)[C@H]1O
CHEMBL_POOL_01193,Nc1ncnc2ccc(Sc3ccc4ccccc4c3)cc12
CHEMBL_POOL_01194,Nc1nnc(S(N)(=O)=O)s1
CHEMBL_POOL_01195,O=C(/C=C/c1ccc(O)c(O)c1)O[C@H](Cc1ccc(O)c(O)c1)C(=O)O
CHEMBL_POOL_01196,O=C(/C=C/c1ccc(O)c(O)c1)O[C@H]1[C@H](O)C[C@](O)(C(=O)O)C[C@H]1OC(=O)/C=C/c1ccc(O)c(O)c1
CHEMBL_POOL_01197,O=C(C(=O)N1CCCCC1C(=O)OCCCc1cccnc1)c1ccccc1
CHEMBL_POOL_01198,O=C(C(=O)N1CCCCC1C(=O)OCCS(=O)(=O)c1ccccc1)c1ccccc1
CHEMBL_POOL_01199,O=C(C(=O)N1CCC[C@H]1C(=O)OCCCc1cccnc1)c1ccccc1
CHEMBL_POOL_01200,O=C(C(=O)N1CCC[C@H]1C(=O)OCCS(=O)(=O)c1ccccc1)c1ccccc1
CHEMBL_POOL_01201,O=C(C1CCCCN1)N1CCN(Cc2ccccn2)CC1
CHEMBL_POOL_01202,O=C(C1CCCCN1)N1CCN(Cc2cccnc2)CC1
CHEMBL_POOL_01203,O=C(C1CCCCN1)N1CCN(Cc2ccncc2)CC1
CHEMBL_POOL_01204,O=C(CC(O)CCc1ccc(O)c(O)c1)O[C@H]1Cc2cc(O)c(O)cc2O[C@H]1c1ccc(O)c(O)c1
CHEMBL_POOL_01205,O=C(CCc1ccc(O)c(O)c1)c1ccc(O)c(O)c1O
CHEMBL_POOL_01206,O=C(CCl)Nc1ccc(C2CC3CCC2N3)cn1
CHEMBL_POOL_01207,O=C(CN(CCCCc1ccccc1)C(=O)CN(CCCCc1ccccc1)C(=O)Nc1ccc(Oc2ccccc2)cc1)NO
CHEMBL_POOL_01208,O=C(CN(Cc1ccccc1)C(=O)CN(CCCc1ccccc1)C(=O)Nc1ccc(Oc2ccccc2)cc1)NO
CHEMBL_POOL_01209,O=C(CO)[C@H]1CCCN1C(=O)[C@@H]1CCCN1C(=O)c1cccc(C(=O)N2CCC[C@@H]2C(=O)C2CCCC2)c1
CHEMBL_POOL_01210,O=C(Cc1ccc(Cl)c(Cl)c1)N1CCC2(CC1CN1CCCC1)SCCS2
CHEMBL_POOL_01211,O=C(Cc1ccc(Cl)c(Cl)c1)N1CCCCC1CN1CC=CC1
CHEMBL_POOL_01212,O=C(Cc1ccc(Cl)c(Cl)c1)N1CCCCC1CN1CCC2(CC1)OCCO2
CHEMBL_POOL_01213,O=C(Cc1ccccc1)Nc1c(-c2ccccc2)c(O)nc2cc(Cl)ccc12
CHEMBL_POOL_01214,O=C(N1CCOCC1)N(Cc1ccccc1)CC(O)CN(Cc1ccccc1)C(=O)N1CCOCC1
CHEMBL_POOL_01215,O=C(NCC1CCC(C(=O)NO)CC1)c1cccc2ccccc12
CHEMBL_POOL_01216,O=C(NCc1ccc(Cl)cc1Cl)c1cc(-c2ccncc2)nnc1Cl
CHEMBL_POOL_01217,O=C(NCc1ccccc1)c1cc(-c2ccncc2)nnc1Cl
CHEMBL_POOL_01218,O=C(NO)C1(S(=O)(=O)c2ccc(OCc3ccccc3)cc2)CCN(Cc2ccccc2)CC1
CHEMBL_POOL_01219,O=C(NO)[C@H]1CCC[C@@H]1C(=O)Nc1ccc(OCc2ccccc2)cc1
CHEMBL_POOL_01220,O=C(NO)c1ccccc1
CHEMBL_POOL_01221,O=C(NS(=O)(=O)c1ccccc1)c1ccc(C(=O)O)nc1
CHEMBL_POOL_01222,O=C(N[C@@H](Cc1c[nH]c2ccccc12)C(=O)N[C@@H](Cc1c[nH]c2ccccc12)C(=O)N[C@@H](Cc1ccc(O)cc1)C(=O)O)OCc1cc(=O)c(O)co1
CHEMBL_POOL_01223,O=C(O)/C=C/c1ccc(O)cc1
CHEMBL_POOL_01224,O=C(O)C(=O)CC(=O)c1cccc(Cc2cccc(Cl)c2)c1
CHEMBL_POOL_01225,O=C(O)C1CN(c2cnc3ccccc3n2)CCN1
CHEMBL_POOL_01226,O=C(O)CC(=O)Nc1c(-c2ccccc2)c(O)nc2cc(Cl)ccc12
CHEMBL_POOL_01227,O=C(O)CC1CCc2cc(NC(=O)/C=C/C3CCNCC3)ccc2C1=O
CHEMBL_POOL_01228,O=C(O)CCNC(=O)C(Cc1ccc(-c2ccccc2)cc1)NCP(=O)(O)OCc1ccccc1
CHEMBL_POOL_01229,O=C(O)CCNC(=O)[C@@H](Cc1ccc(-c2ccccc2)cc1)NCP(=O)(O)O
CHEMBL_POOL_01230,O=C(O)CN(c1ccccc1)S(=O)(=O)c1ccc(NC(=O)c2ccccc2)cc1
CHEMBL_POOL_01231,O=C(O)CNS(=O)(=O)c1ccc(NC(=O)c2ccccc2)cc1
CHEMBL_POOL_01232,O=C(O)CNS(=O)(=O)c1ccccc1[N+](=O)[O-]
CHEMBL_POOL_01233,O=C(O)COc1c(F)cc(SCCNS(=O)(=O)c2ccc(Cl)cc2)cc1F
CHEMBL_POOL_01234,O=C(O)COc1cccc(-c2ccc(CCCCCCc3ccc(O[C@H]4O[C@H](CO)[C@@H](O)[C@@H](O)[C@@H]4O)c(-c4cccc(OCC(=O)O)c4)c3)cc2O[C@H]2O[C@H](CO)[C@@H](O)[C@@H](O)[C@@H]2O)c1
CHEMBL_POOL_01235,O=C(O)Cc1cccc(-c2cc(CCCCc3ccc(O[C@H]4O[C@H](CO)[C@@H](O)[C@@H](O)[C@@H]4O)c(-c4cccc(CC(=O)O)c4)c3)ccc2O[C@H]2O[C@H](CO)[C@@H](O)[C@@H](O)[C@@H]2O)c1
CHEMBL_POOL_01236,O=C(O)[C@@H](NS(=O)(=O)c1ccccc1)c1ccccc1
CHEMBL_POOL_01237,O=C(O)[C@H](NS(=O)(=O)c1ccccc1)c1ccccc1
CHEMBL_POOL_01238,O=C(O)c1ccc(-c2nc(-c3ccc(F)cc3)c(-c3ccccn3)[nH]2)cc1
CHEMBL_POOL_01239,O=C(O)c1ccc(-c2nc(-c3ccc(F)cc3)c(-c3ccncc3)[nH]2)cc1
CHEMBL_POOL_01240,O=C(O)c1ccc(-c2nc(-c3ccc4c(c3)OCO4)c(-c3ccccn3)[nH]2)cc1
CHEMBL_POOL_01241,O=C(O)c1ccccc1NS(=O)(=O)c1ccc2ccccc2c1
CHEMBL_POOL_01242,O=C(O)c1cccn2c(=O)c3ccccc3nc12
CHEMBL_POOL_01243,O=C(O)c1cn(C2CC2)c2cc(N3CCNCC3)c(F)cc2c1=O
CHEMBL_POOL_01244,O=C(O)c1cnc2cc(OCCOc3ccc4ccccc4c3)ccc2c1O
CHEMBL_POOL_01245,O=C(O)c1cnc2cc(OCc3ccc(Oc4ccccc4)cc3)ccc2c1O
CHEMBL_POOL_01246,O=C(OCC1CCCO1)N(Cc1ccccc1)CC(O)CN(Cc1ccccc1)C(=O)OCC1CCCO1
CHEMBL_POOL_01247,O=C([C@@H]1CCCN1)N1CCN(Cc2ccccn2)CC1
CHEMBL_POOL_01248,O=C([C@@H]1CCCN1)N1CCN(Cc2cccnc2)CC1
CHEMBL_POOL_01249,O=C([C@@H]1CCCN1C(=O)CCCc1ccccc1)N1CCCC1
CHEMBL_POOL_01250,O=C([C@H]1CCCN1C(=O)c1cccc(C(=O)N2CCC[C@H]2C(=O)N2CCCCCC2)c1)N1CCCC1
CHEMBL_POOL_01251,O=C(c1ccc(-n2ncc(=O)[nH]c2=O)cc1)c1cccs1
CHEMBL_POOL_01252,O=C(c1ccc(Cl)cc1)c1ccc(-n2ncc(=O)[nH]c2=O)cc1
CHEMBL_POOL_01253,O=C(c1ccc(Cl)cc1)c1ccc(-n2ncc(=O)[nH]c2=O)cc1Cl
CHEMBL_POOL_01254,O=C(c1ccc(Cl)cc1Cl)c1ccc(-n2ncc(=O)[nH]c2=O)cc1Cl
CHEMBL_POOL_01255,O=C(c1ccccc1)c1cc(-n2ncc(=O)[nH]c2=O)ccc1Cl
CHEMBL_POOL_01256,O=C(c1ccccc1)c1ccc(-n2ncc(=O)[nH]c2=O)cc1
CHEMBL_POOL_01257,O=C(c1ccccc1)c1ccc(-n2ncc(=O)[nH]c2=O)cc1Cl
CHEMBL_POOL_01258,O=C(c1ccccc1)c1cccc(-n2ncc(=O)[nH]c2=O)c1
CHEMBL_POOL_01259,O=C1C(Nc2ccc(Br)cc2)=C(Cl)C(=O)c2ncncc21
CHEMBL_POOL_01260,O=C1C2C=Nc3ccccc3C2=NN1c1ccc(Cl)cc1
CHEMBL_POOL_01261,O=C1C=C(N2CCCC2)c2ccccc2C1=O
CHEMBL_POOL_01262,O=C1C=C(c2c[nH]c3ccccc23)c2ccccc2C1=O
CHEMBL_POOL_01263,O=C1C=CN2c3ccccc3CCC2C1
CHEMBL_POOL_01264,O=C1CCC(c2c(-c3ccc(F)cc3F)nc3ccccn23)=NN1c1c(Cl)cccc1Cl
CHEMBL_POOL_01265,O=C1CCC(c2c(-c3cccc(C(F)(F)F)c3)nc3ccccn23)=NN1c1ccccc1Cl
CHEMBL_POOL_01266,O=C1CCN(C(=O)Cc2ccc(Cl)c(Cl)c2)C(CN2CCCC2)C1
CHEMBL_POOL_01267,O=C1CN(c2cnc3ccccc3n2)CCN1
CHEMBL_POOL_01268,O=C1C[C@H](Cc2ccccc2)N1C(=O)NCCc1ccccc1
CHEMBL_POOL_01269,O=C1C[C@H](Cc2ccccc2)N1C(=O)NCc1ccncc1
CHEMBL_POOL_01270,O=C1C[C@H](NC(=O)[C@@H]2CS[C@H]3CC[C@H](NC(=O)OCc4ccccc4)C(=O)N32)C(O)O1
CHEMBL_POOL_01271,O=C1N(CN2CCCC2)c2ccccc2C12OCCO2
CHEMBL_POOL_01272,O=C1N(CN2CCCCC2)c2ccccc2C12OCCO2
CHEMBL_POOL_01273,O=C1N(CN2CCCCC2)c2ccccc2C12SCCS2
CHEMBL_POOL_01274,O=C1N(CN2CCOCC2)c2ccccc2C12OCCO2
CHEMBL_POOL_01275,O=C1N(CN2CCOCC2)c2ccccc2C12SCCS2
CHEMBL_POOL_01276,O=C1N(Cc2ccccc2)c2ccccc2C12OCCO2
CHEMBL_POOL_01277,O=C1NC(=O)C(c2ccccc2)(c2ccccc2)N1
CHEMBL_POOL_01278,O=C1NC(=O)c2c1c1c3cccnc3ccc1c1[nH]c3ccccc3c21
CHEMBL_POOL_01279,O=C1NCCN(c2cccnc2)N1
CHEMBL_POOL_01280,O=C1Nc2c(C(F)(F)F)cccc2C12OCCO2
CHEMBL_POOL_01281,O=C1Nc2cc(Cl)ccc2C12OCCO2
CHEMBL_POOL_01282,O=C1Nc2ccc(Br)cc2C12OCCO2
CHEMBL_POOL_01283,O=C1Nc2ccc(Br)cc2C12SCCS2
CHEMBL_POOL_01284,O=C1Nc2ccc(Cl)cc2C12OCCO2
CHEMBL_POOL_01285,O=C1Nc2ccc(Cl)cc2C12OCCS2
CHEMBL_POOL_01286,O=C1Nc2ccc(I)cc2C12OCCO2
CHEMBL_POOL_01287,O=C1Nc2ccc([N+](=O)[O-])cc2C12OCCO2
CHEMBL_POOL_01288,O=C1Nc2cccc(Cl)c2C12OCCO2
CHEMBL_POOL_01289,O=C1Nc2ccccc2C12OCC(CCl)O2
CHEMBL_POOL_01290,O=C1Nc2ccccc2C12OCCCO2
CHEMBL_POOL_01291,O=C1Nc2ccccc2C12OCCO2
CHEMBL_POOL_01292,O=C1Nc2ccccc2C12OCCS2
CHEMBL_POOL_01293,O=C1Nc2ccccc2C12SCCS2
CHEMBL_POOL_01294,O=C1O/C(=C/Br)CCC1c1cccc2ccccc12
CHEMBL_POOL_01295,O=C1O/C(=C/I)CCC1c1cccc2ccccc12
CHEMBL_POOL_01296,O=C1O/C(=C\I)CCC1c1cccc2ccccc12
CHEMBL_POOL_01297,O=C1c2[nH]nnc2N(Cc2ccc(F)cc2)C2=NCCN12
CHEMBL_POOL_01298,O=C1c2cc(O)c(O)cc2-c2cc(O)c(O)cc21
CHEMBL_POOL_01299,O=C1c2cccc3cc4ccccc4c(c23)C(=O)N1CCCN(CCO)CCO
CHEMBL_POOL_01300,O=C1c2cccc3cc4ccccc4c(c23)C(=O)N1CCN1CCNCC1
CHEMBL_POOL_01301,O=C1c2cccc3cc4ccccc4c(c23)C(=O)N1c1cccnc1
CHEMBL_POOL_01302,O=C1c2ccccc2-c2nn(CCNCO)c3ccc(NCCNCCO)c1c23
CHEMBL_POOL_01303,O=C1c2ccccc2C(=O)N1CCCCCCN1CCN(c2nsc3ccccc23)CC1
CHEMBL_POOL_01304,O=C1c2ccccc2C(=O)N1CCOCCN1CCN(c2nsc3ccccc23)CC1
CHEMBL_POOL_01305,O=CC(=O)c1[nH]c2ccccc2c1NC1C(=O)NC2Cc3ccc(c(Cl)c3)Oc3cc4cc(c3O)Oc3ccc(cc3Cl)C(O)C3NC(=O)C(NC(=O)C4NC(=O)C(NC2=O)c2cc(O)cc(c2)Oc2cc1ccc2O)c1ccc(O)c(c1)-c1c(O)cc(O)cc1[C@H](C(=O)O)NC3=O
CHEMBL_POOL_01306,O=P(O)(O)C(Cc1ccc2ccccc2c1)N[C@@H](Cc1ccc(-c2ccccc2)cc1)c1nnn[nH]1
CHEMBL_POOL_01307,O=P(O)(O)C(Cc1cccc2ccccc12)N[C@@H](Cc1ccc(-c2ccccc2)cc1)c1nnn[nH]1
CHEMBL_POOL_01308,O=P(O)(O)C(Cc1ccccc1)N[C@H](Cc1ccc(-c2ccccc2)cc1)c1nnn[nH]1
CHEMBL_POOL_01309,O=P(O)(O)O[C@@H]1CC[C@@H](OP(=O)(O)O)[C@H](OP(=O)(O)O)C1
CHEMBL_POOL_01310,O=S1(=O)c2cccc3cccc(c23)N1CCCCN1CC=C(c2c[nH]c3ccccc23)CC1
CHEMBL_POOL_01311,O=S1(=O)c2cccc3cccc(c23)N1CCCN1CC=C(c2c[nH]c3ccc(F)cc23)CC1
CHEMBL_POOL_01312,O=S1(=O)c2cccc3cccc(c23)N1CCN1CCC(CCc2c[nH]c3ccc(F)cc23)CC1
CHEMBL_POOL_01313,O=S1(=O)c2cccc3cccc(c23)N1CCN1CCC(Cc2c[nH]c3cccc(F)c23)CC1
CHEMBL_POOL_01314,O=S1(=O)c2ccccc2-c2ccccc2N1CCN1CCC(Cc2c[nH]c3ccc(F)cc23)CC1
CHEMBL_POOL_01315,O=[N+]([O-])O[C@H]1CO[C@H]2[C@@H]1OC[C@H]2O[N+](=O)[O-]
CHEMBL_POOL_01316,O=[N+]([O-])c1ccc2nc(N3CCNCC3)cnc2c1
CHEMBL_POOL_01317,O=[N+]([O-])c1ccc2ncc(N3CCNCC3)nc2c1
CHEMBL_POOL_01318,O=c1[nH]c(=O)n(C2CC(O)C(CO)O2)cc1F
CHEMBL_POOL_01319,O=c1[nH]c(=O)n(C2CC(O)C(CO)O2)cc1I
CHEMBL_POOL_01320,O=c1[nH]c2c(c(=O)[nH]1)CNc1ccccc1S2
CHEMBL_POOL_01321,O=c1c2ccccc2nc2ccc(-c3nn[nH]n3)cn12
CHEMBL_POOL_01322,O=c1cc(-c2ccc(O)c(O)c2)oc2cc(O)cc(O)c12
CHEMBL_POOL_01323,O=c1cc(-c2cccc(-c3ccc(O)cc3)c2)sc(N2CCOCC2)c1
CHEMBL_POOL_01324,O=c1cc(C(F)(F)F)c2cc3c(cc2o1)NCCC3
CHEMBL_POOL_01325,O=c1cc(C(F)(F)F)c2cc3c(cc2o1)NCCC3C(F)(F)C(F)(F)F
CHEMBL_POOL_01326,O=c1cc(C(F)(F)F)c2cc3c(cc2o1)NCCC3C(F)(F)F
CHEMBL_POOL_01327,O=c1cc(C(c2ccccc2)c2ccccc2)oc2cc(O)ccc12
CHEMBL_POOL_01328,O=c1ccc2cc3ccoc3c(OCCO)c2o1
CHEMBL_POOL_01329,O=c1ccoc2cc(O)ccc12
CHEMBL_POOL_01330,O=c1cnn(-c2ccc(-c3ccc4oc5ccc(Cl)cc5c(=O)c4c3)cc2)c(=O)[nH]1
CHEMBL_POOL_01331,O=c1cnn(-c2ccc(C(O)c3ccc(Cl)cc3)c(Cl)c2)c(=O)[nH]1
CHEMBL_POOL_01332,O=c1oc(Nc2ccccc2I)nc2cc(C(F)(F)F)ccc12
CHEMBL_POOL_01333,O=c1oc(Nc2ccccc2I)nc2cc(C3CCCCC3)ccc12
CHEMBL_POOL_01334,O=c1oc(Nc2nc[nH]n2)nc2ccccc12
CHEMBL_POOL_01335,O=c1oc(Nc2nncs2)nc2ccccc12
CHEMBL_POOL_01336,O=c1oc2c(Cl)c(Cl)ccc2c2cc(O)c(O)cc12
CHEMBL_POOL_01337,O=c1oc2c(F)c(F)ccc2c2cc(O)c(O)cc12
CHEMBL_POOL_01338,O=c1oc2c(O)c(O)cc3c(=O)oc4c(O)c(O)cc1c4c23
CHEMBL_POOL_01339,O=c1oc2c(O)c(O)ccc2c2cc(F)ccc12
CHEMBL_POOL_01340,O=c1oc2c(O)c(O)ccc2c2cc(O)c(O)cc12
CHEMBL_POOL_01341,O=c1oc2c(O)c(O)ccc2c2ccc(O)cc12
CHEMBL_POOL_01342,O=c1oc2c(O)c(O)ccc2c2ccccc12
CHEMBL_POOL_01343,O=c1oc2cc(O)c(O)cc2c2cc(F)ccc12
CHEMBL_POOL_01344,O=c1oc2cc(O)c(O)cc2c2cc(O)c(O)cc12
CHEMBL_POOL_01345,O=c1oc2ccccc2c2cc(O)c(O)cc12
CHEMBL_POOL_01346,O=c1oc2ccccc2c2ccccc12
CHEMBL_POOL_01347,OC(c1ccc(Cl)cc1)c1ccccc1C1=NCCN1
CHEMBL_POOL_01348,OC1(c2ccc(Cl)c(Cl)c2)c2ccccc2C2=NCCN21
CHEMBL_POOL_01349,OC1(c2cccc(F)c2)c2ccccc2C2=NCCCN21
CHEMBL_POOL_01350,OC1(c2ccccc2F)c2ccccc2C2=NCCCN21
CHEMBL_POOL_01351,OC1(c2cccnc2)c2ccccc2C2=NCCN21
CHEMBL_POOL_01352,OC1CN=C2c3ccccc3C(O)(c3ccc(Cl)cc3)N2C1
CHEMBL_POOL_01353,OCC1NC(CO)[C@H](O)[C@@H](O)[C@@H]1O
CHEMBL_POOL_01354,OCCOCOCc1cc(CCCCCOc2c(Cl)cc(C3=NCCO3)cc2Cl)on1
CHEMBL_POOL_01355,OCc1ccc(-c2nc(-c3ccccn3)c(-c3ccc4c(c3)OCO4)[nH]2)cc1
CHEMBL_POOL_01356,ONC1c2cc(O)c(O)cc2-c2cc(O)c(O)cc21
CHEMBL_POOL_01357,Oc1c(F)cc(Cn2cc[nH]c2=S)cc1F
CHEMBL_POOL_01358,Oc1ccc(/C(=C(/c2ccc(O)cc2)C(F)(F)F)C(F)(F)F)cc1
CHEMBL_POOL_01359,Oc1ccc(/C(=C(/c2ccccc2)C(F)(F)F)C(F)(F)F)cc1
CHEMBL_POOL_01360,Oc1ccc(C(=C(C(F)(F)F)C(F)(F)F)c2ccccc2)cc1
CHEMBL_POOL_01361,Oc1ccc(C(=C2CCCCC2)c2ccc(O)cc2)cc1
CHEMBL_POOL_01362,Oc1ccc(Cn2cc[nH]c2=S)cc1O
CHEMBL_POOL_01363,Oc1ccc2nc(N3CCNCC3)cnc2c1
CHEMBL_POOL_01364,Oc1cccc(O)c1O
CHEMBL_POOL_01365,Oc1ccccc1-c1nc2c(-c3nc4ccccc4o3)cccc2o1
CHEMBL_POOL_01366,Oc1nc2cc(Cl)ccc2c(OCc2ccccc2)c1-c1ccccc1
CHEMBL_POOL_01367,Oc1nc2ccccc2nc1N1CCNCC1
CHEMBL_POOL_01368,S=C(NCN1CCOCC1)Nc1ccc(Br)cn1
CHEMBL_POOL_01369,S=C(Nc1cccc(Cl)c1)N1CCC(c2cccc(Br)c2)=N1
CHEMBL_POOL_01370,S=c1[nH]ccn1Cc1cc(Cl)cc(Cl)c1
CHEMBL_POOL_01371,S=c1[nH]ccn1Cc1ccc(Cl)cc1
CHEMBL_POOL_01372,S=c1[nH]ccn1Cc1ccc(Cl)cc1Cl
CHEMBL_POOL_01373,S=c1[nH]ccn1Cc1ccccc1Cl
CHEMBL_POOL_01374,SCCNCc1cc(-c2cccc3ccccc23)cc(CNCCS)n1
CHEMBL_POOL_01375,[O-][n+]1cc(N2CCNCC2)nc2ccccc21
CHEMBL_POOL_01376,c1cc(CN2CCN(CC3CCCCN3)CC2)ccn1
CHEMBL_POOL_01377,c1cc(CN2CCN(C[C@@H]3CCCN3)CC2)ccn1
CHEMBL_POOL_01378,c1cc2cc(c1)-c1cccc(c1)C[n+]1ccc(c3ccccc31)NCCCCCCCCCCNc1cc[n+](c3ccccc13)C2
CHEMBL_POOL_01379,c1ccc(-c2[nH]c(-c3ccccc3)c3c2C2CCC3CC2)cc1
CHEMBL_POOL_01380,c1ccc(-c2cnc(Nc3ccccn3)o2)cc1
CHEMBL_POOL_01381,c1ccc(-c2cnc(Nc3cnccn3)s2)cc1
CHEMBL_POOL_01382,c1ccc(-c2nc3c(-c4nc5ccccc5o4)cccc3o2)cc1
CHEMBL_POOL_01383,c1ccc(-c2nc3n(c2-c2ccc4c(c2)OCO4)CCC3)nc1
CHEMBL_POOL_01384,c1ccc(C(CC2CCCCC2)Nc2nc3ccccc3o2)cc1
CHEMBL_POOL_01385,c1ccc(C2CN3CCNCC3c3ccccc32)cc1
CHEMBL_POOL_01386,c1ccc(CCN2CCC(CCOC(c3ccccc3)c3ccccc3)CC2)cc1
CHEMBL_POOL_01387,c1ccc(CCN2CCN3CC(c4ccccc4)c4ccccc4C3C2)cc1
CHEMBL_POOL_01388,c1ccc(CN2CCC(CCOC(c3ccccc3)c3ccccc3)CC2)cc1
CHEMBL_POOL_01389,c1ccc(CN2CCN3CC(c4ccccc4)c4ccccc4C3C2)cc1
CHEMBL_POOL_01390,c1ccc(C[n+]2ccc(NCCCCCCCCCCNc3cc[n+](Cc4ccccc4)c4ccccc34)c3ccccc32)cc1
CHEMBL_POOL_01391,c1ccc2c(c1)C[C@H]1CN[C@@]23CCCC[C@@H]13
CHEMBL_POOL_01392,c1ccc2c(c1)c1cc[n+]2Cc2ccc(cc2)-c2ccc(cc2)C[n+]2ccc(c3ccccc32)NCCCCCCCCCCN1
CHEMBL_POOL_01393,c1ccc2c(c1)c1cc[n+]2Cc2ccc(cc2)CCc2ccc(cc2)C[n+]2ccc(c3ccccc32)NCCCCCCCCCCN1
CHEMBL_POOL_01394,c1ccc2c(c1)c1cc[n+]2Cc2ccc(cc2)Cc2ccc(cc2)C[n+]2ccc(c3ccccc32)NCCCCCCCCCCN1
CHEMBL_POOL_01395,c1ccc2c(c1)c1cc[n+]2Cc2ccc3c(c2)Cc2cc(ccc2-3)C[n+]2ccc(c3ccccc32)NCCCCCCCCCCN1
CHEMBL_POOL_01396,c1ccc2c(c1)cc1n2CCNC1
CHEMBL_POOL_01397,c1ccc2c(c1)nc1n2CCNC1
CHEMBL_POOL_01398,c1ccc2c3c([nH]c2c1)C1=NCCN1CC3
CHEMBL_POOL_01399,c1ccc2c3c([nH]c2c1)CCNC3
CHEMBL_POOL_01400,c1ccc2c3c([nH]c2c1)CNCC3
CHEMBL_POOL_01401,c1ccc2nc(N3CCNCC3)cnc2c1
CHEMBL_POOL_01402,c1ccc2oc(C3=NCCN3)cc2c1
CHEMBL_POOL_01403,c1cnc(N2CCN(Cc3cccc4c3Cc3ccccc3-4)CC2)nc1
CHEMBL_POOL_01404,c1cnc(N2CCN(Cc3cccc4c3sc3ccccc34)CC2)nc1
CHEMBL_POOL_01405,c1cncc(CN2CCN(CC3CCCCN3)CC2)c1
CHEMBL_POOL_01406,c1cncc(CN2CCN(C[C@@H]3CCCN3)CC2)c1
CHEMBL_POOL_01407,c1cncc([C@@H]2CCCN2)c1
