smiles,compound_id
O=C(OC1Oc2cc(O)c(O)c(O)c2CC1c1ccc(O)c(O)c1)c1cc(O)c(O)c(O)c1,LIT_ECG01
O=C(O)c1cc(O)c(O)c(O)c1,LIT_GAL01
COc1ccc(C=CC(=O)CC(=O)C=Cc2ccc(OC)c(O)c2)cc1O,LIT_CUR01
Oc1ccc(C=Cc2cc(O)cc(O)c2)cc1,LIT_RES01
CN1CCCC1c1ccc(N(C(=O)C2=C(C(=O)O)CSCC2)c2ccc(N3CCCC3)cc2)cc1,LIT_CFT01
O=S(=O)(Nc1ccc(-c2ccc(F)cc2)cc1)c1ccc(C(F)(F)F)cc1,LIT_BPS01
O=C(NN=Cc1ccc(Br)cc1)c1ccc2ccccc2c1,ALLO_0001
O=C(NN=Cc1ccc(Br)cc1)c1ccc(O)c(O)c1,ALLO_0002
O=C(NN=Cc1ccc(Br)cc1)c1cc(-c2ccc(Nc3ccc(O)c(O)c3)cc2)n(-c2ccc3ccccc3c2)n1,ALLO_0003
O=C(NN=Cc1ccc(Br)cc1)c1cc(-c2ccc(Nc3ccc(O)c(O)c3)cc2)n(-c2ccc(O)c(O)c2)n1,ALLO_0004
O=C(Nc1ccc(-c2cc(C(=O)NN=Cc3ccc(Br)cc3)nn2-c2ccc3ccccc3c2)cc1)c1ccc(F)cc1,ALLO_0005
O=C(Nc1ccc(-c2cc(C(=O)NN=Cc3ccc(Br)cc3)nn2-c2ccc(O)c(O)c2)cc1)c1ccc(F)cc1,ALLO_0006
O=C(NN=Cc1ccc(Br)cc1)c1cc(-c2ccc(Nc3ccc4ccccc4c3)cc2)n(-c2ccc3ccccc3c2)n1,ALLO_0007
O=C(Nc1ccc(-c2cc(C(=O)NN=Cc3ccc(Br)cc3)nn2-c2ccc3ccccc3c2)cc1)c1ccccc1,ALLO_0008
O=C(NN=Cc1ccc(Br)cc1)c1cc(-c2ccc(NS(=O)(=O)c3ccccc3)cc2)n(-c2ccc(O)c(O)c2)n1,ALLO_0009
O=C(Nc1ccc(-c2cc(C(=O)NN=Cc3ccc(Br)cc3)nn2-c2ccc(O)c(O)c2)cc1)c1cc(O)c(O)c(O)c1,ALLO_0010
O=C(Nc1ccc(-c2cc(C(=O)NN=Cc3ccc(Br)cc3)nn2-c2ccc(O)c(O)c2)cc1)c1ccccc1,ALLO_0011
O=C(NN=Cc1ccc(Br)cc1)c1cc(-c2ccc(Nc3ccc4ccccc4c3)cc2)n(-c2ccc(O)c(O)c2)n1,ALLO_0012
O=C(NN=Cc1ccc(Br)cc1)c1cc(-c2ccc(F)cc2)nn1-c1ccc2ccccc2c1,ALLO_0013
O=C(NN=Cc1ccc(Br)cc1)c1cc(-c2ccc(F)cc2)nn1-c1ccc(O)c(O)c1,ALLO_0014
O=C(NN=Cc1ccc(Br)cc1)c1cc(-c2ccc(F)cc2)nn1CN1C(=O)c2ccc3c(c2C1=O)CCc1ccccc1-3,ALLO_0015
O=C1c2c(cccc2C(=O)N2C(=O)c3ccc4c(c3C2=O)CCc2ccccc2-4)CN1Cc1ccc2ccccc2c1,ALLO_0016
O=C1c2c(cccc2C(=O)N2C(=O)NC3(CCCCC3)C2=O)CN1Cc1ccc2ccccc2c1,ALLO_0017
O=C(Oc1cc(O)c2c(c1)OCC2)c1cccc2c1C(=O)N(Cc1ccc3ccccc3c1)C2,ALLO_0018
O=C(Oc1ccc(O)cc1)c1cccc2c1C(=O)N(Cc1ccc3ccccc3c1)C2,ALLO_0019
O=C(NS(=O)(=O)c1ccccc1)c1cccc2c1C(=O)N(Cc1ccc3ccccc3c1)C2,ALLO_0020
O=C(NCc1ccc2c(c1)OCCO2)c1cccc2c1C(=O)N(Cc1ccc3ccccc3c1)C2,ALLO_0021
O=C(NS(=O)(=O)c1ccc2c(c1)OCCO2)c1cccc2c1C(=O)N(Cc1ccc3ccccc3c1)C2,ALLO_0022
O=C(Nc1ccc2ccccc2c1)c1cccc2c1C(=O)N(Cc1ccc3ccccc3c1)C2,ALLO_0023
O=C(Oc1cc(O)c2c(c1)OCC2)c1cccc2c1C(=O)N(C(=O)c1cccc3c1C(=O)N(Cc1ccc4ccccc4c1)C3)C2,ALLO_0024
O=C(Oc1ccc(O)cc1)c1cccc2c1C(=O)N(C(=O)c1cccc3c1C(=O)N(Cc1ccc4ccccc4c1)C3)C2,ALLO_0025
O=C1c2c(cccc2C(=O)N2Cc3cccc(C(=O)N4C(=O)NC5(CCCCC5)C4=O)c3C2=O)CN1Cc1ccc2ccccc2c1,ALLO_0026
O=C(NS(=O)(=O)c1ccccc1)c1cccc2c1C(=O)N(C(=O)c1cccc3c1C(=O)N(Cc1ccc4ccccc4c1)C3)C2,ALLO_0027
O=C(NCc1ccc2c(c1)OCCO2)c1cccc2c1C(=O)N(C(=O)c1cccc3c1C(=O)N(Cc1ccc4ccccc4c1)C3)C2,ALLO_0028
O=C(Nc1ccc2ccccc2c1)c1cccc2c1C(=O)N(C(=O)c1cccc3c1C(=O)N(Cc1ccc4ccccc4c1)C3)C2,ALLO_0029
O=C(Oc1ccc(O)cc1)c1cccc2c1C(=O)N(Cc1ccc(O)c(O)c1)C2,ALLO_0030
O=C(Oc1ccc(O)cc1)c1cccc2c1C(=O)N(CN1C(=O)c3ccc4c(c3C1=O)CCc1ccccc1-4)C2,ALLO_0031
O=C(Oc1ccc(O)cc1)c1cccc2c1C(=O)N(CN1C(=O)NC3(CCCCC3)C1=O)C2,ALLO_0032
O=C(Oc1ccc(O)cc1)c1cccc2c1C(=O)N(CN1Cc3cccc(C(=O)N4C(=O)NC5(CCCCC5)C4=O)c3C1=O)C2,ALLO_0033
O=C(NS(=O)(=O)c1ccccc1)c1cccc2c1C(=O)N(CN1Cc3cccc(C(=O)Oc4ccc(O)cc4)c3C1=O)C2,ALLO_0034
O=C(NCc1ccc2c(c1)OCCO2)c1cccc2c1C(=O)N(CN1Cc3cccc(C(=O)Oc4ccc(O)cc4)c3C1=O)C2,ALLO_0035
O=C(Nc1ccc2ccccc2c1)c1cccc2c1C(=O)N(CN1Cc3cccc(C(=O)Oc4ccc(O)cc4)c3C1=O)C2,ALLO_0036
O=C(Oc1ccc(O)cc1)c1cccc2c1C(=O)N(CN1Cc3cccc(C(=O)Oc4cc(O)c5c(c4)OCC5)c3C1=O)C2,ALLO_0037
O=C(Oc1ccc(O)cc1)c1cccc2c1C(=O)N(CN1Cc3cccc(C(=O)Oc4ccc(O)cc4)c3C1=O)C2,ALLO_0038
O=C(Oc1ccc(O)cc1)c1cccc2c1C(=O)N(Cn1nc(-c3ccc(F)cc3)cc1-c1ccc3ccccc3c1)C2,ALLO_0039
O=C(Oc1ccc(O)cc1)c1cccc2c1C(=O)N(Cn1nc(-c3ccc(F)cc3)cc1-c1ccc(O)c(O)c1)C2,ALLO_0040
O=C(Oc1ccc(O)cc1)c1cccc2c1C(=O)N(Cn1nc(-c3ccc(F)cc3)cc1N1C(=O)NC3(CCCCC3)C1=O)C2,ALLO_0041
O=C(Oc1ccc(O)cc1)c1cccc2c1C(=O)N(Cn1nc(-c3ccc(F)cc3)cc1Oc1cc(O)c3c(c1)OCC3)C2,ALLO_0042
O=C(Oc1ccc(O)cc1)c1cccc2c1C(=O)N(Cn1nc(-c3ccc(F)cc3)cc1Oc1ccc(O)cc1)C2,ALLO_0043
O=C(Oc1ccc(O)cc1)c1cccc2c1C(=O)N(Cn1nc(-c3ccc(F)cc3)cc1NS(=O)(=O)c1ccccc1)C2,ALLO_0044
O=C(Oc1ccc(O)cc1)c1cccc2c1C(=O)N(Cn1nc(-c3ccc(F)cc3)cc1NCc1ccc3c(c1)OCCO3)C2,ALLO_0045
O=C(Oc1ccc(O)cc1)c1cccc2c1C(=O)N(Cn1nc(-c3ccc(F)cc3)cc1Nc1ccc3ccccc3c1)C2,ALLO_0046
O=C(Oc1ccc(O)cc1)c1cccc2c1C(=O)N(Cc1cc(-c3ccc(F)cc3)nn1-c1ccc3ccccc3c1)C2,ALLO_0047
O=C(Oc1ccc(O)cc1)c1cccc2c1C(=O)N(Cc1cc(-c3ccc(F)cc3)nn1-c1ccc(O)c(O)c1)C2,ALLO_0048
O=C(Nc1ccc2ccccc2c1)c1cccc2c1C(=O)N(Cc1ccc(O)c(O)c1)C2,ALLO_0049
O=C(Nc1ccc2ccccc2c1)c1cccc2c1C(=O)N(CN1C(=O)c3ccc4c(c3C1=O)CCc1ccccc1-4)C2,ALLO_0050
O=C(Nc1ccc2ccccc2c1)c1cccc2c1C(=O)N(CN1C(=O)NC3(CCCCC3)C1=O)C2,ALLO_0051
O=C(Nc1ccc2ccccc2c1)c1cccc2c1C(=O)N(CN1Cc3cccc(C(=O)N4C(=O)NC5(CCCCC5)C4=O)c3C1=O)C2,ALLO_0052
O=C(Nc1ccc2ccccc2c1)c1cccc2c1C(=O)N(CN1Cc3cccc(C(=O)Oc4cc(O)c5c(c4)OCC5)c3C1=O)C2,ALLO_0053
O=C(Nc1ccc2ccccc2c1)c1cccc2c1C(=O)N(CN1Cc3cccc(C(=O)NS(=O)(=O)c4ccccc4)c3C1=O)C2,ALLO_0054
O=C(NCc1ccc2c(c1)OCCO2)c1cccc2c1C(=O)N(CN1Cc3cccc(C(=O)Nc4ccc5ccccc5c4)c3C1=O)C2,ALLO_0055
O=C(Nc1ccc2ccccc2c1)c1cccc2c1C(=O)N(CN1Cc3cccc(C(=O)Nc4ccc5ccccc5c4)c3C1=O)C2,ALLO_0056
O=C(Nc1ccc2ccccc2c1)c1cccc2c1C(=O)N(Cn1nc(-c3ccc(F)cc3)cc1-c1ccc3ccccc3c1)C2,ALLO_0057
O=C(Nc1ccc2ccccc2c1)c1cccc2c1C(=O)N(Cn1nc(-c3ccc(F)cc3)cc1-c1ccc(O)c(O)c1)C2,ALLO_0058
O=C(Nc1ccc2ccccc2c1)c1cccc2c1C(=O)N(Cn1nc(-c3ccc(F)cc3)cc1NS(=O)(=O)c1ccccc1)C2,ALLO_0059
O=C(Nc1ccc2ccccc2c1)c1cccc2c1C(=O)N(Cn1nc(-c3ccc(F)cc3)cc1NCc1ccc3c(c1)OCCO3)C2,ALLO_0060
O=C(Nc1ccc2ccccc2c1)c1cccc2c1C(=O)N(Cn1nc(-c3ccc(F)cc3)cc1Nc1ccc3ccccc3c1)C2,ALLO_0061
O=C(Nc1ccc2ccccc2c1)c1cccc2c1C(=O)N(Cn1nc(-c3ccc(F)cc3)cc1N1C(=O)NC3(CCCCC3)C1=O)C2,ALLO_0062
O=C(Nc1ccc2ccccc2c1)c1cccc2c1C(=O)N(Cn1nc(-c3ccc(F)cc3)cc1Oc1cc(O)c3c(c1)OCC3)C2,ALLO_0063
O=C(Nc1ccc2ccccc2c1)c1cccc2c1C(=O)N(Cn1nc(-c3ccc(F)cc3)cc1Oc1ccc(O)cc1)C2,ALLO_0064
O=C(Nc1ccc2ccccc2c1)c1cccc2c1C(=O)N(Cc1cc(-c3ccc(F)cc3)nn1-c1ccc3ccccc3c1)C2,ALLO_0065
O=C(Nc1ccc2ccccc2c1)c1cccc2c1C(=O)N(Cc1cc(-c3ccc(F)cc3)nn1-c1ccc(O)c(O)c1)C2,ALLO_0066
O=C1c2c(cccc2C(=O)N2C(=O)c3ccc4c(c3C2=O)CCc2ccccc2-4)CN1Cc1ccc(O)c(O)c1,ALLO_0067
O=C1c2c(cccc2C(=O)N2C(=O)NC3(CCCCC3)C2=O)CN1Cc1ccc(O)c(O)c1,ALLO_0068
O=C(Oc1cc(O)c2c(c1)OCC2)c1cccc2c1C(=O)N(Cc1ccc(O)c(O)c1)C2,ALLO_0069
O=C(NS(=O)(=O)c1ccccc1)c1cccc2c1C(=O)N(Cc1ccc(O)c(O)c1)C2,ALLO_0070
O=C(NCc1ccc2c(c1)OCCO2)c1cccc2c1C(=O)N(Cc1ccc(O)c(O)c1)C2,ALLO_0071
O=C(NS(=O)(=O)c1ccc2c(c1)OCCO2)c1cccc2c1C(=O)N(Cc1ccc(O)c(O)c1)C2,ALLO_0072
O=C(NS(=O)(=O)c1ccccc1)c1cccc2c1C(=O)N(C(=O)c1cccc3c1C(=O)N(Cc1ccc(O)c(O)c1)C3)C2,ALLO_0073
O=C(NCc1ccc2c(c1)OCCO2)c1cccc2c1C(=O)N(C(=O)c1cccc3c1C(=O)N(Cc1ccc(O)c(O)c1)C3)C2,ALLO_0074
O=C(Nc1ccc2ccccc2c1)c1cccc2c1C(=O)N(C(=O)c1cccc3c1C(=O)N(Cc1ccc(O)c(O)c1)C3)C2,ALLO_0075
O=C(Oc1cc(O)c2c(c1)OCC2)c1cccc2c1C(=O)N(C(=O)c1cccc3c1C(=O)N(Cc1ccc(O)c(O)c1)C3)C2,ALLO_0076
O=C(Oc1ccc(O)cc1)c1cccc2c1C(=O)N(C(=O)c1cccc3c1C(=O)N(Cc1ccc(O)c(O)c1)C3)C2,ALLO_0077
O=C1c2c(cccc2C(=O)N2Cc3cccc(C(=O)N4C(=O)NC5(CCCCC5)C4=O)c3C2=O)CN1Cc1ccc(O)c(O)c1,ALLO_0078
O=C(Oc1cc(O)c2c(c1)OCC2)c1cccc2c1C(=O)N(CN1C(=O)c3ccc4c(c3C1=O)CCc1ccccc1-4)C2,ALLO_0079
O=C(Oc1cc(O)c2c(c1)OCC2)c1cccc2c1C(=O)N(CN1C(=O)NC3(CCCCC3)C1=O)C2,ALLO_0080
O=C(Nc1ccc(-c2ccc(Cl)cc2)cc1)c1ccccc1,ALL_BA01
O=C(Nc1ccc(-c2ccc(F)cc2)cc1)c1ccccc1,ALL_BA02
O=C(Nc1ccc(-c2ccccc2)cc1)c1cccs1,ALL_BA03
O=C(Nc1ccc(-c2ccccc2)cc1)c1ccncc1,ALL_BA04
O=C(Nc1ccc(-c2ccc(C(F)(F)F)cc2)cc1)c1ccccc1,ALL_BA05
O=C(Nc1ccc(-c2cccc(F)c2)cc1)c1ccccc1,ALL_BA06
COc1ccc(-c2ccc(NC(=O)c3ccccc3)cc2)cc1,ALL_BA07
Cc1ccc(-c2ccc(NC(=O)c3ccc(F)cc3)cc2)cc1,ALL_BA08
O=C(Nc1ccc(-c2ccccc2)cc1)c1ccc(F)cc1,ALL_BA09
O=C(Nc1ccc(-c2ccc(F)cc2)cc1)c1cccs1,ALL_BA10
Cc1ccc(-c2ccc(NC(=O)c3ccccc3)cc2)cc1,ALL_BA11
O=C(Nc1ccccc1)Nc1ccc(-c2ccc(F)cc2)cc1,ALL_BA13
O=C(Nc1ccc(-c2ccccc2)cc1)c1cccc(F)c1,ALL_BA14
O=C(Nc1ccc(-c2ccc(OC(F)(F)F)cc2)cc1)c1ccccc1,ALL_BA15
Cc1ccccc1-c1ccc(NC(=O)c2ccccc2)cc1,ALL_BA16
Cc1ccc(C(=O)Nc2ccc(-c3ccc(F)cc3)cc2)cc1,ALL_BA17
CC(C)c1ccc(-c2ccc(NC(=O)c3ccccc3)cc2)cc1,ALL_BA18
O=C(Nc1ccc(-c2ccc(-c3ccccc3)cc2)cc1)c1ccccc1,ALL_BA19
O=C(Nc1ccc(-c2ccc(-c3ccc(F)cc3)cc2)cc1)c1ccccc1,ALL_BA20
O=C(Nc1ccc(-c2cccc(-c3ccccc3)c2)cc1)c1ccccc1,ALL_BA21
O=C(Nc1ccc(Oc2ccccc2)cc1)c1ccccc1,ALL_ET01
O=C(Nc1ccc(Oc2ccc(F)cc2)cc1)c1ccccc1,ALL_ET02
O=C(Nc1ccc(Oc2ccc(Cl)cc2)cc1)c1ccccc1,ALL_ET03
Cc1ccc(Oc2ccc(NC(=O)c3ccccc3)cc2)cc1,ALL_ET04
COc1ccc(Oc2ccc(NC(=O)c3ccccc3)cc2)cc1,ALL_ET05
O=C(Nc1ccc(Oc2ccc(C(F)(F)F)cc2)cc1)c1ccccc1,ALL_ET06
Cc1ccccc1Oc1ccc(NC(=O)c2ccccc2)cc1,ALL_ET07
O=C(Nc1ccc(Oc2ccccc2F)cc1)c1ccncc1,ALL_ET08
O=S(=O)(Nc1ccc(Oc2ccccc2)cc1)c1ccccc1,ALL_ET09
O=C(Nc1ccc(Oc2cccc(F)c2)cc1)c1cccs1,ALL_ET10
O=C(Nc1ccc2[nH]c(=O)ccc2c1)c1ccccc1,ALL_IN01
O=C(Nc1ccc2[nH]c3ccccc3c2c1)c1ccccc1,ALL_IN02
O=C(Nc1ccc2oncc2c1)c1ccc(-c2ccccc2)cc1,ALL_IN03
Cc1c(C(=O)Nc2ccc(-c3ccccc3)cc2)c2ccccc2n1C,ALL_IN04
COc1ccc2[nH]c(C(=O)Nc3ccc(-c4ccccc4)cc3)cc2c1,ALL_IN05
O=C(Nc1ccc2ccccc2c1)c1ccc(-c2ccccc2)cc1,ALL_IN06
O=C(Nc1ccc2[nH]cnc2c1)c1ccc(-c2ccccc2)cc1,ALL_IN07
O=c1[nH]c2ccccc2n1Cc1ccc(-c2ccccc2)cc1,ALL_IN08
Cc1nc2ccccc2n1C(=O)Nc1ccc(-c2ccccc2)cc1,ALL_IN09
Cc1nc2ccccc2n1Cc1ccc(-c2ccccc2)cc1,ALL_IN10
O=c1[nH]c2ccccc2n1-c1ccc(-c2ccccc2)cc1,ALL_IN11
O=C(Nc1ccc2ncccc2c1)c1ccc(-c2ccccc2)cc1,ALL_QU01
O=C(Nc1ccc2cccnc2c1)c1ccc(F)cc1,ALL_QU02
O=S(=O)(Nc1ccc(-c2ccccc2)cc1)c1ccc2ncccc2c1,ALL_QU04
O=c1[nH]c2ccc3cccnc3c2n1Cc1ccc(-c2ccccc2)cc1,ALL_QU05
Cc1nc2ccc(-c3ccc(NC(=O)c4ccccc4)cc3)cc2s1,ALL_QU06
O=C(NC12CC3CC(CC(C3)C1)C2)c1ccc(-c2ccccc2)cc1,ALL_SP01
O=C(Nc1ccc(-c2ccccc2)cc1)NC12CC3CC(CC(C3)C1)C2,ALL_SP02
O=S(=O)(NC12CC3CC(CC(C3)C1)C2)c1ccc(-c2ccccc2)cc1,ALL_SP03
Cc1ccc(-c2ccc(C(=O)NC34CC5CC(CC(C5)C3)C4)cc2)cc1,ALL_SP04
O=C(NC1CC2CCC1C2)c1ccc(-c2ccccc2)cc1,ALL_SP05
O=C(Nc1ccc(-c2ccc(F)cc2)cc1)NC1CC2CCC1C2,ALL_SP06
O=C(Nc1ccc(Oc2ccccc2)cc1)NC12CC3CC(CC(C3)C1)C2,ALL_SP07
O=C(NC12CC3CC(CC(C3)C1)C2)c1ccc(Oc2ccccc2)cc1,ALL_SP08
c1ccc(-c2ccc(CCc3nn[nH]n3)cc2)cc1,ALL_TE01
c1ccc(-c2ccc(COc3nn[nH]n3)cc2)cc1,ALL_TE02
c1ccc(-c2ccc(CNc3nn[nH]n3)cc2)cc1,ALL_TE03
Cc1ccc(-c2ccc(CCc3nn[nH]n3)cc2)cc1,ALL_TE04
O=C(Nc1ccc(CCc2nn[nH]n2)cc1)c1ccccc1,ALL_TE05
O=S(=O)(Nc1ccccc1)c1ccc(CCc2nn[nH]n2)cc1,ALL_TE06
c1ccc(-c2cccc(-c3ccc(CCc4nn[nH]n4)cc3)c2)cc1,ALL_TE07
O=C(Nc1ccc(COc2nn[nH]n2)cc1)c1ccc(-c2ccccc2)cc1,ALL_TE08
O=S(=O)(Nc1ccc(-c2ccccc2)cc1)c1ccc(F)cc1,ALL_SU01
O=S(=O)(Nc1ccc(-c2ccccc2)cc1)c1cccs1,ALL_SU02
Cc1ccc(S(=O)(=O)Nc2ccc(-c3ccccc3)cc2)cc1,ALL_SU03
O=S(=O)(Nc1ccc(-c2ccccc2)cc1)c1ccc(Cl)cc1,ALL_SU04
O=S(=O)(Nc1ccc(-c2cccs2)cc1)c1ccc(Cl)cc1,ALL_SU05
O=C(Nc1ccc(-c2ccc(S(=O)(=O)N3CCCCC3)cc2)cc1)c1ccccc1,ALL_SU06
CN(C)S(=O)(=O)c1ccc(-c2ccc(NC(=O)c3ccccc3)cc2)cc1,ALL_SU07
Cn1nccc1C(=O)Nc1ccc(-c2ccccc2)cc1,ACT_HE01
O=C(Nc1ccc(-c2ccccc2)cc1)c1cnn2ccccc12,ACT_HE02
Cn1cc(C(=O)Nc2ccc(-c3ccc(F)cc3)cc2)cn1,ACT_HE03
Cc1c(C(=O)Nc2ccc(-c3ccccc3)cc2)cnn1C,ACT_HE04
O=C(Nc1ccc(-c2cccs2)cc1)c1n[nH]c2ccccc12,ACT_HE05
O=C(Nc1ccc(-c2ccccc2)cc1)c1nc2ccccc2[nH]1,ACT_HE06
COc1ccc(-c2ccc(NC(=O)c3cnn4ccccc34)cc2)cc1,ACT_HE07
Cn1cc(C(=O)Nc2ccc(-c3ccncc3)cc2)cn1,ACT_HE08
Cc1nnc(C(=O)Nc2ccc(-c3ccccc3)cc2)o1,ACT_HE09
O=C(Nc1ccc(-c2ccccc2)cc1)c1cnc2ccccc2n1,ACT_HE10
Cc1c(C(=O)Nc2ccc(-c3ccc(F)cc3)cc2)sc2ccccc12,ACT_HE11
COc1ccc(-c2ccc(NC(=O)c3cnn4c(C)cccc34)cc2)cc1,ACT_HE12
O=C(Nc1ccc(-c2nc(-c3ccc(O)cc3)no2)cc1)c1ccccc1,ACT_OX01
O=C(Nc1ccc(-c2nc(-c3ccc(F)cc3)no2)cc1)c1ccccc1,ACT_OX02
O=C(Nc1ccc(-c2nc(-c3ccccc3)no2)cc1)c1cccs1,ACT_OX03
Cc1ccc(-c2noc(-c3ccc(NC(=O)c4ccco4)cc3)n2)cc1,ACT_OX04
O=C(Nc1ccc(-c2nc(-c3ccc(Cl)cc3)no2)cc1)c1ccccc1,ACT_OX05
COc1ccc(-c2noc(-c3ccc(NC(=O)c4cccnc4)cc3)n2)cc1,ACT_OX06
Cc1ccc(-c2noc(-c3ccc(NC(=O)c4cccs4)cc3)n2)cc1,ACT_OX07
Cc1ccc(-c2nc(-c3ccc(O)cc3)no2)cc1NC(=O)c1ccco1,ACT_OX08
O=C(Nc1ccc(-c2noc(-c3ccc(F)cc3)n2)cc1)c1ccccc1,ACT_OX09
CCc1cc(-c2noc(-c3ccc4c(c3)OCCO4)n2)ccc1O,LIT_TAN01
Cc1cc(-c2noc(-c3ccc4c(c3)OCCC(=O)N4)n2)ccc1O,LIT_TAN02
N#Cc1ccc(NC(=O)N2C(c3ccccc3)=NC(c3cccc(C(=O)O)c3)=Nc3ccccc32)cc1,LIT_QUI01
N#Cc1ccc(NC(=O)N2C(c3ccc(F)cc3)=NC(c3cccc(C(=O)O)c3)=Nc3ccccc32)cc1,LIT_QUI02
Cc1ccc(C(=O)Nc2ccc(-c3cc(-c4ccc(F)cc4)nn3C)cc2)cc1,LIT_SHA01
Cc1ccc(C(=O)Nc2ccc(-c3ncnc4cc(C)c(C)cc34)cc2)cc1,LIT_SHA02
CC1(C)SC2C(NC(=O)Cc3ccc(O)cc3)C(=O)N2C1C(=O)O,LIT_ODA01
CC1(C)SC2C(NC(=O)Cc3ccc(Cl)cc3)C(=O)N2C1C(=O)O,LIT_ODA02
COc1cc(-c2cc(=O)c3cc(OC4OC(C)C(O)C4O)ccc3o2)ccc1O,LIT_DIO01
Cc1ccc(C(=O)Nc2ccc(-c3cc(-c4ccc(Cl)cc4)nn3C)cc2)cc1,ACT_PY01
COc1ccc(C(=O)Nc2ccc(-c3cc(-c4ccc(F)cc4)nn3C)cc2)cc1,ACT_PY02
Cc1ccc(C(=O)Nc2ccc(-c3cc(-c4ccc(F)cc4)nn3C3CCCC3)cc2)cc1,ACT_PY03
Cc1ccc(C(=O)Nc2ccc(-c3csc(Nc4ccccc4)n3)cc2)cc1,ACT_PY04
COc1ccc(C(=O)Nc2ccc(-c3csc(Nc4ccccc4)n3)cc2)cc1,ACT_PY05
CN1C(=O)C(SC2=C(C(=O)O)C3SCC(C(=O)O)=C(C(=O)N(c4ccc(N5CCCC5)cc4)c4ccc(N5CCCC5)cc4)N3C2=O)N=C1C(=O)O,CTRL_Ceftaroline
O=C(Nc1ccc(-c2ccc(OC(F)F)cc2)cc1)c1ccccc1,ALL_BA22
O=C(Nc1ccc(-c2ccc3c(c2)OCCO3)cc1)c1ccccc1,ALL_BA23
Cc1cc(C)c(-c2ccc(NC(=O)c3ccccc3)cc2)c(C)c1,ALL_BA24
O=C(Nc1ccc(-c2ccc(N3CCCCC3)cc2)cc1)c1ccccc1,ALL_BA25
O=C(Nc1ccc(Oc2ccc3c(c2)OCCO3)cc1)c1ccccc1,ALL_ET11
COc1ccccc1Oc1ccc(NC(=O)c2ccccc2)cc1,ALL_ET12
Cc1ccc(Oc2ccc(NC(=O)c3cccs3)cc2)cc1,ALL_ET13
N#Cc1ccc(Oc2ccc(NC(=O)c3ccccc3)cc2)cc1,ALL_ET14
Cc1cc(C)cc(Oc2ccc(NC(=O)c3ccccc3)cc2)c1,ALL_ET15
O=S(=O)(Nc1ccc(-c2ccsc2)cc1)c1ccc(C(F)(F)F)cc1,ALL_SU09
O=S(=O)(Nc1ccc(-c2cccc(F)c2)cc1)c1cccs1,ALL_SU10
Cc1ccc(S(=O)(=O)Nc2ccc(-c3cccs3)cc2)cc1,ALL_SU11
COc1ccc(S(=O)(=O)Nc2ccc(-c3ccccc3)cc2)cc1,ALL_SU12
O=S(=O)(Nc1ccc(-c2ccc(F)cc2)cc1)N1CCOCC1,ALL_SU13
O=C(NC12CC3CC(CC(C3)C1)C2)c1ccc(-c2ccc(F)cc2)cc1,ALL_SP09
O=C(NC12CC3CC(CC(C3)C1)C2)c1ccc(-c2cccs2)cc1,ALL_SP10
O=C(NC1CC2CCC1C2)c1ccc(-c2ccc(Cl)cc2)cc1,ALL_SP11
O=C(Nc1ccc(-c2ccc(Cl)cc2)cc1)NC12CC3CC(CC(C3)C1)C2,ALL_SP12
O=C(Nc1cccc2oncc12)c1ccc(-c2ccccc2)cc1,ALL_IN12
O=C(Nc1ccc2[nH]c3ccccc3c2c1)c1ccc(F)cc1,ALL_IN14
O=C(Nc1ccc(-c2ccccc2)cc1)c1nccs1,ACT_HE13
Cn1ccnc1C(=O)Nc1ccc(-c2ccc(F)cc2)cc1,ACT_HE14
O=C(Nc1ccc(-c2ccccc2)cc1)c1cscn1,ACT_HE15
COc1ccc(-c2ccc(NC(=O)c3cnc4ccccc4c3)cc2)cc1,ACT_HE16
O=C(Nc1ccc(-c2ccccc2)cc1)c1cn2cccnc2n1,ACT_HE17
CCc1nnc(C(=O)Nc2ccc(-c3ccccc3)cc2)o1,ACT_HE18
O=C(Nc1ccc(-c2ccc(F)cc2)cc1)c1nnc(C2CC2)o1,ACT_HE19
O=C(Nc1ccc(-c2noc(-c3ccccc3)n2)cc1)c1cccs1,ACT_OX10
Cc1ccc(-c2noc(-c3ccc(NC(=O)c4cccnc4)cc3)n2)cc1,ACT_OX11
COc1ccc(-c2noc(-c3ccc(NC(=O)c4cccc(F)c4)cc3)n2)cc1,ACT_OX12
O=C(Nc1ccc(-c2nc(-c3ccc(OC(F)F)cc3)no2)cc1)c1ccccc1,ACT_OX13
COc1ccc(-c2nc(-c3ccc(NC(=O)c4ccccc4)cc3)no2)cc1,ACT_OX14
Cn1c(CCc2ccc(-c3ccccc3)cc2)nnc1CCC1CC1,ALL_TE09
c1ccc(-c2ccc(CCc3nnnn3C3CCCCC3)cc2)cc1,ALL_TE10
Cc1ccc(-c2ccc(CCc3nnc(C)n3C)cc2)cc1,ALL_TE11
Cc1ccc(C(=O)Nc2ccc(-c3cc(-c4ccc(C(F)(F)F)cc4)nn3C)cc2)cc1,ACT_PY06
COc1ccc(-c2ccc(C(=O)Nc3ccc(-c4cc(-c5ccc(F)cc5)nn4C)cc3)cc2)cc1,ACT_PY07
Cc1ccc(C(=O)Nc2ccc(-c3cc(-c4ccncc4)nn3C)cc2)cc1,ACT_PY08
O=C(Nc1ccc2ncccc2c1)c1ccc(-c2ccc(F)cc2)cc1,ALL_QU07
O=C(Nc1ccc2ncccc2c1)c1ccsc1,ALL_QU08
O=C(Nc1ccc(-c2ccccc2)cc1)Nc1ccc2cccnc2c1,ALL_QU09
O=C(Nc1ccc(-c2ccccc2)cc1)c1nc2ccccc2s1,ACT_HB01
O=C(Nc1ccc(-c2ccc(F)cc2)cc1)c1nc2ccccc2o1,ACT_HB02
COc1ccc(-c2ccc(NC(=O)c3nc4ccccc4s3)cc2)cc1,ACT_HB03
O=C(Nc1ccc(-c2ccc(Nc3nccs3)cc2)cc1)c1ccccc1,ACT_AT01
COc1ccc(-c2ccc(Nc3nc(C)c(C)s3)cc2)cc1,ACT_AT02
O=S(=O)(Nc1ccc(-c2ccccc2)cc1)c1ccc2c(c1)OCCO2,ALL_SU14
O=S(=O)(Nc1ccc(-c2ccccc2)cc1)c1ccc2ccccc2c1,ALL_SU15
Cc1cc(C)n(-c2ccc(C(=O)Nc3ccc(-c4ccccc4)cc3)cc2)n1,LIT_PYR01
Cc1ccc(C(=O)Nc2ccc(-c3cnn(C)c3)cc2)cc1,LIT_PYR02
COc1ccc(C(=O)Nc2ccc(-c3cnn(C)c3)cc2)cc1,LIT_PYR03
C[C@@H](O)[C@@H](O)[C@@H](O)[C@@H](CO)O[C@@H]1O[C@H](C(=O)O)[C@@H](O)[C@H](O)[C@H]1O,LIT_MUR01
Oc1ccc(C2Oc3cc(O)c(O)c(O)c3CC2O)cc1O,LIT_EPI01
O=C1C(=O)C(c2ccc(O)c(O)c2)Oc2cc(O)cc(O)c21,LIT_QUE01
O=C1C(=O)C(c2ccccc2)Oc2cc(O)cc(O)c21,LIT_BAI01
O=C1C(=O)C(c2ccc(O)cc2)Oc2cc(O)cc(O)c21,LIT_KAE01
O=C(Nc1ccc(-c2ccc(OC)cc2)cc1)c1ccccc1,ALL_BA07
O=C(Nc1ccc(-c2ccc(C)cc2)cc1)c1ccc(F)cc1,ALL_BA08
O=C(Nc1ccc(-c2ccc(F)cc2)cc1)Nc1ccccc1,ALL_BA13
O=C(Nc1ccc(-c2ccccc2C)cc1)c1ccccc1,ALL_BA16
O=C(Nc1ccc(Oc2ccccc2C)cc1)c1ccccc1,ALL_ET07
O=C(Nc1ccc2c(c1)C=NO2)c1ccc(-c2ccccc2)cc1,ALL_IN03
O=S(=O)(c1ccc2ncccc2c1)Nc1ccc(-c2ccccc2)cc1,ALL_QU04
O=C(NC12CC3CC(CC(C3)C1)C2)Nc1ccc(-c2ccccc2)cc1,ALL_SP02
O=C(NC1CC2CCC1C2)Nc1ccc(-c2ccc(F)cc2)cc1,ALL_SP06
O=C(NC12CC3CC(CC(C3)C1)C2)Nc1ccc(Oc2ccccc2)cc1,ALL_SP07
O=S(=O)(c1ccc(CCc2nn[nH]n2)cc1)Nc1ccccc1,ALL_TE06
c1ccc(-c2cc(-c3ccc(CCc4nn[nH]n4)cc3)ccc2)cc1,ALL_TE07
O=S(=O)(c1ccc(-c2ccc(NC(=O)c3ccccc3)cc2)cc1)N1CCCCC1,ALL_SU06
O=C(Nc1ccc(-c2ccccc2)cc1)c1ccnn1C,ACT_HE01
O=C(Nc1ccc(-c2ccc(F)cc2)cc1)c1cnn(C)c1,ACT_HE03
O=C(Nc1ccc(-c2ccncc2)cc1)c1cnn(C)c1,ACT_HE08
O=C(Nc1ccc(-c2nc(C3=CC=C(O)C=C3)no2)cc1)c1ccccc1,ACT_OX01
O=C(Nc1ccc(-c2nc(C3=CC=C(F)C=C3)no2)cc1)c1ccccc1,ACT_OX02
O=C(Nc1ccc(-c2nc(C3=CC=CC=C3)no2)cc1)c1cccs1,ACT_OX03
Cc1ccc(C2=NOC(=N2)c3ccc(NC(=O)c4ccco4)cc3)cc1,ACT_OX04
O=C(Nc1ccc(-c2nc(C3=CC=C(Cl)C=C3)no2)cc1)c1ccccc1,ACT_OX05
COc1ccc(C2=NOC(=N2)c3ccc(NC(=O)c4cccnc4)cc3)cc1,ACT_OX06
Cc1ccc(C2=NOC(=N2)c3ccc(NC(=O)c4cccs4)cc3)cc1,ACT_OX07
Cc1ccc(-c2nc(C3=CC=C(O)C=C3)no2)cc1NC(=O)c1ccco1,ACT_OX08
O=C(Nc1ccc(C2=NOC(=N2)c2ccc(F)cc2)cc1)c1ccccc1,ACT_OX09
CCc1cc(C2=NOC(=N2)c3ccc4c(c3)OCCO4)ccc1O,LIT_TAN01
Cc1cc(C2=NOC(=N2)c3ccc4c(c3)OCCC(=O)N4)ccc1O,LIT_TAN02
Cc1ccc(C(=O)Nc2ccc(-c3cc(nn3C)c4ccc(F)cc4)cc2)cc1,LIT_SHA01
CC1C(C(C(O1)Oc2ccc3c(c2)C(=O)C=C(O3)c4ccc(O)c(OC)c4)O)O,LIT_DIO01
Cc1ccc(C(=O)Nc2ccc(-c3cc(nn3C)c4ccc(Cl)cc4)cc2)cc1,ACT_PY01
COc1ccc(C(=O)Nc2ccc(-c3cc(nn3C)c4ccc(F)cc4)cc2)cc1,ACT_PY02
Cc1ccc(C(=O)Nc2ccc(-c3cc(nn3C3CCCC3)c4ccc(F)cc4)cc2)cc1,ACT_PY03
CN1C(=O)C(N=C1C(=O)O)SC2=C(C3N(C2=O)C(=C(CS3)C(=O)O)C(=O)N(C4=CC=C(C=C4)N5CCCC5)C6=CC=C(C=C6)N7CCCC7)C(=O)O,CTRL_Ceftaroline
O=C(Nc1ccc(Oc2ccc(C#N)cc2)cc1)c1ccccc1,ALL_ET14
O=C(NC12CC3CC(CC(C3)C1)C2)Nc1ccc(-c2ccc(Cl)cc2)cc1,ALL_SP12
O=C(Nc1cccc2c1C=NO2)c1ccc(-c2ccccc2)cc1,ALL_IN12
O=C(Nc1ccc(-c2ccc(F)cc2)cc1)c1nccn1C,ACT_HE14
O=C(Nc1ccc(C2=NOC(=N2)c2ccccc2)cc1)c1cccs1,ACT_OX10
Cc1ccc(C2=NOC(=N2)c3ccc(NC(=O)c4cccnc4)cc3)cc1,ACT_OX11
COc1ccc(C2=NOC(=N2)c3ccc(NC(=O)c4cccc(F)c4)cc3)cc1,ACT_OX12
O=C(Nc1ccc(-c2nc(C3=CC=C(OC(F)F)C=C3)no2)cc1)c1ccccc1,ACT_OX13
COc1ccc(-c2nc(C3=CC=C(NC(=O)c4ccccc4)C=C3)no2)cc1,ACT_OX14
c1ccc(-c2ccc(CCc3nnc(CCC4CC4)n3C)cc2)cc1,ALL_TE09
c1ccc(-c2ccc(CCC3=NN=NN3C3CCCCC3)cc2)cc1,ALL_TE10
Cc1ccc(C(=O)Nc2ccc(-c3cc(nn3C)c4ccc(C(F)(F)F)cc4)cc2)cc1,ACT_PY06
COc1ccc(-c2ccc(C(=O)Nc3ccc(-c4cc(nn4C)c4ccc(F)cc4)cc3)cc2)cc1,ACT_PY07
Cc1ccc(C(=O)Nc2ccc(-c3cc(nn3C)c4ccncc4)cc2)cc1,ACT_PY08
O=C(Nc1ccc2ncccc2c1)c1cscc1,ALL_QU08
O=C(Nc1ccc2cccnc2c1)Nc1ccc(-c2ccccc2)cc1,ALL_QU09
O=C(O)C(CN1CCCCCC1)C1C2CC3CC(C2)CC1C3,AAB0001
CN(C)CCC(C(=O)O)C1C2CC3CC(C2)CC1C3,AAB0002
CN(CCC(C(=O)O)C1C2CC3CC(C2)CC1C3)CC1CCCC1,AAB0003
CN(C)CC(C(=O)O)C1C2CC3CC(C2)CC1C3,AAB0004
O=C(O)C(CN1CCCNCC1)C1C2CC3CC(C2)CC1C3,AAB0005
O=C(O)C(C1CCNCC1)C1C2CC3CC(C2)CC1C3,AAB0006
O=C(O)C(CN1CCCC1)C1C2CC3CC(C2)CC1C3,AAB0007
CN(C)CCCC(C(=O)O)C1C2CC3CC(C2)CC1C3,AAB0008
O=C(O)C(CCCCN1CCCC1)C1C2CC3CC(C2)CC1C3,AAB0009
O=C(O)C(CCN1CCCC1)C1C2CC3CC(C2)CC1C3,AAB0010
O=C(O)C(CN1CCNCC1)C1C2CC3CC(C2)CC1C3,AAB0011
O=C(O)C(C1C2CC3CC(C2)CC1C3)N1CCCC1,AAB0013
CN(CCC(C(=O)O)C1C2CC3CC(C2)CC1C3)CC1CCCCC1,AAB0015
O=C(O)C(CCN1CCCCCC1)C1C2CC3CC(C2)CC1C3,AAB0016
CCN(CC)CCC(C(=O)O)C1C2CC3CC(C2)CC1C3,AAB0017
O=C(O)C(C1COCCN1)C1C2CC3CC(C2)CC1C3,AAB0018
O=C(O)C(CCCN1CCCN1)C12CCC(CC1)C2,AAB0021
O=C(O)C(CCN1CCCC1)C12CCC(CC1)C2,AAB0022
O=C(O)C(CCN1CCNCC1)C12CCC(CC1)C2,AAB0023
O=C(O)C(CCCCN1CCCC1)C12CCC(CC1)C2,AAB0026
O=C(O)C(CCC1CCCCN1)C12CCC(CC1)C2,AAB0027
O=C(O)C(CCCN1CCCC1)C12CCC(CC1)C2,AAB0030
O=C(O)C(CN1CCNCC1)C12CCC(CC1)C2,AAB0031
O=C(O)C(CCC1CCNCC1)C12CCC(CC1)C2,AAB0032
CCN(CC)CCC(C(=O)O)C12CCC(CC1)C2,AAB0033
CN(C)CCCCC(C(=O)O)C12CCC(CC1)C2,AAB0034
O=C(O)C(CN1CCCCCC1)C12CCC(CC1)C2,AAB0035
CN(CCC(C(=O)O)C12CCC(CC1)C2)CC1CCCCC1,AAB0036
O=C(O)C(CN1CCCNCC1)C12CCC(CC1)C2,AAB0038
O=C(O)C(CNCC1CCCCC1)C12CCC(CC1)C2,AAB0039
O=C(O)C(CCN1CCNCC1)C1CC2CCC1C2,AAB0041
CN(CCCC(C(=O)O)C1CC2CCC1C2)CC1CCCCC1,AAB0042
CN(C)CCCCC(C(=O)O)C1CC2CCC1C2,AAB0043
O=C(O)C(CCN1CCCC1)C1CC2CCC1C2,AAB0044
O=C(O)C(CCCCN1CCCC1)C1CC2CCC1C2,AAB0045
O=C(O)C(CCC1CCNCC1)C1CC2CCC1C2,AAB0046
O=C(O)C(C1CSCCN1)C1CC2CCC1C2,AAB0047
O=C(O)C(CC=C1CCCCN1)C1CC2CCC1C2,AAB0048
O=C(O)C(CN1CCCNCC1)C1CC2CCC1C2,AAB0050
O=C(O)C(CCCN1CCCC1)C1CC2CCC1C2,AAB0053
CN(CCC(C(=O)O)C1CC2CCC1C2)CC1CCCC1,AAB0054
O=C(O)C(CCC1CCCCN1)C1CC2CCC1C2,AAB0056
O=C(O)C(C1CCCNCC1)C1CC2CCC1C2,AAB0057
O=C(O)C(CNCC1CCCCC1)C1CC2CCC1C2,AAB0058
O=C(O)C(CCN1CCCCCC1)C1CC2CCC1C2,AAB0059
O=C(O)C(CCCN1CCCN1)C1CC2CCC1C2,AAB0060
CC1C2CCC1(C)C2C(CCCN1CCCC1)C(=O)O,AAB0061
CC1C2CCC1(C)C2C(CCC1CCCCN1)C(=O)O,AAB0062
CC1C2CCC1(C)C2C(CN1CCNCC1)C(=O)O,AAB0063
CC1C2CCC1(C)C2C(CCN1CCCCCC1)C(=O)O,AAB0064
CC1C2CCC1(C)C2C(CCCCN(C)C)C(=O)O,AAB0065
CC1C2CCC1(C)C2C(C(=O)O)C1CCCNCC1,AAB0066
CC1C2CCC1(C)C2C(CN1CCCNCC1)C(=O)O,AAB0067
CC1C2CCC1(C)C2C(C(=O)O)C1CCNCC1,AAB0068
CC1C2CCC1(C)C2C(CN1CCCCCC1)C(=O)O,AAB0069
CC1C2CCC1(C)C2C(CCCN(C)CC1CCCCC1)C(=O)O,AAB0070
CC1C2CCC1(C)C2C(C(=O)O)C1COCCN1,AAB0071
CC(CC(C(=O)O)C1C2CCC1(C)C2C)N1CCNCC1,AAB0072
CC1C2CCC1(C)C2C(CN1CCCC1)C(=O)O,AAB0073
CC1C2CCC1(C)C2C(CCCN(C)C)C(=O)O,AAB0074
CC1C2CCC1(C)C2C(CCN1CCNCC1)C(=O)O,AAB0075
CC1C2CCC1(C)C2C(CCN1CCCC1)C(=O)O,AAB0076
CC1C2CCC1(C)C2C(CN1CCCC1c1ccccc1)C(=O)O,AAB0077
CCN(CC)CCC(C(=O)O)C1C2CCC1(C)C2C,AAB0078
CC1C2CCC1(C)C2C(CCCN1CCCN1)C(=O)O,AAB0079
CCN(C)CCC(C(=O)O)C1C2CCC1(C)C2C,AAB0080
CN(CCCC(C(=O)O)C1C2CCC1C2)CC1CCCCC1,AAB0081
O=C(O)C(CN1CCCNCC1)C1C2CCC1C2,AAB0082
O=C(O)C(CN1CCCC1c1ccccc1)C1C2CCC1C2,AAB0083
O=C(O)C(CCCN1CCCC1)C1C2CCC1C2,AAB0084
O=C(O)C(CCC1CCNCC1)C1C2CCC1C2,AAB0087
O=C(O)C(CCN1CCNCC1)C1C2CCC1C2,AAB0088
CC(CC(C(=O)O)C1C2CCC1C2)N1CCNCC1,AAB0089
O=C(O)C(CCC1CCCCN1)C1C2CCC1C2,AAB0090
O=C(O)C(CN1CCCCCC1)C1C2CCC1C2,AAB0092
CN(CCC(C(=O)O)C1C2CCC1C2)CC1CCCC1,AAB0093
O=C(O)C(CCCCN1CCCC1)C1C2CCC1C2,AAB0094
O=C(O)C(CNCC1CCCCC1)C1C2CCC1C2,AAB0096
O=C(O)C(CCCN1CCCN1)C1C2CCC1C2,AAB0097
O=C(O)C(CCN1CCCCCC1)C1C2CCC1C2,AAB0098
O=C(O)C(CCC1CCOCCN1)C1C2CCC1C2,AAB0100
O=C(O)C(CN1CCCC1)C1CCC2CCCCC2C1,AAB0101
CCN(C)CCC(C(=O)O)C1CCC2CCCCC2C1,AAB0102
O=C(O)C(CCN1CCCC1)C1CCC2CCCCC2C1,AAB0104
O=C(O)C(CC=C1CCCCN1)C1CCC2CCCCC2C1,AAB0105
O=C(O)C(CN1CCCNCC1)C1CCC2CCCCC2C1,AAB0107
CN(C)CCCC(C(=O)O)C1CCC2CCCCC2C1,AAB0108
CN(CCC(C(=O)O)C1CCC2CCCCC2C1)CC1CCCCC1,AAB0109
O=C(O)C(CCC1CCCCN1)C1CCC2CCCCC2C1,AAB0110
O=C(O)C(C1CCC2CCCCC2C1)C1COCCN1,AAB0111
CN(C)CCCCC(C(=O)O)C1CCC2CCCCC2C1,AAB0114
O=C(O)C(CCN1CCNCC1)C1CCC2CCCCC2C1,AAB0115
O=C(O)C(CN1CCCCCC1)C1CCC2CCCCC2C1,AAB0116
O=C(O)C(CCCN1CCCC1)C1CCC2CCCCC2C1,AAB0117
CN(CCC(C(=O)O)C1CCC2CCCCC2C1)CC1CCCC1,AAB0118
CN(CCCC(C(=O)O)C1CCC2CCCCC2C1)CC1CCCCC1,AAB0119
CC(CC(C(=O)O)C1CCC2CCCCC2C1)N1CCNCC1,AAB0120
CC1C(SC2CNC(C(=O)O)C2)=C(C(=O)O)N2C(=O)C(C)(O)C12,CTRL_MEROPENEM
COc1cnc(C(=O)N2C3C(=O)N4C(C(=O)O)=C(SC5CNC(C(=O)O)C5)C2(C)C34)c(O)c1OC,CTRL_Ceftobiprole
CC(C)(C=O)c1cc(-c2noc(-c3ccc4c(c3)OCC(=O)N4)n2)ccc1O,AAB_TAN01
CCCC(=O)Nc1ccc(-c2nc(-c3ccc(C(=O)O)cc3)no2)cc1,AAB_TAN02
O=C(O)c1ccc(-c2noc(-c3ccc(NC(=O)c4ccco4)cc3)n2)cc1,AAB_TAN03
O=C(Nc1ccc(-c2nc(-c3ccc(O)cc3)no2)cc1)c1ccccc1F,AAB_TAN04
O=C(NCB(O)O)c1ccccc1,AAB_BOR01
O=C(NCB(O)O)c1ccccc1Cc1ccccc1,AAB_BOR02
CC(C)=CCc1cc2c(O)c(O)c3oc(C)cc(=O)c3c2c(O)c1O,AAB_MANG01
CC12C(S)=C(C(=O)O)N3C(=O)C(C31)N2C(=O)Cc1ccccc1,CTRL_Imipenem
COc1ccc(C=Cc2ccc(O)c(OC)c2)cc1O,BRICS-0000
COc1ccc(C=Cc2ccc(O)cc2)cc1O,BRICS-0001
COc1ccc(C=Cc2ccc(OC)c(O)c2)cc1O,BRICS-0002
COc1ccc(C=Cc2cc(O)c(OC)cc2OC)cc1O,BRICS-0003
COc1ccc(C=Cc2cn(CC3Oc4cc(O)ccc4CC3=O)c(=O)[nH]c2=O)cc1O,BRICS-0004
COc1ccc(C=Cc2cn(CC3N=C(C(=O)O)N(C)C3=O)c(=O)[nH]c2=O)cc1O,BRICS-0005
COc1ccc(C=Cc2cn(CN3C(=O)OC4CC5c6ccccc6CCN5CC43)c(=O)[nH]c2=O)cc1O,BRICS-0006
COc1ccc(C=Cc2cn(Cc3cc(=O)c4c(O)cc(O)cc4o3)c(=O)[nH]c2=O)cc1O,BRICS-0007
COc1ccc(C=Cc2cn(Cc3nc4ccccc4s3)c(=O)[nH]c2=O)cc1O,BRICS-0008
COc1ccc(C=Cc2cn(Cc3ccccc3)c(=O)[nH]c2=O)cc1O,BRICS-0009
COc1ccc(C=Cc2cn(Cc3ccc(O)cc3)c(=O)[nH]c2=O)cc1O,BRICS-0010
COc1ccc(C=Cc2cn(Cc3ccc(S(N)(=O)=O)cc3)c(=O)[nH]c2=O)cc1O,BRICS-0011
COc1ccc(C=Cc2cn(Cc3ccc(O)c(O)c3)c(=O)[nH]c2=O)cc1O,BRICS-0012
COc1ccc(C=Cc2cn(CC3CNC(C(=O)O)C3)c(=O)[nH]c2=O)cc1O,BRICS-0013
COc1ccc(C=Cc2cn(CC3CCNC3=O)c(=O)[nH]c2=O)cc1O,BRICS-0014
COc1ccc(C=Cc2cn(CC3C(=O)N4C(C(=O)O)=C(C(=O)O)C(C)C34)c(=O)[nH]c2=O)cc1O,BRICS-0015
COc1ccc(C=Cc2cn(Cc3ccnc(-c4ccccc4)n3)c(=O)[nH]c2=O)cc1O,BRICS-0016
COc1ccc(C=Cc2cn(Cc3ccnc(-c4ccc(N5CCCC5)cc4)n3)c(=O)[nH]c2=O)cc1O,BRICS-0017
COc1ccc(C=Cc2cn(Cc3ccnc(-c4ccc(O)cc4)n3)c(=O)[nH]c2=O)cc1O,BRICS-0018
COc1ccc(C=Cc2cn(Cc3ccnc(-c4ccc(S(N)(=O)=O)cc4)n3)c(=O)[nH]c2=O)cc1O,BRICS-0019
COc1ccc(C=Cc2cn(Cc3ccnc(-c4ccc(O)c(O)c4)n3)c(=O)[nH]c2=O)cc1O,BRICS-0020
COc1ccc(C=Cc2cn(Cc3ccnc(C4CNC(C(=O)O)C4)n3)c(=O)[nH]c2=O)cc1O,BRICS-0021
COc1ccc(C=Cc2cn(Cc3ccnc(C4CCNC4=O)n3)c(=O)[nH]c2=O)cc1O,BRICS-0022
COc1ccc(C=Cc2cn(Cc3ccnc(C4C(=O)N5C(C(=O)O)=C(C(=O)O)C(C)C45)n3)c(=O)[nH]c2=O)cc1O,BRICS-0023
COc1ccc(C=Cc2cn(Cc3ccnc(C4Oc5cc(O)ccc5CC4=O)n3)c(=O)[nH]c2=O)cc1O,BRICS-0024
COc1ccc(C=Cc2cn(Cc3ccnc(C4N=C(C(=O)O)N(C)C4=O)n3)c(=O)[nH]c2=O)cc1O,BRICS-0025
COc1ccc(C=Cc2cn(Cc3ccnc(SC4N=C(C(=O)O)N(C)C4=O)n3)c(=O)[nH]c2=O)cc1O,BRICS-0026
COc1ccc(C=Cc2cn(Cc3ccnc(SC4CCNC4=O)n3)c(=O)[nH]c2=O)cc1O,BRICS-0027
COc1ccc(C=Cc2cn(Cc3ccnc(SC4=C(C(=O)O)N5C(=O)C(C)(O)C5C4C)n3)c(=O)[nH]c2=O)cc1O,BRICS-0028
COc1ccc(C=Cc2cn(Cc3ccnc(SC4C(=O)N5C(C(=O)O)=C(C(=O)O)C(C)C45)n3)c(=O)[nH]c2=O)cc1O,BRICS-0029
COc1ccc(C=Cc2cn(Cc3ccnc(-c4cc(=O)c5c(O)cc(O)cc5o4)n3)c(=O)[nH]c2=O)cc1O,BRICS-0030
COc1ccc(C=Cc2cn(Cc3ccnc(-c4nc5ccccc5s4)n3)c(=O)[nH]c2=O)cc1O,BRICS-0031
COc1ccc(C=Cc2cn(Cc3ccnc(CCc4ccc(O)cc4)n3)c(=O)[nH]c2=O)cc1O,BRICS-0032
COc1ccc(C=Cc2cn(Cc3ccnc(Cc4ccccc4)n3)c(=O)[nH]c2=O)cc1O,BRICS-0033
COc1ccc(C=Cc2cn(Cc3ccnc(Nc4nc5ccccc5s4)n3)c(=O)[nH]c2=O)cc1O,BRICS-0034
COc1ccc(C=Cc2cn(Cc3ccnc(Nc4ccccc4)n3)c(=O)[nH]c2=O)cc1O,BRICS-0035
COc1ccc(C=Cc2cn(Cc3ccnc(NC4C(=O)N5C4SC(C)(C)C5C(=O)O)n3)c(=O)[nH]c2=O)cc1O,BRICS-0036
COc1ccc(C=Cc2cn(Cc3ccnc(N4C(=O)OC5CC6c7ccccc7CCN6CC54)n3)c(=O)[nH]c2=O)cc1O,BRICS-0037
COc1ccc(C=Cc2cn(Cc3ccnc(-c4nccc(C5CNC(C(=O)O)C5)n4)n3)c(=O)[nH]c2=O)cc1O,BRICS-0038
COc1ccc(C=Cc2cn(Cc3ccnc(-c4nccc(C5CCNC5=O)n4)n3)c(=O)[nH]c2=O)cc1O,BRICS-0039
COc1ccc(C=Cc2cn(Cc3ccnc(-c4nccc(C5C(=O)N6C(C(=O)O)=C(C(=O)O)C(C)C56)n4)n3)c(=O)[nH]c2=O)cc1O,BRICS-0040
COc1ccc(C=Cc2cn(Cc3ccnc(-c4nccc(C5Oc6cc(O)ccc6CC5=O)n4)n3)c(=O)[nH]c2=O)cc1O,BRICS-0041
COc1ccc(C=Cc2cn(Cc3ccnc(-c4nccc(C5N=C(C(=O)O)N(C)C5=O)n4)n3)c(=O)[nH]c2=O)cc1O,BRICS-0042
COc1ccc(C=Cc2cn(Cc3ccnc(-c4nccc(N5C(=O)OC6CC7c8ccccc8CCN7CC65)n4)n3)c(=O)[nH]c2=O)cc1O,BRICS-0043
COc1ccc(C=Cc2cn(Cc3ccnc(-c4nccc(-c5cc(=O)c6c(O)cc(O)cc6o5)n4)n3)c(=O)[nH]c2=O)cc1O,BRICS-0044
COc1ccc(C=Cc2cn(Cc3ccnc(-c4nccc(-c5nc6ccccc6s5)n4)n3)c(=O)[nH]c2=O)cc1O,BRICS-0045
COc1ccc(C=Cc2cn(Cc3ccnc(-c4nccc(-c5ccccc5)n4)n3)c(=O)[nH]c2=O)cc1O,BRICS-0046
COc1ccc(C=Cc2cn(Cc3ccnc(-c4nccc(-c5ccc(N6CCCC6)cc5)n4)n3)c(=O)[nH]c2=O)cc1O,BRICS-0047
COc1ccc(C=Cc2cn(Cc3ccnc(-c4nccc(-c5ccc(O)cc5)n4)n3)c(=O)[nH]c2=O)cc1O,BRICS-0048
COc1ccc(C=Cc2cn(Cc3ccnc(-c4nccc(-c5ccc(S(N)(=O)=O)cc5)n4)n3)c(=O)[nH]c2=O)cc1O,BRICS-0049
COc1ccc(C=Cc2cn(Cc3ccnc(-c4nccc(-c5ccc(O)c(O)c5)n4)n3)c(=O)[nH]c2=O)cc1O,BRICS-0050
COc1ccc(C=Cc2cn(Cc3ccnc(-c4nccc(SC5N=C(C(=O)O)N(C)C5=O)n4)n3)c(=O)[nH]c2=O)cc1O,BRICS-0051
COc1ccc(C=Cc2cn(Cc3ccnc(-c4nccc(SC5CCNC5=O)n4)n3)c(=O)[nH]c2=O)cc1O,BRICS-0052
COc1ccc(C=Cc2cn(Cc3ccnc(-c4nccc(SC5=C(C(=O)O)N6C(=O)C(C)(O)C6C5C)n4)n3)c(=O)[nH]c2=O)cc1O,BRICS-0053
COc1ccc(C=Cc2cn(Cc3ccnc(-c4nccc(SC5C(=O)N6C(C(=O)O)=C(C(=O)O)C(C)C56)n4)n3)c(=O)[nH]c2=O)cc1O,BRICS-0054
COc1ccc(C=Cc2cn(Cc3ccnc(-c4nccc(Nc5nc6ccccc6s5)n4)n3)c(=O)[nH]c2=O)cc1O,BRICS-0055
COc1ccc(C=Cc2cn(Cc3ccnc(-c4nccc(Nc5ccccc5)n4)n3)c(=O)[nH]c2=O)cc1O,BRICS-0056
COc1ccc(C=Cc2cn(Cc3ccnc(-c4nccc(NC5C(=O)N6C5SC(C)(C)C6C(=O)O)n4)n3)c(=O)[nH]c2=O)cc1O,BRICS-0057
COc1ccc(C=Cc2cn(Cc3ccnc(-c4nccc(CCc5ccc(O)cc5)n4)n3)c(=O)[nH]c2=O)cc1O,BRICS-0058
COc1ccc(C=Cc2cn(Cc3ccnc(-c4nccc(Cc5ccccc5)n4)n3)c(=O)[nH]c2=O)cc1O,BRICS-0059
COc1cc(OC)c2c(c1)OC(c1nccc(Cn3cc(C=Cc4ccc(OC)c(O)c4)c(=O)[nH]c3=O)n1)C(c1cc(=O)c3c(O)cc(O)cc3o1)C2=O,BRICS-0060
COc1cc(OC)c2c(c1)OC(c1nccc(Cn3cc(C=Cc4ccc(OC)c(O)c4)c(=O)[nH]c3=O)n1)C(c1nc3ccccc3s1)C2=O,BRICS-0061
COc1cc(OC)c2c(c1)OC(c1nccc(Cn3cc(C=Cc4ccc(OC)c(O)c4)c(=O)[nH]c3=O)n1)C(Nc1nc3ccccc3s1)C2=O,BRICS-0062
COc1cc(OC)c2c(c1)OC(c1nccc(Cn3cc(C=Cc4ccc(OC)c(O)c4)c(=O)[nH]c3=O)n1)C(Nc1ccccc1)C2=O,BRICS-0063
COc1cc(OC)c2c(c1)OC(c1nccc(Cn3cc(C=Cc4ccc(OC)c(O)c4)c(=O)[nH]c3=O)n1)C(NC1C(=O)N3C1SC(C)(C)C3C(=O)O)C2=O,BRICS-0064
COc1cc(OC)c2c(c1)OC(c1nccc(Cn3cc(C=Cc4ccc(OC)c(O)c4)c(=O)[nH]c3=O)n1)C(N1C(=O)OC3CC4c5ccccc5CCN4CC31)C2=O,BRICS-0065
COc1cc(OC)c2c(c1)OC(c1nccc(Cn3cc(C=Cc4ccc(OC)c(O)c4)c(=O)[nH]c3=O)n1)C(C1Oc3cc(O)ccc3CC1=O)C2=O,BRICS-0066
COc1cc(OC)c2c(c1)OC(c1nccc(Cn3cc(C=Cc4ccc(OC)c(O)c4)c(=O)[nH]c3=O)n1)C(C1N=C(C(=O)O)N(C)C1=O)C2=O,BRICS-0067
COc1cc(OC)c2c(c1)OC(c1nccc(Cn3cc(C=Cc4ccc(OC)c(O)c4)c(=O)[nH]c3=O)n1)C(c1ccccc1)C2=O,BRICS-0068
COc1cc(OC)c2c(c1)OC(c1nccc(Cn3cc(C=Cc4ccc(OC)c(O)c4)c(=O)[nH]c3=O)n1)C(c1ccc(O)cc1)C2=O,BRICS-0069
COc1cc(OC)c2c(c1)OC(c1nccc(Cn3cc(C=Cc4ccc(OC)c(O)c4)c(=O)[nH]c3=O)n1)C(c1ccc(S(N)(=O)=O)cc1)C2=O,BRICS-0070
COc1cc(OC)c2c(c1)OC(c1nccc(Cn3cc(C=Cc4ccc(OC)c(O)c4)c(=O)[nH]c3=O)n1)C(c1ccc(O)c(O)c1)C2=O,BRICS-0071
COc1cc(OC)c2c(c1)OC(c1nccc(Cn3cc(C=Cc4ccc(OC)c(O)c4)c(=O)[nH]c3=O)n1)C(CCc1ccc(O)cc1)C2=O,BRICS-0072
COc1cc(OC)c2c(c1)OC(c1nccc(Cn3cc(C=Cc4ccc(OC)c(O)c4)c(=O)[nH]c3=O)n1)C(Cc1ccccc1)C2=O,BRICS-0073
COc1cc(OC)c2c(c1)OC(c1nccc(Cn3cc(C=Cc4ccc(OC)c(O)c4)c(=O)[nH]c3=O)n1)C(SC1N=C(C(=O)O)N(C)C1=O)C2=O,BRICS-0074
COc1cc(OC)c2c(c1)OC(c1nccc(Cn3cc(C=Cc4ccc(OC)c(O)c4)c(=O)[nH]c3=O)n1)C(SC1CCNC1=O)C2=O,BRICS-0075
COc1cc(OC)c2c(c1)OC(c1nccc(Cn3cc(C=Cc4ccc(OC)c(O)c4)c(=O)[nH]c3=O)n1)C(SC1=C(C(=O)O)N3C(=O)C(C)(O)C3C1C)C2=O,BRICS-0076
COc1cc(OC)c2c(c1)OC(c1nccc(Cn3cc(C=Cc4ccc(OC)c(O)c4)c(=O)[nH]c3=O)n1)C(SC1C(=O)N3C(C(=O)O)=C(C(=O)O)C(C)C13)C2=O,BRICS-0077
COc1ccc(C=Cc2cn(Cc3ccnc(Cn4cc(C=Cc5ccc(O)c(OC)c5)c(=O)[nH]c4=O)n3)c(=O)[nH]c2=O)cc1O,BRICS-0078
COc1ccc(C=Cc2cn(Cc3ccnc(Cn4cc(C=Cc5ccc(O)cc5)c(=O)[nH]c4=O)n3)c(=O)[nH]c2=O)cc1O,BRICS-0079
COc1ccc(C=Cc2cn(Cc3ccnc(Cn4cc(C=Cc5ccc(OC)c(O)c5)c(=O)[nH]c4=O)n3)c(=O)[nH]c2=O)cc1O,BRICS-0080
COc1ccc(C=Cc2cn(Cc3ccnc(Cn4cc(C=Cc5cc(O)c(OC)cc5OC)c(=O)[nH]c4=O)n3)c(=O)[nH]c2=O)cc1O,BRICS-0081
COc1ccc(C=Cc2cn(Cc3ccnc(SC4=C(C(=O)O)C5SCC(C(=O)O)=C(C(=O)Nc6nc7ccccc7s6)N5C4=O)n3)c(=O)[nH]c2=O)cc1O,BRICS-0082
COc1ccc(C=Cc2cn(Cc3ccnc(SC4=C(C(=O)O)C5SCC(C(=O)O)=C(C(=O)Nc6ccccc6)N5C4=O)n3)c(=O)[nH]c2=O)cc1O,BRICS-0083
COc1ccc(C=Cc2cn(Cc3ccnc(SC4=C(C(=O)O)C5SCC(C(=O)O)=C(C(=O)NC6C(=O)N7C6SC(C)(C)C7C(=O)O)N5C4=O)n3)c(=O)[nH]c2=O)cc1O,BRICS-0084
COc1ccc(C=Cc2cn(Cc3ccnc(SC4=C(C(=O)O)C5SCC(C(=O)O)=C(C(=O)N6C(=O)OC7CC8c9ccccc9CCN8CC76)N5C4=O)n3)c(=O)[nH]c2=O)cc1O,BRICS-0085
COc1ccc(C=Cc2cn(Cc3ccnc(-c4ccnc(C5CNC(C(=O)O)C5)n4)n3)c(=O)[nH]c2=O)cc1O,BRICS-0086
COc1ccc(C=Cc2cn(Cc3ccnc(-c4ccnc(C5CCNC5=O)n4)n3)c(=O)[nH]c2=O)cc1O,BRICS-0087
COc1ccc(C=Cc2cn(Cc3ccnc(-c4ccnc(C5C(=O)N6C(C(=O)O)=C(C(=O)O)C(C)C56)n4)n3)c(=O)[nH]c2=O)cc1O,BRICS-0088
COc1ccc(C=Cc2cn(Cc3ccnc(-c4ccnc(C5Oc6cc(O)ccc6CC5=O)n4)n3)c(=O)[nH]c2=O)cc1O,BRICS-0089
COc1ccc(C=Cc2cn(Cc3ccnc(-c4ccnc(C5N=C(C(=O)O)N(C)C5=O)n4)n3)c(=O)[nH]c2=O)cc1O,BRICS-0090
COc1ccc(C=Cc2cn(Cc3ccnc(-c4ccnc(N5C(=O)OC6CC7c8ccccc8CCN7CC65)n4)n3)c(=O)[nH]c2=O)cc1O,BRICS-0091
COc1ccc(C=Cc2cn(Cc3ccnc(-c4ccnc(-c5cc(=O)c6c(O)cc(O)cc6o5)n4)n3)c(=O)[nH]c2=O)cc1O,BRICS-0092
COc1ccc(C=Cc2cn(Cc3ccnc(-c4ccnc(-c5nc6ccccc6s5)n4)n3)c(=O)[nH]c2=O)cc1O,BRICS-0093
COc1ccc(C=Cc2cn(Cc3ccnc(-c4ccnc(-c5ccccc5)n4)n3)c(=O)[nH]c2=O)cc1O,BRICS-0094
COc1ccc(C=Cc2cn(Cc3ccnc(-c4ccnc(-c5ccc(N6CCCC6)cc5)n4)n3)c(=O)[nH]c2=O)cc1O,BRICS-0095
COc1ccc(C=Cc2cn(Cc3ccnc(-c4ccnc(-c5ccc(O)cc5)n4)n3)c(=O)[nH]c2=O)cc1O,BRICS-0096
COc1ccc(C=Cc2cn(Cc3ccnc(-c4ccnc(-c5ccc(S(N)(=O)=O)cc5)n4)n3)c(=O)[nH]c2=O)cc1O,BRICS-0097
COc1ccc(C=Cc2cn(Cc3ccnc(-c4ccnc(-c5ccc(O)c(O)c5)n4)n3)c(=O)[nH]c2=O)cc1O,BRICS-0098
COc1ccc(C=Cc2cn(Cc3ccnc(-c4ccnc(SC5N=C(C(=O)O)N(C)C5=O)n4)n3)c(=O)[nH]c2=O)cc1O,BRICS-0099
COc1ccc(C=Cc2cn(Cc3ccnc(-c4ccnc(SC5CCNC5=O)n4)n3)c(=O)[nH]c2=O)cc1O,BRICS-0100
COc1ccc(C=Cc2cn(Cc3ccnc(-c4ccnc(SC5=C(C(=O)O)N6C(=O)C(C)(O)C6C5C)n4)n3)c(=O)[nH]c2=O)cc1O,BRICS-0101
COc1ccc(C=Cc2cn(Cc3ccnc(-c4ccnc(SC5C(=O)N6C(C(=O)O)=C(C(=O)O)C(C)C56)n4)n3)c(=O)[nH]c2=O)cc1O,BRICS-0102
COc1ccc(C=Cc2cn(Cc3ccnc(-c4ccnc(Nc5nc6ccccc6s5)n4)n3)c(=O)[nH]c2=O)cc1O,BRICS-0103
COc1ccc(C=Cc2cn(Cc3ccnc(-c4ccnc(Nc5ccccc5)n4)n3)c(=O)[nH]c2=O)cc1O,BRICS-0104
COc1ccc(C=Cc2cn(Cc3ccnc(-c4ccnc(NC5C(=O)N6C5SC(C)(C)C6C(=O)O)n4)n3)c(=O)[nH]c2=O)cc1O,BRICS-0105
COc1ccc(C=Cc2cn(Cc3ccnc(-c4ccnc(CCc5ccc(O)cc5)n4)n3)c(=O)[nH]c2=O)cc1O,BRICS-0106
COc1ccc(C=Cc2cn(Cc3ccnc(-c4ccnc(Cc5ccccc5)n4)n3)c(=O)[nH]c2=O)cc1O,BRICS-0107
COc1cc(OC)c2c(c1)OC(Nc1nc3ccccc3s1)C(c1nccc(Cn3cc(C=Cc4ccc(OC)c(O)c4)c(=O)[nH]c3=O)n1)C2=O,BRICS-0108
COc1cc(OC)c2c(c1)OC(Nc1ccccc1)C(c1nccc(Cn3cc(C=Cc4ccc(OC)c(O)c4)c(=O)[nH]c3=O)n1)C2=O,BRICS-0109
COc1cc(OC)c2c(c1)OC(NC1C(=O)N3C1SC(C)(C)C3C(=O)O)C(c1nccc(Cn3cc(C=Cc4ccc(OC)c(O)c4)c(=O)[nH]c3=O)n1)C2=O,BRICS-0110
COc1cc(OC)c2c(c1)OC(N1C(=O)OC3CC4c5ccccc5CCN4CC31)C(c1nccc(Cn3cc(C=Cc4ccc(OC)c(O)c4)c(=O)[nH]c3=O)n1)C2=O,BRICS-0111
COc1cc(OC)c2c(c1)OC(c1cc(=O)c3c(O)cc(O)cc3o1)C(c1nccc(Cn3cc(C=Cc4ccc(OC)c(O)c4)c(=O)[nH]c3=O)n1)C2=O,BRICS-0112
COc1cc(OC)c2c(c1)OC(c1nc3ccccc3s1)C(c1nccc(Cn3cc(C=Cc4ccc(OC)c(O)c4)c(=O)[nH]c3=O)n1)C2=O,BRICS-0113
COc1cc(OC)c2c(c1)OC(C1CNC(C(=O)O)C1)C(c1nccc(Cn3cc(C=Cc4ccc(OC)c(O)c4)c(=O)[nH]c3=O)n1)C2=O,BRICS-0114
COc1cc(OC)c2c(c1)OC(C1CCNC1=O)C(c1nccc(Cn3cc(C=Cc4ccc(OC)c(O)c4)c(=O)[nH]c3=O)n1)C2=O,BRICS-0115
COc1cc(OC)c2c(c1)OC(C1C(=O)N3C(C(=O)O)=C(C(=O)O)C(C)C13)C(c1nccc(Cn3cc(C=Cc4ccc(OC)c(O)c4)c(=O)[nH]c3=O)n1)C2=O,BRICS-0116
COc1cc(OC)c2c(c1)OC(SC1N=C(C(=O)O)N(C)C1=O)C(c1nccc(Cn3cc(C=Cc4ccc(OC)c(O)c4)c(=O)[nH]c3=O)n1)C2=O,BRICS-0117
COc1cc(OC)c2c(c1)OC(SC1CCNC1=O)C(c1nccc(Cn3cc(C=Cc4ccc(OC)c(O)c4)c(=O)[nH]c3=O)n1)C2=O,BRICS-0118
COc1cc(OC)c2c(c1)OC(SC1=C(C(=O)O)N3C(=O)C(C)(O)C3C1C)C(c1nccc(Cn3cc(C=Cc4ccc(OC)c(O)c4)c(=O)[nH]c3=O)n1)C2=O,BRICS-0119
COc1cc(OC)c2c(c1)OC(SC1C(=O)N3C(C(=O)O)=C(C(=O)O)C(C)C13)C(c1nccc(Cn3cc(C=Cc4ccc(OC)c(O)c4)c(=O)[nH]c3=O)n1)C2=O,BRICS-0120
COc1cc(OC)c2c(c1)OC(CCc1ccc(O)cc1)C(c1nccc(Cn3cc(C=Cc4ccc(OC)c(O)c4)c(=O)[nH]c3=O)n1)C2=O,BRICS-0121
COc1cc(OC)c2c(c1)OC(Cc1ccccc1)C(c1nccc(Cn3cc(C=Cc4ccc(OC)c(O)c4)c(=O)[nH]c3=O)n1)C2=O,BRICS-0122
COc1cc(OC)c2c(c1)OC(c1ccccc1)C(c1nccc(Cn3cc(C=Cc4ccc(OC)c(O)c4)c(=O)[nH]c3=O)n1)C2=O,BRICS-0123
COc1cc(OC)c2c(c1)OC(c1ccc(O)cc1)C(c1nccc(Cn3cc(C=Cc4ccc(OC)c(O)c4)c(=O)[nH]c3=O)n1)C2=O,BRICS-0124
COc1cc(OC)c2c(c1)OC(c1ccc(S(N)(=O)=O)cc1)C(c1nccc(Cn3cc(C=Cc4ccc(OC)c(O)c4)c(=O)[nH]c3=O)n1)C2=O,BRICS-0125
COc1cc(OC)c2c(c1)OC(c1ccc(O)c(O)c1)C(c1nccc(Cn3cc(C=Cc4ccc(OC)c(O)c4)c(=O)[nH]c3=O)n1)C2=O,BRICS-0126
COc1ccc(C=Cc2cn(Cc3ccnc(-n4cc(C=Cc5ccc(O)c(OC)c5)c(=O)[nH]c4=O)n3)c(=O)[nH]c2=O)cc1O,BRICS-0127
COc1ccc(C=Cc2cn(Cc3ccnc(-n4cc(C=Cc5ccc(O)cc5)c(=O)[nH]c4=O)n3)c(=O)[nH]c2=O)cc1O,BRICS-0128
COc1ccc(C=Cc2cn(Cc3ccnc(-n4cc(C=Cc5ccc(OC)c(O)c5)c(=O)[nH]c4=O)n3)c(=O)[nH]c2=O)cc1O,BRICS-0129
COc1ccc(C=Cc2cn(Cc3ccnc(-n4cc(C=Cc5cc(O)c(OC)cc5OC)c(=O)[nH]c4=O)n3)c(=O)[nH]c2=O)cc1O,BRICS-0130
COc1cc(OC)c2c(c1)OC(Nc1nc3ccccc3s1)C(Cn1cc(C=Cc3ccc(OC)c(O)c3)c(=O)[nH]c1=O)C2=O,BRICS-0131
COc1cc(OC)c2c(c1)OC(Nc1ccccc1)C(Cn1cc(C=Cc3ccc(OC)c(O)c3)c(=O)[nH]c1=O)C2=O,BRICS-0132
COc1cc(OC)c2c(c1)OC(NC1C(=O)N3C1SC(C)(C)C3C(=O)O)C(Cn1cc(C=Cc3ccc(OC)c(O)c3)c(=O)[nH]c1=O)C2=O,BRICS-0133
COc1cc(OC)c2c(c1)OC(SC1N=C(C(=O)O)N(C)C1=O)C(Cn1cc(C=Cc3ccc(OC)c(O)c3)c(=O)[nH]c1=O)C2=O,BRICS-0134
COc1cc(OC)c2c(c1)OC(SC1CCNC1=O)C(Cn1cc(C=Cc3ccc(OC)c(O)c3)c(=O)[nH]c1=O)C2=O,BRICS-0135
COc1cc(OC)c2c(c1)OC(SC1=C(C(=O)O)N3C(=O)C(C)(O)C3C1C)C(Cn1cc(C=Cc3ccc(OC)c(O)c3)c(=O)[nH]c1=O)C2=O,BRICS-0136
COc1cc(OC)c2c(c1)OC(SC1C(=O)N3C(C(=O)O)=C(C(=O)O)C(C)C13)C(Cn1cc(C=Cc3ccc(OC)c(O)c3)c(=O)[nH]c1=O)C2=O,BRICS-0137
COc1cc(OC)c2c(c1)OC(c1cc(=O)c3c(O)cc(O)cc3o1)C(Cn1cc(C=Cc3ccc(OC)c(O)c3)c(=O)[nH]c1=O)C2=O,BRICS-0138
COc1cc(OC)c2c(c1)OC(c1nc3ccccc3s1)C(Cn1cc(C=Cc3ccc(OC)c(O)c3)c(=O)[nH]c1=O)C2=O,BRICS-0139
COc1cc(OC)c2c(c1)OC(N1C(=O)OC3CC4c5ccccc5CCN4CC31)C(Cn1cc(C=Cc3ccc(OC)c(O)c3)c(=O)[nH]c1=O)C2=O,BRICS-0140
COc1cc(OC)c2c(c1)OC(CCc1ccc(O)cc1)C(Cn1cc(C=Cc3ccc(OC)c(O)c3)c(=O)[nH]c1=O)C2=O,BRICS-0141
COc1cc(OC)c2c(c1)OC(Cc1ccccc1)C(Cn1cc(C=Cc3ccc(OC)c(O)c3)c(=O)[nH]c1=O)C2=O,BRICS-0142
COc1cc(OC)c2c(c1)OC(c1ccccc1)C(Cn1cc(C=Cc3ccc(OC)c(O)c3)c(=O)[nH]c1=O)C2=O,BRICS-0143
COc1cc(OC)c2c(c1)OC(c1ccc(O)cc1)C(Cn1cc(C=Cc3ccc(OC)c(O)c3)c(=O)[nH]c1=O)C2=O,BRICS-0144
COc1cc(OC)c2c(c1)OC(c1ccc(S(N)(=O)=O)cc1)C(Cn1cc(C=Cc3ccc(OC)c(O)c3)c(=O)[nH]c1=O)C2=O,BRICS-0145
COc1cc(OC)c2c(c1)OC(c1ccc(O)c(O)c1)C(Cn1cc(C=Cc3ccc(OC)c(O)c3)c(=O)[nH]c1=O)C2=O,BRICS-0146
COc1cc(OC)c2c(c1)OC(C1CNC(C(=O)O)C1)C(Cn1cc(C=Cc3ccc(OC)c(O)c3)c(=O)[nH]c1=O)C2=O,BRICS-0147
COc1cc(OC)c2c(c1)OC(C1CCNC1=O)C(Cn1cc(C=Cc3ccc(OC)c(O)c3)c(=O)[nH]c1=O)C2=O,BRICS-0148
COc1cc(OC)c2c(c1)OC(C1C(=O)N3C(C(=O)O)=C(C(=O)O)C(C)C13)C(Cn1cc(C=Cc3ccc(OC)c(O)c3)c(=O)[nH]c1=O)C2=O,BRICS-0149
COc1cc(OC)c2c(c1)OC(n1cc(C=Cc3ccc(O)c(OC)c3)c(=O)[nH]c1=O)C(Cn1cc(C=Cc3ccc(OC)c(O)c3)c(=O)[nH]c1=O)C2=O,BRICS-0150
COc1cc(OC)c2c(c1)OC(n1cc(C=Cc3ccc(O)cc3)c(=O)[nH]c1=O)C(Cn1cc(C=Cc3ccc(OC)c(O)c3)c(=O)[nH]c1=O)C2=O,BRICS-0151
COc1cc(OC)c2c(c1)OC(n1cc(C=Cc3ccc(OC)c(O)c3)c(=O)[nH]c1=O)C(Cn1cc(C=Cc3ccc(OC)c(O)c3)c(=O)[nH]c1=O)C2=O,BRICS-0152
COc1cc(OC)c2c(c1)OC(n1cc(C=Cc3cc(O)c(OC)cc3OC)c(=O)[nH]c1=O)C(Cn1cc(C=Cc3ccc(OC)c(O)c3)c(=O)[nH]c1=O)C2=O,BRICS-0153
COc1cc(OC)c2c(c1)OC(Cn1cc(C=Cc3ccc(O)c(OC)c3)c(=O)[nH]c1=O)C(Cn1cc(C=Cc3ccc(OC)c(O)c3)c(=O)[nH]c1=O)C2=O,BRICS-0154
COc1cc(OC)c2c(c1)OC(Cn1cc(C=Cc3ccc(O)cc3)c(=O)[nH]c1=O)C(Cn1cc(C=Cc3ccc(OC)c(O)c3)c(=O)[nH]c1=O)C2=O,BRICS-0155
COc1cc(OC)c2c(c1)OC(Cn1cc(C=Cc3ccc(OC)c(O)c3)c(=O)[nH]c1=O)C(Cn1cc(C=Cc3ccc(OC)c(O)c3)c(=O)[nH]c1=O)C2=O,BRICS-0156
COc1cc(OC)c2c(c1)OC(Cn1cc(C=Cc3cc(O)c(OC)cc3OC)c(=O)[nH]c1=O)C(Cn1cc(C=Cc3ccc(OC)c(O)c3)c(=O)[nH]c1=O)C2=O,BRICS-0157
COc1cc(OC)c2c(c1)OC(SC1=C(C(=O)O)C3SCC(C(=O)O)=C(C(=O)N4C(=O)OC5CC6c7ccccc7CCN6CC54)N3C1=O)C(Cn1cc(C=Cc3ccc(OC)c(O)c3)c(=O)[nH]c1=O)C2=O,BRICS-0158
COc1cc(OC)c2c(c1)OC(SC1=C(C(=O)O)C3SCC(C(=O)O)=C(C(=O)Nc4nc5ccccc5s4)N3C1=O)C(Cn1cc(C=Cc3ccc(OC)c(O)c3)c(=O)[nH]c1=O)C2=O,BRICS-0159
COc1cc(OC)c2c(c1)OC(SC1=C(C(=O)O)C3SCC(C(=O)O)=C(C(=O)Nc4ccccc4)N3C1=O)C(Cn1cc(C=Cc3ccc(OC)c(O)c3)c(=O)[nH]c1=O)C2=O,BRICS-0160
COc1cc(OC)c2c(c1)OC(SC1=C(C(=O)O)C3SCC(C(=O)O)=C(C(=O)NC4C(=O)N5C4SC(C)(C)C5C(=O)O)N3C1=O)C(Cn1cc(C=Cc3ccc(OC)c(O)c3)c(=O)[nH]c1=O)C2=O,BRICS-0161
COc1cc(OC)c2c(c1)OC(C1C(=O)c3c(OC)cc(OC)cc3OC1Nc1nc3ccccc3s1)C(Cn1cc(C=Cc3ccc(OC)c(O)c3)c(=O)[nH]c1=O)C2=O,BRICS-0162
COc1cc(OC)c2c(c1)OC(C1C(=O)c3c(OC)cc(OC)cc3OC1Nc1ccccc1)C(Cn1cc(C=Cc3ccc(OC)c(O)c3)c(=O)[nH]c1=O)C2=O,BRICS-0163
COc1cc(OC)c2c(c1)OC(C1C(=O)c3c(OC)cc(OC)cc3OC1NC1C(=O)N3C1SC(C)(C)C3C(=O)O)C(Cn1cc(C=Cc3ccc(OC)c(O)c3)c(=O)[nH]c1=O)C2=O,BRICS-0164
COc1cc(OC)c2c(c1)OC(C1C(=O)c3c(OC)cc(OC)cc3OC1c1ccccc1)C(Cn1cc(C=Cc3ccc(OC)c(O)c3)c(=O)[nH]c1=O)C2=O,BRICS-0165
COc1cc(OC)c2c(c1)OC(C1C(=O)c3c(OC)cc(OC)cc3OC1c1ccc(O)cc1)C(Cn1cc(C=Cc3ccc(OC)c(O)c3)c(=O)[nH]c1=O)C2=O,BRICS-0166
COc1cc(OC)c2c(c1)OC(C1C(=O)c3c(OC)cc(OC)cc3OC1c1ccc(S(N)(=O)=O)cc1)C(Cn1cc(C=Cc3ccc(OC)c(O)c3)c(=O)[nH]c1=O)C2=O,BRICS-0167
COc1cc(OC)c2c(c1)OC(C1C(=O)c3c(OC)cc(OC)cc3OC1c1ccc(O)c(O)c1)C(Cn1cc(C=Cc3ccc(OC)c(O)c3)c(=O)[nH]c1=O)C2=O,BRICS-0168
COc1cc(OC)c2c(c1)OC(C1C(=O)c3c(OC)cc(OC)cc3OC1N1C(=O)OC3CC4c5ccccc5CCN4CC31)C(Cn1cc(C=Cc3ccc(OC)c(O)c3)c(=O)[nH]c1=O)C2=O,BRICS-0169
COc1cc(OC)c2c(c1)OC(C1C(=O)c3c(OC)cc(OC)cc3OC1C1CNC(C(=O)O)C1)C(Cn1cc(C=Cc3ccc(OC)c(O)c3)c(=O)[nH]c1=O)C2=O,BRICS-0170
COc1cc(OC)c2c(c1)OC(C1C(=O)c3c(OC)cc(OC)cc3OC1C1CCNC1=O)C(Cn1cc(C=Cc3ccc(OC)c(O)c3)c(=O)[nH]c1=O)C2=O,BRICS-0171
COc1cc(OC)c2c(c1)OC(C1C(=O)c3c(OC)cc(OC)cc3OC1C1C(=O)N3C(C(=O)O)=C(C(=O)O)C(C)C13)C(Cn1cc(C=Cc3ccc(OC)c(O)c3)c(=O)[nH]c1=O)C2=O,BRICS-0172
COc1cc(OC)c2c(c1)OC(C1C(=O)c3c(OC)cc(OC)cc3OC1c1cc(=O)c3c(O)cc(O)cc3o1)C(Cn1cc(C=Cc3ccc(OC)c(O)c3)c(=O)[nH]c1=O)C2=O,BRICS-0173
COc1cc(OC)c2c(c1)OC(C1C(=O)c3c(OC)cc(OC)cc3OC1c1nc3ccccc3s1)C(Cn1cc(C=Cc3ccc(OC)c(O)c3)c(=O)[nH]c1=O)C2=O,BRICS-0174
COc1cc(OC)c2c(c1)OC(C1C(=O)c3c(OC)cc(OC)cc3OC1SC1N=C(C(=O)O)N(C)C1=O)C(Cn1cc(C=Cc3ccc(OC)c(O)c3)c(=O)[nH]c1=O)C2=O,BRICS-0175
COc1cc(OC)c2c(c1)OC(C1C(=O)c3c(OC)cc(OC)cc3OC1SC1CCNC1=O)C(Cn1cc(C=Cc3ccc(OC)c(O)c3)c(=O)[nH]c1=O)C2=O,BRICS-0176
COc1cc(OC)c2c(c1)OC(C1C(=O)c3c(OC)cc(OC)cc3OC1SC1=C(C(=O)O)N3C(=O)C(C)(O)C3C1C)C(Cn1cc(C=Cc3ccc(OC)c(O)c3)c(=O)[nH]c1=O)C2=O,BRICS-0177
COc1cc(OC)c2c(c1)OC(C1C(=O)c3c(OC)cc(OC)cc3OC1SC1C(=O)N3C(C(=O)O)=C(C(=O)O)C(C)C13)C(Cn1cc(C=Cc3ccc(OC)c(O)c3)c(=O)[nH]c1=O)C2=O,BRICS-0178
COc1cc(OC)c2c(c1)OC(C1C(=O)c3c(OC)cc(OC)cc3OC1CCc1ccc(O)cc1)C(Cn1cc(C=Cc3ccc(OC)c(O)c3)c(=O)[nH]c1=O)C2=O,BRICS-0179
COc1cc(OC)c2c(c1)OC(C1C(=O)c3c(OC)cc(OC)cc3OC1Cc1ccccc1)C(Cn1cc(C=Cc3ccc(OC)c(O)c3)c(=O)[nH]c1=O)C2=O,BRICS-0180
COc1cc(OC)c2c(c1)OC(c1nccc(-c3cc(=O)c4c(O)cc(O)cc4o3)n1)C(Cn1cc(C=Cc3ccc(OC)c(O)c3)c(=O)[nH]c1=O)C2=O,BRICS-0181
COc1cc(OC)c2c(c1)OC(c1nccc(-c3nc4ccccc4s3)n1)C(Cn1cc(C=Cc3ccc(OC)c(O)c3)c(=O)[nH]c1=O)C2=O,BRICS-0182
COc1cc(OC)c2c(c1)OC(c1nccc(CCc3ccc(O)cc3)n1)C(Cn1cc(C=Cc3ccc(OC)c(O)c3)c(=O)[nH]c1=O)C2=O,BRICS-0183
COc1cc(OC)c2c(c1)OC(c1nccc(Cc3ccccc3)n1)C(Cn1cc(C=Cc3ccc(OC)c(O)c3)c(=O)[nH]c1=O)C2=O,BRICS-0184
COc1cc(OC)c2c(c1)OC(c1nccc(C3Oc4cc(O)ccc4CC3=O)n1)C(Cn1cc(C=Cc3ccc(OC)c(O)c3)c(=O)[nH]c1=O)C2=O,BRICS-0185
COc1cc(OC)c2c(c1)OC(c1nccc(C3N=C(C(=O)O)N(C)C3=O)n1)C(Cn1cc(C=Cc3ccc(OC)c(O)c3)c(=O)[nH]c1=O)C2=O,BRICS-0186
COc1cc(OC)c2c(c1)OC(c1nccc(-c3ccccc3)n1)C(Cn1cc(C=Cc3ccc(OC)c(O)c3)c(=O)[nH]c1=O)C2=O,BRICS-0187
COc1cc(OC)c2c(c1)OC(c1nccc(-c3ccc(N4CCCC4)cc3)n1)C(Cn1cc(C=Cc3ccc(OC)c(O)c3)c(=O)[nH]c1=O)C2=O,BRICS-0188
COc1cc(OC)c2c(c1)OC(c1nccc(-c3ccc(O)cc3)n1)C(Cn1cc(C=Cc3ccc(OC)c(O)c3)c(=O)[nH]c1=O)C2=O,BRICS-0189
COc1cc(OC)c2c(c1)OC(c1nccc(-c3ccc(S(N)(=O)=O)cc3)n1)C(Cn1cc(C=Cc3ccc(OC)c(O)c3)c(=O)[nH]c1=O)C2=O,BRICS-0190
COc1cc(OC)c2c(c1)OC(c1nccc(-c3ccc(O)c(O)c3)n1)C(Cn1cc(C=Cc3ccc(OC)c(O)c3)c(=O)[nH]c1=O)C2=O,BRICS-0191
COc1cc(OC)c2c(c1)OC(c1nccc(C3CNC(C(=O)O)C3)n1)C(Cn1cc(C=Cc3ccc(OC)c(O)c3)c(=O)[nH]c1=O)C2=O,BRICS-0192
COc1cc(OC)c2c(c1)OC(c1nccc(C3CCNC3=O)n1)C(Cn1cc(C=Cc3ccc(OC)c(O)c3)c(=O)[nH]c1=O)C2=O,BRICS-0193
COc1cc(OC)c2c(c1)OC(c1nccc(C3C(=O)N4C(C(=O)O)=C(C(=O)O)C(C)C34)n1)C(Cn1cc(C=Cc3ccc(OC)c(O)c3)c(=O)[nH]c1=O)C2=O,BRICS-0194
COc1cc(OC)c2c(c1)OC(c1nccc(Nc3nc4ccccc4s3)n1)C(Cn1cc(C=Cc3ccc(OC)c(O)c3)c(=O)[nH]c1=O)C2=O,BRICS-0195
COc1cc(OC)c2c(c1)OC(c1nccc(Nc3ccccc3)n1)C(Cn1cc(C=Cc3ccc(OC)c(O)c3)c(=O)[nH]c1=O)C2=O,BRICS-0196
COc1cc(OC)c2c(c1)OC(c1nccc(NC3C(=O)N4C3SC(C)(C)C4C(=O)O)n1)C(Cn1cc(C=Cc3ccc(OC)c(O)c3)c(=O)[nH]c1=O)C2=O,BRICS-0197
COc1cc(OC)c2c(c1)OC(c1nccc(N3C(=O)OC4CC5c6ccccc6CCN5CC43)n1)C(Cn1cc(C=Cc3ccc(OC)c(O)c3)c(=O)[nH]c1=O)C2=O,BRICS-0198
COc1cc(OC)c2c(c1)OC(c1nccc(SC3N=C(C(=O)O)N(C)C3=O)n1)C(Cn1cc(C=Cc3ccc(OC)c(O)c3)c(=O)[nH]c1=O)C2=O,BRICS-0199
COc1cc(OC)c2c(c1)OC(c1nccc(SC3CCNC3=O)n1)C(Cn1cc(C=Cc3ccc(OC)c(O)c3)c(=O)[nH]c1=O)C2=O,BRICS-0200
COc1cc(OC)c2c(c1)OC(c1nccc(SC3=C(C(=O)O)N4C(=O)C(C)(O)C4C3C)n1)C(Cn1cc(C=Cc3ccc(OC)c(O)c3)c(=O)[nH]c1=O)C2=O,BRICS-0201
COc1cc(OC)c2c(c1)OC(c1nccc(SC3C(=O)N4C(C(=O)O)=C(C(=O)O)C(C)C34)n1)C(Cn1cc(C=Cc3ccc(OC)c(O)c3)c(=O)[nH]c1=O)C2=O,BRICS-0202
COc1cc(OC)c2c(c1)OC(c1ccnc(-c3cc(=O)c4c(O)cc(O)cc4o3)n1)C(Cn1cc(C=Cc3ccc(OC)c(O)c3)c(=O)[nH]c1=O)C2=O,BRICS-0203
COc1cc(OC)c2c(c1)OC(c1ccnc(-c3nc4ccccc4s3)n1)C(Cn1cc(C=Cc3ccc(OC)c(O)c3)c(=O)[nH]c1=O)C2=O,BRICS-0204
COc1cc(OC)c2c(c1)OC(c1ccnc(CCc3ccc(O)cc3)n1)C(Cn1cc(C=Cc3ccc(OC)c(O)c3)c(=O)[nH]c1=O)C2=O,BRICS-0205
COc1cc(OC)c2c(c1)OC(c1ccnc(Cc3ccccc3)n1)C(Cn1cc(C=Cc3ccc(OC)c(O)c3)c(=O)[nH]c1=O)C2=O,BRICS-0206
COc1cc(OC)c2c(c1)OC(c1ccnc(C3Oc4cc(O)ccc4CC3=O)n1)C(Cn1cc(C=Cc3ccc(OC)c(O)c3)c(=O)[nH]c1=O)C2=O,BRICS-0207
COc1cc(OC)c2c(c1)OC(c1ccnc(C3N=C(C(=O)O)N(C)C3=O)n1)C(Cn1cc(C=Cc3ccc(OC)c(O)c3)c(=O)[nH]c1=O)C2=O,BRICS-0208
COc1cc(OC)c2c(c1)OC(c1ccnc(-c3ccccc3)n1)C(Cn1cc(C=Cc3ccc(OC)c(O)c3)c(=O)[nH]c1=O)C2=O,BRICS-0209
COc1cc(OC)c2c(c1)OC(c1ccnc(-c3ccc(N4CCCC4)cc3)n1)C(Cn1cc(C=Cc3ccc(OC)c(O)c3)c(=O)[nH]c1=O)C2=O,BRICS-0210
COc1cc(OC)c2c(c1)OC(c1ccnc(-c3ccc(O)cc3)n1)C(Cn1cc(C=Cc3ccc(OC)c(O)c3)c(=O)[nH]c1=O)C2=O,BRICS-0211
COc1cc(OC)c2c(c1)OC(c1ccnc(-c3ccc(S(N)(=O)=O)cc3)n1)C(Cn1cc(C=Cc3ccc(OC)c(O)c3)c(=O)[nH]c1=O)C2=O,BRICS-0212
COc1cc(OC)c2c(c1)OC(c1ccnc(-c3ccc(O)c(O)c3)n1)C(Cn1cc(C=Cc3ccc(OC)c(O)c3)c(=O)[nH]c1=O)C2=O,BRICS-0213
COc1cc(OC)c2c(c1)OC(c1ccnc(C3CNC(C(=O)O)C3)n1)C(Cn1cc(C=Cc3ccc(OC)c(O)c3)c(=O)[nH]c1=O)C2=O,BRICS-0214
COc1cc(OC)c2c(c1)OC(c1ccnc(C3CCNC3=O)n1)C(Cn1cc(C=Cc3ccc(OC)c(O)c3)c(=O)[nH]c1=O)C2=O,BRICS-0215
COc1cc(OC)c2c(c1)OC(c1ccnc(C3C(=O)N4C(C(=O)O)=C(C(=O)O)C(C)C34)n1)C(Cn1cc(C=Cc3ccc(OC)c(O)c3)c(=O)[nH]c1=O)C2=O,BRICS-0216
COc1cc(OC)c2c(c1)OC(c1ccnc(Nc3nc4ccccc4s3)n1)C(Cn1cc(C=Cc3ccc(OC)c(O)c3)c(=O)[nH]c1=O)C2=O,BRICS-0217
COc1cc(OC)c2c(c1)OC(c1ccnc(Nc3ccccc3)n1)C(Cn1cc(C=Cc3ccc(OC)c(O)c3)c(=O)[nH]c1=O)C2=O,BRICS-0218
COc1cc(OC)c2c(c1)OC(c1ccnc(NC3C(=O)N4C3SC(C)(C)C4C(=O)O)n1)C(Cn1cc(C=Cc3ccc(OC)c(O)c3)c(=O)[nH]c1=O)C2=O,BRICS-0219
COc1cc(OC)c2c(c1)OC(c1ccnc(N3C(=O)OC4CC5c6ccccc6CCN5CC43)n1)C(Cn1cc(C=Cc3ccc(OC)c(O)c3)c(=O)[nH]c1=O)C2=O,BRICS-0220
COc1cc(OC)c2c(c1)OC(c1ccnc(SC3N=C(C(=O)O)N(C)C3=O)n1)C(Cn1cc(C=Cc3ccc(OC)c(O)c3)c(=O)[nH]c1=O)C2=O,BRICS-0221
COc1cc(OC)c2c(c1)OC(c1ccnc(SC3CCNC3=O)n1)C(Cn1cc(C=Cc3ccc(OC)c(O)c3)c(=O)[nH]c1=O)C2=O,BRICS-0222
COc1cc(OC)c2c(c1)OC(c1ccnc(SC3=C(C(=O)O)N4C(=O)C(C)(O)C4C3C)n1)C(Cn1cc(C=Cc3ccc(OC)c(O)c3)c(=O)[nH]c1=O)C2=O,BRICS-0223
COc1cc(OC)c2c(c1)OC(c1ccnc(SC3C(=O)N4C(C(=O)O)=C(C(=O)O)C(C)C34)n1)C(Cn1cc(C=Cc3ccc(OC)c(O)c3)c(=O)[nH]c1=O)C2=O,BRICS-0224
COc1ccc(C=Cc2cn(Cn3cc(C=Cc4ccc(O)c(OC)c4)c(=O)[nH]c3=O)c(=O)[nH]c2=O)cc1O,BRICS-0225
COc1ccc(C=Cc2cn(Cn3cc(C=Cc4ccc(O)cc4)c(=O)[nH]c3=O)c(=O)[nH]c2=O)cc1O,BRICS-0226
COc1ccc(C=Cc2cn(Cn3cc(C=Cc4ccc(OC)c(O)c4)c(=O)[nH]c3=O)c(=O)[nH]c2=O)cc1O,BRICS-0227
COc1ccc(C=Cc2cn(Cn3cc(C=Cc4cc(O)c(OC)cc4OC)c(=O)[nH]c3=O)c(=O)[nH]c2=O)cc1O,BRICS-0228
COc1ccc(C=Cc2cn(Cn3cc(C=CC(=O)CCC(=O)C=Cc4ccc(O)c(OC)c4)c(=O)[nH]c3=O)c(=O)[nH]c2=O)cc1O,BRICS-0229
COc1ccc(C=Cc2cn(Cn3cc(C=CC(=O)CCC(=O)C=Cc4ccc(O)cc4)c(=O)[nH]c3=O)c(=O)[nH]c2=O)cc1O,BRICS-0230
COc1ccc(C=CC(=O)CCC(=O)C=Cc2cn(Cn3cc(C=Cc4ccc(OC)c(O)c4)c(=O)[nH]c3=O)c(=O)[nH]c2=O)cc1O,BRICS-0231
COc1ccc(C=Cc2cn(Cn3cc(C=CC(=O)CCC(=O)C=Cc4cc(O)c(OC)cc4OC)c(=O)[nH]c3=O)c(=O)[nH]c2=O)cc1O,BRICS-0232
COc1ccc(C=Cc2cn(Cn3cc(C=CC(=O)CC(=O)C=Cc4ccc(O)c(OC)c4)c(=O)[nH]c3=O)c(=O)[nH]c2=O)cc1O,BRICS-0233
COc1ccc(C=Cc2cn(Cn3cc(C=CC(=O)CC(=O)C=Cc4ccc(O)cc4)c(=O)[nH]c3=O)c(=O)[nH]c2=O)cc1O,BRICS-0234
COc1ccc(C=CC(=O)CC(=O)C=Cc2cn(Cn3cc(C=Cc4ccc(OC)c(O)c4)c(=O)[nH]c3=O)c(=O)[nH]c2=O)cc1O,BRICS-0235
COc1ccc(C=Cc2cn(Cn3cc(C=CC(=O)CC(=O)C=Cc4cc(O)c(OC)cc4OC)c(=O)[nH]c3=O)c(=O)[nH]c2=O)cc1O,BRICS-0236
COc1ccc(C=Cc2cn(Cn3cc(C=Cc4cn(CCc5ccc(O)cc5)c(=O)[nH]c4=O)c(=O)[nH]c3=O)c(=O)[nH]c2=O)cc1O,BRICS-0237
COc1ccc(C=Cc2cn(Cn3cc(C=Cc4cn(Cc5ccccc5)c(=O)[nH]c4=O)c(=O)[nH]c3=O)c(=O)[nH]c2=O)cc1O,BRICS-0238
COc1ccc(C=Cc2cn(Cn3cc(C=Cc4cn(C5CNC(C(=O)O)C5)c(=O)[nH]c4=O)c(=O)[nH]c3=O)c(=O)[nH]c2=O)cc1O,BRICS-0239
COc1ccc(C=Cc2cn(Cn3cc(C=Cc4cn(C5CCNC5=O)c(=O)[nH]c4=O)c(=O)[nH]c3=O)c(=O)[nH]c2=O)cc1O,BRICS-0240
COc1ccc(C=Cc2cn(Cn3cc(C=Cc4cn(C5C(=O)N6C(C(=O)O)=C(C(=O)O)C(C)C56)c(=O)[nH]c4=O)c(=O)[nH]c3=O)c(=O)[nH]c2=O)cc1O,BRICS-0241
COc1ccc(C=Cc2cn(Cn3cc(C=Cc4cn(-c5cc(=O)c6c(O)cc(O)cc6o5)c(=O)[nH]c4=O)c(=O)[nH]c3=O)c(=O)[nH]c2=O)cc1O,BRICS-0242
COc1ccc(C=Cc2cn(Cn3cc(C=Cc4cn(-c5nc6ccccc6s5)c(=O)[nH]c4=O)c(=O)[nH]c3=O)c(=O)[nH]c2=O)cc1O,BRICS-0243
COc1ccc(C=Cc2cn(Cn3cc(C=Cc4cn(-c5ccccc5)c(=O)[nH]c4=O)c(=O)[nH]c3=O)c(=O)[nH]c2=O)cc1O,BRICS-0244
COc1ccc(C=Cc2cn(Cn3cc(C=Cc4cn(-c5ccc(O)cc5)c(=O)[nH]c4=O)c(=O)[nH]c3=O)c(=O)[nH]c2=O)cc1O,BRICS-0245
COc1ccc(C=Cc2cn(Cn3cc(C=Cc4cn(-c5ccc(S(N)(=O)=O)cc5)c(=O)[nH]c4=O)c(=O)[nH]c3=O)c(=O)[nH]c2=O)cc1O,BRICS-0246
COc1ccc(C=Cc2cn(Cn3cc(C=Cc4cn(-c5ccc(O)c(O)c5)c(=O)[nH]c4=O)c(=O)[nH]c3=O)c(=O)[nH]c2=O)cc1O,BRICS-0247
COc1ccc(C=Cc2cn(Cn3cc(C=Cc4cn(C5Oc6cc(O)ccc6CC5=O)c(=O)[nH]c4=O)c(=O)[nH]c3=O)c(=O)[nH]c2=O)cc1O,BRICS-0248
COc1ccc(C=Cc2cn(Cn3cc(C=Cc4cn(C5N=C(C(=O)O)N(C)C5=O)c(=O)[nH]c4=O)c(=O)[nH]c3=O)c(=O)[nH]c2=O)cc1O,BRICS-0249
COc1ccc(C=Cc2cn(Cn3cc(C=Cc4cn(CC5CNC(C(=O)O)C5)c(=O)[nH]c4=O)c(=O)[nH]c3=O)c(=O)[nH]c2=O)cc1O,BRICS-0250
COc1ccc(C=Cc2cn(Cn3cc(C=Cc4cn(CC5CCNC5=O)c(=O)[nH]c4=O)c(=O)[nH]c3=O)c(=O)[nH]c2=O)cc1O,BRICS-0251
COc1ccc(C=Cc2cn(Cn3cc(C=Cc4cn(CC5C(=O)N6C(C(=O)O)=C(C(=O)O)C(C)C56)c(=O)[nH]c4=O)c(=O)[nH]c3=O)c(=O)[nH]c2=O)cc1O,BRICS-0252
COc1ccc(C=Cc2cn(Cn3cc(C=Cc4cn(Cc5cc(=O)c6c(O)cc(O)cc6o5)c(=O)[nH]c4=O)c(=O)[nH]c3=O)c(=O)[nH]c2=O)cc1O,BRICS-0253
COc1ccc(C=Cc2cn(Cn3cc(C=Cc4cn(Cc5nc6ccccc6s5)c(=O)[nH]c4=O)c(=O)[nH]c3=O)c(=O)[nH]c2=O)cc1O,BRICS-0254
COc1ccc(C=Cc2cn(Cn3cc(C=Cc4cn(Cc5ccc(O)cc5)c(=O)[nH]c4=O)c(=O)[nH]c3=O)c(=O)[nH]c2=O)cc1O,BRICS-0255
COc1ccc(C=Cc2cn(Cn3cc(C=Cc4cn(Cc5ccc(S(N)(=O)=O)cc5)c(=O)[nH]c4=O)c(=O)[nH]c3=O)c(=O)[nH]c2=O)cc1O,BRICS-0256
COc1ccc(C=Cc2cn(Cn3cc(C=Cc4cn(Cc5ccc(O)c(O)c5)c(=O)[nH]c4=O)c(=O)[nH]c3=O)c(=O)[nH]c2=O)cc1O,BRICS-0257
COc1ccc(C=Cc2cn(Cn3cc(C=Cc4cn(CC5Oc6cc(O)ccc6CC5=O)c(=O)[nH]c4=O)c(=O)[nH]c3=O)c(=O)[nH]c2=O)cc1O,BRICS-0258
COc1ccc(C=Cc2cn(Cn3cc(C=Cc4cn(CC5N=C(C(=O)O)N(C)C5=O)c(=O)[nH]c4=O)c(=O)[nH]c3=O)c(=O)[nH]c2=O)cc1O,BRICS-0259
COc1ccc(C=Cc2cn(Cn3cc(C=Cc4cn(CN5C(=O)OC6CC7c8ccccc8CCN7CC65)c(=O)[nH]c4=O)c(=O)[nH]c3=O)c(=O)[nH]c2=O)cc1O,BRICS-0260
COc1cc(OC)c2c(c1)OC(Cn1cc(C=Cc3ccc(OC)c(O)c3)c(=O)[nH]c1=O)C(c1cc(=O)c3c(O)cc(O)cc3o1)C2=O,BRICS-0261
COc1cc(OC)c2c(c1)OC(Cn1cc(C=Cc3ccc(OC)c(O)c3)c(=O)[nH]c1=O)C(c1nc3ccccc3s1)C2=O,BRICS-0262
COc1cc(OC)c2c(c1)OC(Cn1cc(C=Cc3ccc(OC)c(O)c3)c(=O)[nH]c1=O)C(Nc1nc3ccccc3s1)C2=O,BRICS-0263
COc1cc(OC)c2c(c1)OC(Cn1cc(C=Cc3ccc(OC)c(O)c3)c(=O)[nH]c1=O)C(Nc1ccccc1)C2=O,BRICS-0264
COc1cc(OC)c2c(c1)OC(Cn1cc(C=Cc3ccc(OC)c(O)c3)c(=O)[nH]c1=O)C(NC1C(=O)N3C1SC(C)(C)C3C(=O)O)C2=O,BRICS-0265
COc1cc(OC)c2c(c1)OC(Cn1cc(C=Cc3ccc(OC)c(O)c3)c(=O)[nH]c1=O)C(SC1N=C(C(=O)O)N(C)C1=O)C2=O,BRICS-0266
COc1cc(OC)c2c(c1)OC(Cn1cc(C=Cc3ccc(OC)c(O)c3)c(=O)[nH]c1=O)C(SC1CCNC1=O)C2=O,BRICS-0267
COc1cc(OC)c2c(c1)OC(Cn1cc(C=Cc3ccc(OC)c(O)c3)c(=O)[nH]c1=O)C(SC1=C(C(=O)O)N3C(=O)C(C)(O)C3C1C)C2=O,BRICS-0268
COc1cc(OC)c2c(c1)OC(Cn1cc(C=Cc3ccc(OC)c(O)c3)c(=O)[nH]c1=O)C(SC1C(=O)N3C(C(=O)O)=C(C(=O)O)C(C)C13)C2=O,BRICS-0269
COc1cc(OC)c2c(c1)OC(Cn1cc(C=Cc3ccc(OC)c(O)c3)c(=O)[nH]c1=O)C(CCc1ccc(O)cc1)C2=O,BRICS-0270
COc1cc(OC)c2c(c1)OC(Cn1cc(C=Cc3ccc(OC)c(O)c3)c(=O)[nH]c1=O)C(Cc1ccccc1)C2=O,BRICS-0271
COc1cc(OC)c2c(c1)OC(Cn1cc(C=Cc3ccc(OC)c(O)c3)c(=O)[nH]c1=O)C(c1ccccc1)C2=O,BRICS-0272
COc1cc(OC)c2c(c1)OC(Cn1cc(C=Cc3ccc(OC)c(O)c3)c(=O)[nH]c1=O)C(c1ccc(O)cc1)C2=O,BRICS-0273
COc1cc(OC)c2c(c1)OC(Cn1cc(C=Cc3ccc(OC)c(O)c3)c(=O)[nH]c1=O)C(c1ccc(S(N)(=O)=O)cc1)C2=O,BRICS-0274
COc1cc(OC)c2c(c1)OC(Cn1cc(C=Cc3ccc(OC)c(O)c3)c(=O)[nH]c1=O)C(c1ccc(O)c(O)c1)C2=O,BRICS-0275
COc1cc(OC)c2c(c1)OC(Cn1cc(C=Cc3ccc(OC)c(O)c3)c(=O)[nH]c1=O)C(N1C(=O)OC3CC4c5ccccc5CCN4CC31)C2=O,BRICS-0276
COc1cc(OC)c2c(c1)OC(Cn1cc(C=Cc3ccc(OC)c(O)c3)c(=O)[nH]c1=O)C(C1Oc3cc(O)ccc3CC1=O)C2=O,BRICS-0277
COc1cc(OC)c2c(c1)OC(Cn1cc(C=Cc3ccc(OC)c(O)c3)c(=O)[nH]c1=O)C(C1N=C(C(=O)O)N(C)C1=O)C2=O,BRICS-0278
COc1cc(OC)c2c(c1)OC(Cn1cc(C=Cc3ccc(OC)c(O)c3)c(=O)[nH]c1=O)C(c1ccnc(-c3ccccc3)n1)C2=O,BRICS-0279
COc1cc(OC)c2c(c1)OC(Cn1cc(C=Cc3ccc(OC)c(O)c3)c(=O)[nH]c1=O)C(c1ccnc(-c3ccc(N4CCCC4)cc3)n1)C2=O,BRICS-0280
COc1cc(OC)c2c(c1)OC(Cn1cc(C=Cc3ccc(OC)c(O)c3)c(=O)[nH]c1=O)C(c1ccnc(-c3ccc(O)cc3)n1)C2=O,BRICS-0281
COc1cc(OC)c2c(c1)OC(Cn1cc(C=Cc3ccc(OC)c(O)c3)c(=O)[nH]c1=O)C(c1ccnc(-c3ccc(S(N)(=O)=O)cc3)n1)C2=O,BRICS-0282
COc1cc(OC)c2c(c1)OC(Cn1cc(C=Cc3ccc(OC)c(O)c3)c(=O)[nH]c1=O)C(c1ccnc(-c3ccc(O)c(O)c3)n1)C2=O,BRICS-0283
COc1cc(OC)c2c(c1)OC(Cn1cc(C=Cc3ccc(OC)c(O)c3)c(=O)[nH]c1=O)C(c1ccnc(-c3cc(=O)c4c(O)cc(O)cc4o3)n1)C2=O,BRICS-0284
COc1cc(OC)c2c(c1)OC(Cn1cc(C=Cc3ccc(OC)c(O)c3)c(=O)[nH]c1=O)C(c1ccnc(-c3nc4ccccc4s3)n1)C2=O,BRICS-0285
COc1cc(OC)c2c(c1)OC(Cn1cc(C=Cc3ccc(OC)c(O)c3)c(=O)[nH]c1=O)C(c1ccnc(C3CNC(C(=O)O)C3)n1)C2=O,BRICS-0286
COc1cc(OC)c2c(c1)OC(Cn1cc(C=Cc3ccc(OC)c(O)c3)c(=O)[nH]c1=O)C(c1ccnc(C3CCNC3=O)n1)C2=O,BRICS-0287
COc1cc(OC)c2c(c1)OC(Cn1cc(C=Cc3ccc(OC)c(O)c3)c(=O)[nH]c1=O)C(c1ccnc(C3C(=O)N4C(C(=O)O)=C(C(=O)O)C(C)C34)n1)C2=O,BRICS-0288
COc1cc(OC)c2c(c1)OC(Cn1cc(C=Cc3ccc(OC)c(O)c3)c(=O)[nH]c1=O)C(c1ccnc(CCc3ccc(O)cc3)n1)C2=O,BRICS-0289
COc1cc(OC)c2c(c1)OC(Cn1cc(C=Cc3ccc(OC)c(O)c3)c(=O)[nH]c1=O)C(c1ccnc(Cc3ccccc3)n1)C2=O,BRICS-0290
COc1cc(OC)c2c(c1)OC(Cn1cc(C=Cc3ccc(OC)c(O)c3)c(=O)[nH]c1=O)C(c1ccnc(C3Oc4cc(O)ccc4CC3=O)n1)C2=O,BRICS-0291
COc1cc(OC)c2c(c1)OC(Cn1cc(C=Cc3ccc(OC)c(O)c3)c(=O)[nH]c1=O)C(c1ccnc(C3N=C(C(=O)O)N(C)C3=O)n1)C2=O,BRICS-0292
COc1cc(OC)c2c(c1)OC(Cn1cc(C=Cc3ccc(OC)c(O)c3)c(=O)[nH]c1=O)C(c1ccnc(Nc3nc4ccccc4s3)n1)C2=O,BRICS-0293
COc1cc(OC)c2c(c1)OC(Cn1cc(C=Cc3ccc(OC)c(O)c3)c(=O)[nH]c1=O)C(c1ccnc(Nc3ccccc3)n1)C2=O,BRICS-0294
COc1cc(OC)c2c(c1)OC(Cn1cc(C=Cc3ccc(OC)c(O)c3)c(=O)[nH]c1=O)C(c1ccnc(NC3C(=O)N4C3SC(C)(C)C4C(=O)O)n1)C2=O,BRICS-0295
COc1cc(OC)c2c(c1)OC(Cn1cc(C=Cc3ccc(OC)c(O)c3)c(=O)[nH]c1=O)C(c1ccnc(SC3N=C(C(=O)O)N(C)C3=O)n1)C2=O,BRICS-0296
COc1cc(OC)c2c(c1)OC(Cn1cc(C=Cc3ccc(OC)c(O)c3)c(=O)[nH]c1=O)C(c1ccnc(SC3CCNC3=O)n1)C2=O,BRICS-0297
COc1cc(OC)c2c(c1)OC(Cn1cc(C=Cc3ccc(OC)c(O)c3)c(=O)[nH]c1=O)C(c1ccnc(SC3=C(C(=O)O)N4C(=O)C(C)(O)C4C3C)n1)C2=O,BRICS-0298
COc1cc(OC)c2c(c1)OC(Cn1cc(C=Cc3ccc(OC)c(O)c3)c(=O)[nH]c1=O)C(c1ccnc(SC3C(=O)N4C(C(=O)O)=C(C(=O)O)C(C)C34)n1)C2=O,BRICS-0299
COc1cc(OC)c2c(c1)OC(Cn1cc(C=Cc3ccc(OC)c(O)c3)c(=O)[nH]c1=O)C(c1ccnc(N3C(=O)OC4CC5c6ccccc6CCN5CC43)n1)C2=O,BRICS-0300
COc1cc(OC)c2c(c1)OC(Cn1cc(C=Cc3ccc(OC)c(O)c3)c(=O)[nH]c1=O)C(c1nccc(-c3ccccc3)n1)C2=O,BRICS-0301
COc1cc(OC)c2c(c1)OC(Cn1cc(C=Cc3ccc(OC)c(O)c3)c(=O)[nH]c1=O)C(c1nccc(-c3ccc(N4CCCC4)cc3)n1)C2=O,BRICS-0302
COc1cc(OC)c2c(c1)OC(Cn1cc(C=Cc3ccc(OC)c(O)c3)c(=O)[nH]c1=O)C(c1nccc(-c3ccc(O)cc3)n1)C2=O,BRICS-0303
COc1cc(OC)c2c(c1)OC(Cn1cc(C=Cc3ccc(OC)c(O)c3)c(=O)[nH]c1=O)C(c1nccc(-c3ccc(S(N)(=O)=O)cc3)n1)C2=O,BRICS-0304
COc1cc(OC)c2c(c1)OC(Cn1cc(C=Cc3ccc(OC)c(O)c3)c(=O)[nH]c1=O)C(c1nccc(-c3ccc(O)c(O)c3)n1)C2=O,BRICS-0305
COc1cc(OC)c2c(c1)OC(Cn1cc(C=Cc3ccc(OC)c(O)c3)c(=O)[nH]c1=O)C(c1nccc(-c3cc(=O)c4c(O)cc(O)cc4o3)n1)C2=O,BRICS-0306
COc1cc(OC)c2c(c1)OC(Cn1cc(C=Cc3ccc(OC)c(O)c3)c(=O)[nH]c1=O)C(c1nccc(-c3nc4ccccc4s3)n1)C2=O,BRICS-0307
COc1cc(OC)c2c(c1)OC(Cn1cc(C=Cc3ccc(OC)c(O)c3)c(=O)[nH]c1=O)C(c1nccc(C3CNC(C(=O)O)C3)n1)C2=O,BRICS-0308
COc1cc(OC)c2c(c1)OC(Cn1cc(C=Cc3ccc(OC)c(O)c3)c(=O)[nH]c1=O)C(c1nccc(C3CCNC3=O)n1)C2=O,BRICS-0309
COc1cc(OC)c2c(c1)OC(Cn1cc(C=Cc3ccc(OC)c(O)c3)c(=O)[nH]c1=O)C(c1nccc(C3C(=O)N4C(C(=O)O)=C(C(=O)O)C(C)C34)n1)C2=O,BRICS-0310
COc1cc(OC)c2c(c1)OC(Cn1cc(C=Cc3ccc(OC)c(O)c3)c(=O)[nH]c1=O)C(c1nccc(CCc3ccc(O)cc3)n1)C2=O,BRICS-0311
COc1cc(OC)c2c(c1)OC(Cn1cc(C=Cc3ccc(OC)c(O)c3)c(=O)[nH]c1=O)C(c1nccc(Cc3ccccc3)n1)C2=O,BRICS-0312
COc1cc(OC)c2c(c1)OC(Cn1cc(C=Cc3ccc(OC)c(O)c3)c(=O)[nH]c1=O)C(c1nccc(C3Oc4cc(O)ccc4CC3=O)n1)C2=O,BRICS-0313
COc1cc(OC)c2c(c1)OC(Cn1cc(C=Cc3ccc(OC)c(O)c3)c(=O)[nH]c1=O)C(c1nccc(C3N=C(C(=O)O)N(C)C3=O)n1)C2=O,BRICS-0314
COc1cc(OC)c2c(c1)OC(Cn1cc(C=Cc3ccc(OC)c(O)c3)c(=O)[nH]c1=O)C(c1nccc(Nc3nc4ccccc4s3)n1)C2=O,BRICS-0315
COc1cc(OC)c2c(c1)OC(Cn1cc(C=Cc3ccc(OC)c(O)c3)c(=O)[nH]c1=O)C(c1nccc(Nc3ccccc3)n1)C2=O,BRICS-0316
COc1cc(OC)c2c(c1)OC(Cn1cc(C=Cc3ccc(OC)c(O)c3)c(=O)[nH]c1=O)C(c1nccc(NC3C(=O)N4C3SC(C)(C)C4C(=O)O)n1)C2=O,BRICS-0317
COc1cc(OC)c2c(c1)OC(Cn1cc(C=Cc3ccc(OC)c(O)c3)c(=O)[nH]c1=O)C(c1nccc(SC3N=C(C(=O)O)N(C)C3=O)n1)C2=O,BRICS-0318
COc1cc(OC)c2c(c1)OC(Cn1cc(C=Cc3ccc(OC)c(O)c3)c(=O)[nH]c1=O)C(c1nccc(SC3CCNC3=O)n1)C2=O,BRICS-0319
COc1cc(OC)c2c(c1)OC(Cn1cc(C=Cc3ccc(OC)c(O)c3)c(=O)[nH]c1=O)C(c1nccc(SC3=C(C(=O)O)N4C(=O)C(C)(O)C4C3C)n1)C2=O,BRICS-0320
COc1cc(OC)c2c(c1)OC(Cn1cc(C=Cc3ccc(OC)c(O)c3)c(=O)[nH]c1=O)C(c1nccc(SC3C(=O)N4C(C(=O)O)=C(C(=O)O)C(C)C34)n1)C2=O,BRICS-0321
COc1cc(OC)c2c(c1)OC(Cn1cc(C=Cc3ccc(OC)c(O)c3)c(=O)[nH]c1=O)C(c1nccc(N3C(=O)OC4CC5c6ccccc6CCN5CC43)n1)C2=O,BRICS-0322
COc1cc(OC)c2c(c1)OC(Cn1cc(C=Cc3ccc(OC)c(O)c3)c(=O)[nH]c1=O)C(Cn1cc(C=Cc3ccc(O)c(OC)c3)c(=O)[nH]c1=O)C2=O,BRICS-0323
COc1cc(OC)c2c(c1)OC(Cn1cc(C=Cc3ccc(OC)c(O)c3)c(=O)[nH]c1=O)C(Cn1cc(C=Cc3ccc(O)cc3)c(=O)[nH]c1=O)C2=O,BRICS-0324
COc1cc(OC)c2c(c1)OC(Cn1cc(C=Cc3ccc(OC)c(O)c3)c(=O)[nH]c1=O)C(Cn1cc(C=Cc3cc(O)c(OC)cc3OC)c(=O)[nH]c1=O)C2=O,BRICS-0325
COc1cc(OC)c2c(c1)OC(Cn1cc(C=Cc3ccc(OC)c(O)c3)c(=O)[nH]c1=O)C(n1cc(C=Cc3ccc(O)c(OC)c3)c(=O)[nH]c1=O)C2=O,BRICS-0326
COc1cc(OC)c2c(c1)OC(Cn1cc(C=Cc3ccc(OC)c(O)c3)c(=O)[nH]c1=O)C(n1cc(C=Cc3ccc(O)cc3)c(=O)[nH]c1=O)C2=O,BRICS-0327
COc1cc(OC)c2c(c1)OC(Cn1cc(C=Cc3ccc(OC)c(O)c3)c(=O)[nH]c1=O)C(n1cc(C=Cc3ccc(OC)c(O)c3)c(=O)[nH]c1=O)C2=O,BRICS-0328
COc1cc(OC)c2c(c1)OC(Cn1cc(C=Cc3ccc(OC)c(O)c3)c(=O)[nH]c1=O)C(n1cc(C=Cc3cc(O)c(OC)cc3OC)c(=O)[nH]c1=O)C2=O,BRICS-0329
COc1cc(OC)c2c(c1)OC(Cn1cc(C=Cc3ccc(OC)c(O)c3)c(=O)[nH]c1=O)C(SC1=C(C(=O)O)C3SCC(C(=O)O)=C(C(=O)N4C(=O)OC5CC6c7ccccc7CCN6CC54)N3C1=O)C2=O,BRICS-0330
COc1cc(OC)c2c(c1)OC(Cn1cc(C=Cc3ccc(OC)c(O)c3)c(=O)[nH]c1=O)C(SC1=C(C(=O)O)C3SCC(C(=O)O)=C(C(=O)Nc4nc5ccccc5s4)N3C1=O)C2=O,BRICS-0331
COc1cc(OC)c2c(c1)OC(Cn1cc(C=Cc3ccc(OC)c(O)c3)c(=O)[nH]c1=O)C(SC1=C(C(=O)O)C3SCC(C(=O)O)=C(C(=O)Nc4ccccc4)N3C1=O)C2=O,BRICS-0332
COc1cc(OC)c2c(c1)OC(Cn1cc(C=Cc3ccc(OC)c(O)c3)c(=O)[nH]c1=O)C(SC1=C(C(=O)O)C3SCC(C(=O)O)=C(C(=O)NC4C(=O)N5C4SC(C)(C)C5C(=O)O)N3C1=O)C2=O,BRICS-0333
COc1ccc(C=Cc2cn(Cc3nccc(-c4ccccc4)n3)c(=O)[nH]c2=O)cc1O,BRICS-0334
COc1ccc(C=Cc2cn(Cc3nccc(-c4ccc(N5CCCC5)cc4)n3)c(=O)[nH]c2=O)cc1O,BRICS-0335
COc1ccc(C=Cc2cn(Cc3nccc(-c4ccc(O)cc4)n3)c(=O)[nH]c2=O)cc1O,BRICS-0336
COc1ccc(C=Cc2cn(Cc3nccc(-c4ccc(S(N)(=O)=O)cc4)n3)c(=O)[nH]c2=O)cc1O,BRICS-0337
COc1ccc(C=Cc2cn(Cc3nccc(-c4ccc(O)c(O)c4)n3)c(=O)[nH]c2=O)cc1O,BRICS-0338
COc1ccc(C=Cc2cn(Cc3nccc(C4CNC(C(=O)O)C4)n3)c(=O)[nH]c2=O)cc1O,BRICS-0339
COc1ccc(C=Cc2cn(Cc3nccc(C4CCNC4=O)n3)c(=O)[nH]c2=O)cc1O,BRICS-0340
COc1ccc(C=Cc2cn(Cc3nccc(C4C(=O)N5C(C(=O)O)=C(C(=O)O)C(C)C45)n3)c(=O)[nH]c2=O)cc1O,BRICS-0341
COc1ccc(C=Cc2cn(Cc3nccc(C4Oc5cc(O)ccc5CC4=O)n3)c(=O)[nH]c2=O)cc1O,BRICS-0342
COc1ccc(C=Cc2cn(Cc3nccc(C4N=C(C(=O)O)N(C)C4=O)n3)c(=O)[nH]c2=O)cc1O,BRICS-0343
COc1ccc(C=Cc2cn(Cc3nccc(SC4N=C(C(=O)O)N(C)C4=O)n3)c(=O)[nH]c2=O)cc1O,BRICS-0344
COc1ccc(C=Cc2cn(Cc3nccc(SC4CCNC4=O)n3)c(=O)[nH]c2=O)cc1O,BRICS-0345
COc1ccc(C=Cc2cn(Cc3nccc(SC4=C(C(=O)O)N5C(=O)C(C)(O)C5C4C)n3)c(=O)[nH]c2=O)cc1O,BRICS-0346
O=C(CCCc1ccc(-c2ccccc2)cc1)NO,DIV-0110
Cc1ccccc1-c1ccc(CCOC(=O)NO)cc1,DIV-0119
O=C(NO)NCCc1ccc(-c2ccncc2)cc1,DIV-0132
O=C(NO)c1ccc(-c2ccc(C(F)(F)F)cc2)cc1,DIV-0141
O=C(NO)c1ccc2c(Cc3ccccc3)cccc2c1,DIV-0147
O=C(NO)OCCC1CCCCC1c1ccccc1,DIV-0153
O=C(Cc1ccc(OCc2ccccc2)cc1)NO,DIV-0162
O=C(NO)c1ccc(CC(=O)N2CCCCC2)cc1,DIV-0171
O=C(NO)OCCc1ccnc(N2CCCCC2)c1,DIV-0210
O=C(NO)NCCC1CCC(Cc2ccccc2)C1,DIV-0214
O=C(CCCC1CCC(Nc2ccccc2)C1)NO,DIV-0215
O=C(CC12CC(N3CCCCC3)CCC1C2)NO,DIV-0220
O=C(CC1CCC(CC(=O)N2CCCC2)C1)NO,DIV-0225
O=C(NO)OCCC1CCC(C(=O)N2CCCCC2)C1,DIV-0233
O=C(O)c1ccc(-c2nnoc2C(F)(F)F)cc1,DIV-0235
COc1cc(OC)c2c(c1)OC(c1ccc(S(N)(=O)=O)cc1)C(CCc1ccc(O)cc1)C2=O,DIV-0241
O=C1NCCC1Sc1ccnc(-n2cc(C=Cc3ccc(O)cc3)c(=O)[nH]c2=O)n1,DIV-0242
COc1cc(OC)c2c(c1)OC(Cc1ccccc1)C(c1ccnc(SC3CCNC3=O)n1)C2=O,DIV-0243
c1ccc(-c2ccnc(Nc3nc4ccccc4s3)n2)cc1,DIV-0244
NS(=O)(=O)c1ccc(-c2ccnc(-c3ccc(S(N)(=O)=O)cc3)n2)cc1,DIV-0245
O=C1NCCC1Sc1nccc(-c2nccc(C3CCNC3=O)n2)n1,DIV-0246
CN1C(=O)C(Sc2ccnc(C3Oc4cc(O)ccc4CC3=O)n2)N=C1C(=O)O,DIV-0250
CN1C(=O)C(c2nccc(-c3ccnc(-c4ccc(O)c(O)c4)n3)n2)N=C1C(=O)O,DIV-0261
O=C1OC2CC3c4ccccc4CCN3CC2N1c1nccc(-c2ccc(O)c(O)c2)n1,DIV-0269
Oc1ccc(CCc2ccnc(-c3ccnc(Cc4ccccc4)n3)n2)cc1,DIV-0277
CN1C(=O)C(Nc2nc3ccccc3s2)N=C1C(=O)O,DIV-0291
O=C1Cc2ccc(O)cc2OC1Nc1nc2ccccc2s1,DIV-0310
COc1cc(OC)c2c(c1)OC(C1CNC(C(=O)O)C1)C(Nc1nc3ccccc3s1)C2=O,DIV-0314
O=C(O)C1CC(c2nccc(CCc3ccc(O)cc3)n2)CN1,DIV-0315
NS(=O)(=O)c1ccc(Cn2cc(C=Cc3ccc(O)cc3)c(=O)[nH]c2=O)cc1,DIV-0339
NS(=O)(=O)c1ccc(C2CNC(C(=O)O)C2)cc1,DIV-0354
CC1C(C(=O)O)=C(C(=O)O)N2C(=O)C(Sc3ccc(S(N)(=O)=O)cc3)C12,DIV-0385
CN1C(=O)C(SC2CCNC2=O)N=C1C(=O)O,DIV-0411
O=C1NCCC1SC1Oc2cc(O)ccc2CC1=O,DIV-0470
O=c1cc(Nc2nc3ccccc3s2)oc2cc(O)cc(O)c12,DIV-0473
C1=CC2=NCN3CCCCC3=NN2C=C1,NEW0636
c1cc(CCN2CCCCC2)c2nn[nH]c2c1,NEW0637
c1cc2ncnc-2n(CCN2CCCCC2)c1,NEW0638
c1cc(CCN2CCCC2)c2nn[nH]c2c1,NEW0639
c1cc2ncnc-2n(CCN2CCCC2)c1,NEW0640
C1=CC2=NCN3CCOCC3=NN2C=C1,NEW0641
c1cc(CCN2CCOCC2)c2nn[nH]c2c1,NEW0642
c1cc2ncnc-2n(CCN2CCOCC2)c1,NEW0643
C1=CC2=NCN3CCNCC3=NN2C=C1,NEW0644
c1cc(CCN2CCNCC2)c2nn[nH]c2c1,NEW0645
c1cc2ncnc-2n(CCN2CCNCC2)c1,NEW0646
CC1CN(CCc2cccc3[nH]nnc23)C1,NEW0647
CC1CN(CCn2cccc3ncnc2-3)C1,NEW0648
CN1CCN(CCn2cnc3c2C(=O)NC3=O)C1,NEW0649
O=C1NC(=O)c2c1ncn2CCN1CCCCC1,NEW0650
Cc1onnc1-c1ccc(C(=O)O)cc1,NEW0656
O=C(O)c1ccc(-c2nnoc2Cl)cc1,NEW0657
N#Cc1onnc1-c1ccc(C(=O)O)cc1,NEW0659
O=C(O)c1ccc(-c2nnoc2-c2ccccc2)cc1,NEW0660
O=C(O)c1ccc(-c2nnoc2-c2ccc(Cl)cc2)cc1,NEW0661
O=C(O)c1ccc(-c2nnoc2-c2ccncc2)cc1,NEW0662
COc1ccc(-c2onnc2-c2ccc(C(=O)O)cc2)cc1,NEW0663
Cc1cccc(-c2onnc2-c2ccc(C(=O)O)cc2)c1,NEW0664
Cc1cc(C(=O)O)ccc1-c1nn[nH]n1,NEW0665
Cc1ccc(-c2nn[nH]n2)c(C(=O)O)c1,NEW0666
CC12C3C(C(=O)N3C(=C1SC4CC(NC4)C(=O)O)C(=O)O)N2C(=O)C5=C(C(=C(C=N5)OC)OC)O,CTRL_Ceftobiprole
CC(C)(C=O)c1cc(C2=NOC(=N2)c3ccc4c(c3)OCC(=O)N4)ccc1O,AAB_TAN01
CCCC(=O)Nc1ccc(-c2nc(C3=CC=C(C(=O)O)C=C3)no2)cc1,AAB_TAN02
O=C(O)c1ccc(C2=NOC(=N2)c3ccc(NC(=O)c4ccco4)cc3)cc1,AAB_TAN03
O=C(Nc1ccc(-c2nc(C3=CC=C(O)C=C3)no2)cc1)c1ccccc1F,AAB_TAN04
CC1=CC(=O)C2=C(O1)C(=C(C3=C2C(=C(C(=C3)CC=C(C)C)O)O)O)O,AAB_MANG01
CC1OC(Oc2cc(-c3cc(=O)c4c(O)c(OC5OC(C)C(O)C(O)C5O)c(C(=O)O)cc4o3)ccc2O)C(O)C(O)C1O,AAB_RUTIN01
O=C(O)C(CN1CCCC1)C1C2CC3CC1CC(C2)C3,AAB_AA_ADA
O=C(O)C(CCN1CCCC1)C12CC(CC1)(CC2),AAB_AA_SPIRO
CC1C2C(C(=O)N2C(=C1SC3CC(NC3)C(=O)O)C(=O)O)(C)O,CTRL_Meropenem
CC12C3C(C(=O)N3C(=C1S)C(=O)O)N2C(=O)CC4=CC=CC=C4,CTRL_Imipenem
COc1cc(NC2C(=O)N3C2SC(C)(C)C3C(=O)O)ccc1O,DIV-0398
COc1cc(-n2c(=O)[nH]c3ccccc32)ccc1O,DIV-0399
COc1cc(OC2OC(C)C(O)C2O)ccc1O,DIV-0400
COc1cc(C2N=C(C(=O)O)N(C)C2=O)ccc1O,DIV-0401
COc1cc(-c2cc(=O)n3cc[nH]c3n2)ccc1O,DIV-0402
COc1cc(SC2=C(C(=O)O)C3SCC(C(=O)O)=C(C(=O)N4CCCC4)N3C2=O)ccc1O,DIV-0403
COc1cc(-c2nc(Nc3ccc(C#N)cc3)no2)ccc1O,DIV-0404
COc1cc(-c2nc(-c3ccc4oc(N5CCCC5)cc(=O)c4c3)no2)ccc1O,DIV-0405
COc1cc(-c2nc(-c3cc(C4OC(C)C(O)C4O)nn3C)no2)ccc1O,DIV-0406
COc1cc(Nc2ccc(-c3ccc(C(=O)O)cc3)cc2)ccc1O,DIV-0407
COc1cc(-c2cc(-c3cc(-c4ccc(N5CCCC5)cc4)n(C)n3)n(C)n2)ccc1O,DIV-0408
O=C(NO)C12CC(N3CCCCC3)CCC1C2,NEW0316
O=C(NO)c1ccc(CCN2CCCCC2)cc1,NEW0182
O=C(CCCc1ccc(CCc2ccccc2)cc1)NO,NEW0155
O=C(CCCCc1ccc(-c2ccccc2)cc1)NO,NEW0010
O=C(Cc1ccc(-c2ccccc2)cc1)NO,NEW0002
O=C(NO)OCCc1ccc(-c2ccsc2)cc1,NEW0053
O=C(CCc1ccc(-c2ccc(F)cc2)cc1)NO,NEW0039
O=C(CCCc1ccc(C(F)(F)F)cc1)NO,NEW0225
O=C(NO)OCCC1CCC(Nc2ccccc2)C1,NEW0308
O=C(NO)NCCc1ccc(C(F)(F)F)cc1,NEW0227
O=C(CCCc1ccc2[nH]ccc2c1)NO,NEW0131
O=C(CC1CCC(C(=O)N2CCCCC2)C1)NO,NEW0329
O=C(CC1CCNCC1c1ccccc1)NO,NEW0147
Nc1ccc(-c2ccc(CCNC(=O)NO)cc2)cc1,NEW0066
CC(C)Cc1ccc(CCOC(=O)NO)cc1,NEW0270
O=C(NO)OCCC1CCNCC1c1ccccc1,NEW0150
Cc1c(CCNC(=O)NO)ccc2ncccc12,NEW0118
Nc1ccc(-c2ccc(CC(=O)NO)cc2)cc1,NEW0062
N#Cc1ccc(-c2ccc(CCNC(=O)NO)cc2)cc1,NEW0072
O=C(NO)NCCCc1ccc2cccnc2c1,NEW0129
O=C(CCCc1ccc2sccc2c1)NO,NEW0137
CC(C)Oc1ccc(CCNC(=O)NO)cc1,NEW0266
O=C(CCCc1ccc(CCN2CCCCC2)cc1)NO,NEW0185
NCCc1ccc(CCOC(=O)NO)cc1,NEW0278
O=C(CCCc1ccc2ccccc2c1)NO,NEW0081
Cc1c(CCCC(=O)NO)ccc2ncccc12,NEW0116
N#Cc1ccc(CCNC(=O)NO)cc1,NEW0245
O=C(NO)NCCCc1ccc2ncccc2c1,NEW0112
O=C(NO)OCCC1CCC(Oc2ccccc2)C1,NEW0314
O=C(Cc1ccc2ccccc2c1)NO,NEW0079
O=C(CCc1ccc(CC(=O)N2CCCCC2)cc1)NO,NEW0172
Cc1cc(-c2ccccc2)ccc1CC(=O)NO,NEW0014
O=C(NO)c1ccc(-c2ccc(Cl)cc2)cc1,NEW0031
Cc1c(C(=O)NO)ccc2ncccc12,NEW0113
O=C(NO)NCCc1ccc(C(=O)c2ccccc2)cc1,NEW0193
COC(=O)c1ccc(CC(=O)NO)cc1,NEW0228
O=C(NO)NCCc1ccc(-c2ccccc2)cc1,NEW0006
O=C(CCC12CC(N3CCCCC3)CCC1C2)NO,NEW0318
Cc1c(CCOC(=O)NO)ccc2ncccc12,NEW0117
O=C(NO)c1ccc(-c2ccccc2)cc1,NEW0001
O=C(CCc1ccc(-c2ccccc2)cc1)NO,NEW0003
O=C(NO)OCCc1ccc(-c2ccccc2)cc1,NEW0005
O=C(NO)OCCCc1ccc(-c2ccccc2)cc1,NEW0011
O=C(NO)NCCCc1ccc(-c2ccccc2)cc1,NEW0012
Cc1cc(-c2ccccc2)ccc1C(=O)NO,NEW0013
Cc1cc(-c2ccccc2)ccc1CCC(=O)NO,NEW0015
Cc1cc(-c2ccccc2)ccc1CCCC(=O)NO,NEW0016
Cc1cc(-c2ccccc2)ccc1CCOC(=O)NO,NEW0017
Cc1cc(-c2ccccc2)ccc1CCNC(=O)NO,NEW0018
Cc1ccccc1-c1ccc(CC(=O)NO)cc1,NEW0019
Cc1ccccc1-c1ccc(CCC(=O)NO)cc1,NEW0020
Cc1ccccc1-c1ccc(CCCC(=O)NO)cc1,NEW0021
Cc1ccccc1-c1ccc(CCCCC(=O)NO)cc1,NEW0022
Cc1ccccc1-c1ccc(CCCOC(=O)NO)cc1,NEW0023
Cc1ccccc1-c1ccc(CCCNC(=O)NO)cc1,NEW0024
Cc1ccccc1-c1ccc(C(=O)NO)cc1,NEW0025
Cc1ccccc1-c1ccc(CCNC(=O)NO)cc1,NEW0030
O=C(Cc1ccc(-c2ccc(Cl)cc2)cc1)NO,NEW0032
O=C(CCc1ccc(-c2ccc(Cl)cc2)cc1)NO,NEW0033
O=C(CCCc1ccc(-c2ccc(Cl)cc2)cc1)NO,NEW0034
O=C(NO)OCCc1ccc(-c2ccc(Cl)cc2)cc1,NEW0035
O=C(NO)NCCc1ccc(-c2ccc(Cl)cc2)cc1,NEW0036
O=C(NO)c1ccc(-c2ccc(F)cc2)cc1,NEW0037
O=C(Cc1ccc(-c2ccc(F)cc2)cc1)NO,NEW0038
O=C(CCCc1ccc(-c2ccc(F)cc2)cc1)NO,NEW0040
O=C(NO)OCCc1ccc(-c2ccc(F)cc2)cc1,NEW0041
O=C(NO)NCCc1ccc(-c2ccc(F)cc2)cc1,NEW0042
O=C(NO)c1ccc(-c2ccncc2)cc1,NEW0043
O=C(Cc1ccc(-c2ccncc2)cc1)NO,NEW0044
O=C(CCc1ccc(-c2ccncc2)cc1)NO,NEW0045
O=C(CCCc1ccc(-c2ccncc2)cc1)NO,NEW0046
O=C(NO)OCCc1ccc(-c2ccncc2)cc1,NEW0047
O=C(NO)c1ccc(-c2ccsc2)cc1,NEW0049
O=C(Cc1ccc(-c2ccsc2)cc1)NO,NEW0050
O=C(CCc1ccc(-c2ccsc2)cc1)NO,NEW0051
O=C(CCCc1ccc(-c2ccsc2)cc1)NO,NEW0052
O=C(NO)NCCc1ccc(-c2ccsc2)cc1,NEW0054
O=C(NO)c1ccc(-c2ccoc2)cc1,NEW0055
O=C(Cc1ccc(-c2ccoc2)cc1)NO,NEW0056
O=C(CCc1ccc(-c2ccoc2)cc1)NO,NEW0057
O=C(CCCc1ccc(-c2ccoc2)cc1)NO,NEW0058
O=C(NO)OCCc1ccc(-c2ccoc2)cc1,NEW0059
O=C(NO)NCCc1ccc(-c2ccoc2)cc1,NEW0060
Nc1ccc(-c2ccc(C(=O)NO)cc2)cc1,NEW0061
Nc1ccc(-c2ccc(CCC(=O)NO)cc2)cc1,NEW0063
Nc1ccc(-c2ccc(CCCC(=O)NO)cc2)cc1,NEW0064
Nc1ccc(-c2ccc(CCOC(=O)NO)cc2)cc1,NEW0065
N#Cc1ccc(-c2ccc(C(=O)NO)cc2)cc1,NEW0067
N#Cc1ccc(-c2ccc(CC(=O)NO)cc2)cc1,NEW0068
N#Cc1ccc(-c2ccc(CCC(=O)NO)cc2)cc1,NEW0069
N#Cc1ccc(-c2ccc(CCCC(=O)NO)cc2)cc1,NEW0070
N#Cc1ccc(-c2ccc(CCOC(=O)NO)cc2)cc1,NEW0071
O=C(Cc1ccc(-c2ccc(C(F)(F)F)cc2)cc1)NO,NEW0074
O=C(CCc1ccc(-c2ccc(C(F)(F)F)cc2)cc1)NO,NEW0075
O=C(CCCc1ccc(-c2ccc(C(F)(F)F)cc2)cc1)NO,NEW0076
O=C(NO)OCCc1ccc(-c2ccc(C(F)(F)F)cc2)cc1,NEW0077
O=C(NO)NCCc1ccc(-c2ccc(C(F)(F)F)cc2)cc1,NEW0078
O=C(CCc1ccc2ccccc2c1)NO,NEW0080
O=C(NO)OCCc1ccc2ccccc2c1,NEW0082
O=C(NO)NCCc1ccc2ccccc2c1,NEW0083
O=C(CCCCc1ccc2ccccc2c1)NO,NEW0087
O=C(NO)OCCCc1ccc2ccccc2c1,NEW0088
O=C(NO)NCCCc1ccc2ccccc2c1,NEW0089
Cc1c(C(=O)NO)ccc2ccccc12,NEW0090
Cc1c(CC(=O)NO)ccc2ccccc12,NEW0091
Cc1c(CCC(=O)NO)ccc2ccccc12,NEW0092
Cc1c(CCCC(=O)NO)ccc2ccccc12,NEW0093
Cc1c(CCOC(=O)NO)ccc2ccccc12,NEW0094
Cc1c(CCNC(=O)NO)ccc2ccccc12,NEW0095
O=C(Cc1ccc2c(Cc3ccccc3)cccc2c1)NO,NEW0097
O=C(CCc1ccc2c(Cc3ccccc3)cccc2c1)NO,NEW0098
O=C(CCCc1ccc2c(Cc3ccccc3)cccc2c1)NO,NEW0099
O=C(NO)OCCc1ccc2c(Cc3ccccc3)cccc2c1,NEW0100
O=C(NO)NCCc1ccc2c(Cc3ccccc3)cccc2c1,NEW0101
O=C(Cc1ccc2ncccc2c1)NO,NEW0102
O=C(CCc1ccc2ncccc2c1)NO,NEW0103
O=C(CCCc1ccc2ncccc2c1)NO,NEW0104
O=C(NO)OCCc1ccc2ncccc2c1,NEW0105
O=C(NO)NCCc1ccc2ncccc2c1,NEW0106
O=C(CCCCc1ccc2ncccc2c1)NO,NEW0110
O=C(NO)OCCCc1ccc2ncccc2c1,NEW0111
Cc1c(CC(=O)NO)ccc2ncccc12,NEW0114
Cc1c(CCC(=O)NO)ccc2ncccc12,NEW0115
O=C(Cc1ccc2cccnc2c1)NO,NEW0119
O=C(CCc1ccc2cccnc2c1)NO,NEW0120
O=C(CCCc1ccc2cccnc2c1)NO,NEW0121
O=C(NO)OCCc1ccc2cccnc2c1,NEW0122
O=C(NO)NCCc1ccc2cccnc2c1,NEW0123
O=C(CCCCc1ccc2cccnc2c1)NO,NEW0127
O=C(NO)OCCCc1ccc2cccnc2c1,NEW0128
O=C(CCc1ccc2[nH]ccc2c1)NO,NEW0130
O=C(CCCCc1ccc2[nH]ccc2c1)NO,NEW0132
O=C(NO)OCCCc1ccc2[nH]ccc2c1,NEW0133
O=C(NO)NCCCc1ccc2[nH]ccc2c1,NEW0134
O=C(Cc1ccc2sccc2c1)NO,NEW0135
O=C(CCc1ccc2sccc2c1)NO,NEW0136
O=C(NO)OCCc1ccc2sccc2c1,NEW0138
O=C(NO)NCCc1ccc2sccc2c1,NEW0139
O=C(NO)C1CCCCC1c1ccccc1,NEW0140
O=C(CC1CCCCC1c1ccccc1)NO,NEW0141
O=C(CCC1CCCCC1c1ccccc1)NO,NEW0142
O=C(CCCC1CCCCC1c1ccccc1)NO,NEW0143
O=C(NO)NCCC1CCCCC1c1ccccc1,NEW0145
O=C(NO)C1CCNCC1c1ccccc1,NEW0146
O=C(CCC1CCNCC1c1ccccc1)NO,NEW0148
O=C(CCCC1CCNCC1c1ccccc1)NO,NEW0149
O=C(NO)NCCC1CCNCC1c1ccccc1,NEW0151
O=C(NO)c1ccc(CCc2ccccc2)cc1,NEW0152
O=C(Cc1ccc(CCc2ccccc2)cc1)NO,NEW0153
O=C(CCc1ccc(CCc2ccccc2)cc1)NO,NEW0154
O=C(NO)OCCc1ccc(CCc2ccccc2)cc1,NEW0156
O=C(NO)NCCc1ccc(CCc2ccccc2)cc1,NEW0157
O=C(NO)c1ccc(OCc2ccccc2)cc1,NEW0158
O=C(CCc1ccc(OCc2ccccc2)cc1)NO,NEW0160
O=C(CCCc1ccc(OCc2ccccc2)cc1)NO,NEW0161
O=C(NO)OCCc1ccc(OCc2ccccc2)cc1,NEW0162
O=C(NO)NCCc1ccc(OCc2ccccc2)cc1,NEW0163
O=C(NO)c1ccc(NCc2ccccc2)cc1,NEW0164
O=C(Cc1ccc(NCc2ccccc2)cc1)NO,NEW0165
O=C(CCc1ccc(NCc2ccccc2)cc1)NO,NEW0166
O=C(CCCc1ccc(NCc2ccccc2)cc1)NO,NEW0167
O=C(NO)OCCc1ccc(NCc2ccccc2)cc1,NEW0168
O=C(NO)NCCc1ccc(NCc2ccccc2)cc1,NEW0169
O=C(Cc1ccc(CC(=O)N2CCCCC2)cc1)NO,NEW0171
O=C(CCCc1ccc(CC(=O)N2CCCCC2)cc1)NO,NEW0173
O=C(NO)OCCc1ccc(CC(=O)N2CCCCC2)cc1,NEW0174
O=C(NO)NCCc1ccc(CC(=O)N2CCCCC2)cc1,NEW0175
O=C(NO)c1ccc(CN2CCCCC2)cc1,NEW0176
O=C(Cc1ccc(CN2CCCCC2)cc1)NO,NEW0177
O=C(CCc1ccc(CN2CCCCC2)cc1)NO,NEW0178
O=C(CCCc1ccc(CN2CCCCC2)cc1)NO,NEW0179
O=C(NO)OCCc1ccc(CN2CCCCC2)cc1,NEW0180
O=C(NO)NCCc1ccc(CN2CCCCC2)cc1,NEW0181
O=C(Cc1ccc(CCN2CCCCC2)cc1)NO,NEW0183
O=C(CCc1ccc(CCN2CCCCC2)cc1)NO,NEW0184
O=C(NO)OCCc1ccc(CCN2CCCCC2)cc1,NEW0186
O=C(NO)NCCc1ccc(CCN2CCCCC2)cc1,NEW0187
O=C(NO)c1ccc(C(=O)c2ccccc2)cc1,NEW0188
O=C(Cc1ccc(C(=O)c2ccccc2)cc1)NO,NEW0189
O=C(CCc1ccc(C(=O)c2ccccc2)cc1)NO,NEW0190
O=C(CCCc1ccc(C(=O)c2ccccc2)cc1)NO,NEW0191
O=C(NO)OCCc1ccc(C(=O)c2ccccc2)cc1,NEW0192
O=C(NO)c1ccc(C(=O)N2CCCCC2)cc1,NEW0194
O=C(Cc1ccc(C(=O)N2CCCCC2)cc1)NO,NEW0195
O=C(CCc1ccc(C(=O)N2CCCCC2)cc1)NO,NEW0196
O=C(CCCc1ccc(C(=O)N2CCCCC2)cc1)NO,NEW0197
O=C(NO)OCCc1ccc(C(=O)N2CCCCC2)cc1,NEW0198
O=C(NO)NCCc1ccc(C(=O)N2CCCCC2)cc1,NEW0199
O=C(NO)c1ccc(CCc2ccncc2)cc1,NEW0200
O=C(Cc1ccc(CCc2ccncc2)cc1)NO,NEW0201
O=C(CCc1ccc(CCc2ccncc2)cc1)NO,NEW0202
O=C(CCCc1ccc(CCc2ccncc2)cc1)NO,NEW0203
O=C(NO)OCCc1ccc(CCc2ccncc2)cc1,NEW0204
O=C(NO)NCCc1ccc(CCc2ccncc2)cc1,NEW0205
O=C(NO)c1ccc(CCc2ccsc2)cc1,NEW0206
O=C(Cc1ccc(CCc2ccsc2)cc1)NO,NEW0207
O=C(CCc1ccc(CCc2ccsc2)cc1)NO,NEW0208
O=C(CCCc1ccc(CCc2ccsc2)cc1)NO,NEW0209
O=C(NO)OCCc1ccc(CCc2ccsc2)cc1,NEW0210
O=C(NO)NCCc1ccc(CCc2ccsc2)cc1,NEW0211
O=C(NO)c1ccc(N2CCCCC2)cc1,NEW0216
O=C(NO)c1ccc(C(F)(F)F)cc1,NEW0222
O=C(Cc1ccc(C(F)(F)F)cc1)NO,NEW0223
O=C(CCc1ccc(C(F)(F)F)cc1)NO,NEW0224
O=C(NO)OCCc1ccc(C(F)(F)F)cc1,NEW0226
COC(=O)c1ccc(CCC(=O)NO)cc1,NEW0229
COC(=O)c1ccc(CCCC(=O)NO)cc1,NEW0230
COC(=O)c1ccc(CCOC(=O)NO)cc1,NEW0231
COC(=O)c1ccc(CCNC(=O)NO)cc1,NEW0232
CS(=O)(=O)c1ccc(C(=O)NO)cc1,NEW0233
CS(=O)(=O)c1ccc(CC(=O)NO)cc1,NEW0234
CS(=O)(=O)c1ccc(CCC(=O)NO)cc1,NEW0235
CS(=O)(=O)c1ccc(CCCC(=O)NO)cc1,NEW0236
CS(=O)(=O)c1ccc(CCOC(=O)NO)cc1,NEW0237
CS(=O)(=O)c1ccc(CCNC(=O)NO)cc1,NEW0238
O=C(CCCc1ccc(Cl)cc1)NO,NEW0239
O=C(CCCCc1ccc(Cl)cc1)NO,NEW0240
O=C(NO)OCCCc1ccc(Cl)cc1,NEW0241
O=C(NO)NCCCc1ccc(Cl)cc1,NEW0242
N#Cc1ccc(CCCC(=O)NO)cc1,NEW0243
N#Cc1ccc(CCOC(=O)NO)cc1,NEW0244
CC(C)c1ccc(CCC(=O)NO)cc1,NEW0246
CC(C)c1ccc(CCCC(=O)NO)cc1,NEW0247
CC(C)c1ccc(CCOC(=O)NO)cc1,NEW0248
CC(C)c1ccc(CCNC(=O)NO)cc1,NEW0249
CC(C)(C)c1ccc(CC(=O)NO)cc1,NEW0250
CC(C)(C)c1ccc(CCC(=O)NO)cc1,NEW0251
CC(C)(C)c1ccc(CCCC(=O)NO)cc1,NEW0252
CC(C)(C)c1ccc(CCOC(=O)NO)cc1,NEW0253
CC(C)(C)c1ccc(CCNC(=O)NO)cc1,NEW0254
COc1ccc(CCCC(=O)NO)cc1,NEW0255
COc1ccc(CCOC(=O)NO)cc1,NEW0256
COc1ccc(CCNC(=O)NO)cc1,NEW0257
CCOc1ccc(CCC(=O)NO)cc1,NEW0258
CCOc1ccc(CCCC(=O)NO)cc1,NEW0259
CCOc1ccc(CCOC(=O)NO)cc1,NEW0260
CCOc1ccc(CCNC(=O)NO)cc1,NEW0261
CC(C)Oc1ccc(CC(=O)NO)cc1,NEW0262
CC(C)Oc1ccc(CCC(=O)NO)cc1,NEW0263
CC(C)Oc1ccc(CCCC(=O)NO)cc1,NEW0264
CC(C)Oc1ccc(CCOC(=O)NO)cc1,NEW0265
CC(C)Cc1ccc(CC(=O)NO)cc1,NEW0267
CC(C)Cc1ccc(CCC(=O)NO)cc1,NEW0268
CC(C)Cc1ccc(CCCC(=O)NO)cc1,NEW0269
CC(C)Cc1ccc(CCNC(=O)NO)cc1,NEW0271
O=C(CCc1ccc(CCO)cc1)NO,NEW0272
O=C(CCCc1ccc(CCO)cc1)NO,NEW0273
O=C(NO)OCCc1ccc(CCO)cc1,NEW0274
O=C(NO)NCCc1ccc(CCO)cc1,NEW0275
NCCc1ccc(CCC(=O)NO)cc1,NEW0276
NCCc1ccc(CCCC(=O)NO)cc1,NEW0277
NCCc1ccc(CCNC(=O)NO)cc1,NEW0279
O=C(NO)c1ccnc(Cc2ccccc2)c1,NEW0280
O=C(Cc1ccnc(Cc2ccccc2)c1)NO,NEW0281
O=C(CCc1ccnc(Cc2ccccc2)c1)NO,NEW0282
O=C(CCCc1ccnc(Cc2ccccc2)c1)NO,NEW0283
O=C(NO)OCCc1ccnc(Cc2ccccc2)c1,NEW0284
O=C(NO)NCCc1ccnc(Cc2ccccc2)c1,NEW0285
O=C(NO)c1ccnc(N2CCCCC2)c1,NEW0286
O=C(Cc1ccnc(N2CCCCC2)c1)NO,NEW0287
O=C(CCc1ccnc(N2CCCCC2)c1)NO,NEW0288
O=C(CCCc1ccnc(N2CCCCC2)c1)NO,NEW0289
O=C(NO)NCCc1ccnc(N2CCCCC2)c1,NEW0291
O=C(NO)C1CCC(c2ccccc2)C1,NEW0292
O=C(CC1CCC(c2ccccc2)C1)NO,NEW0293
O=C(CCC1CCC(c2ccccc2)C1)NO,NEW0294
O=C(CCCC1CCC(c2ccccc2)C1)NO,NEW0295
O=C(NO)OCCC1CCC(c2ccccc2)C1,NEW0296
O=C(NO)NCCC1CCC(c2ccccc2)C1,NEW0297
O=C(NO)C1CCC(Cc2ccccc2)C1,NEW0298
O=C(CC1CCC(Cc2ccccc2)C1)NO,NEW0299
O=C(CCC1CCC(Cc2ccccc2)C1)NO,NEW0300
O=C(CCCC1CCC(Cc2ccccc2)C1)NO,NEW0301
O=C(NO)OCCC1CCC(Cc2ccccc2)C1,NEW0302
O=C(NO)C1CCC(Nc2ccccc2)C1,NEW0304
O=C(CC1CCC(Nc2ccccc2)C1)NO,NEW0305
O=C(CCC1CCC(Nc2ccccc2)C1)NO,NEW0306
O=C(NO)NCCC1CCC(Nc2ccccc2)C1,NEW0309
O=C(NO)C1CCC(Oc2ccccc2)C1,NEW0310
O=C(CC1CCC(Oc2ccccc2)C1)NO,NEW0311
O=C(CCC1CCC(Oc2ccccc2)C1)NO,NEW0312
O=C(CCCC1CCC(Oc2ccccc2)C1)NO,NEW0313
O=C(NO)NCCC1CCC(Oc2ccccc2)C1,NEW0315
O=C(CCCC12CC(N3CCCCC3)CCC1C2)NO,NEW0319
O=C(NO)OCCC12CC(N3CCCCC3)CCC1C2,NEW0320
O=C(NO)NCCC12CC(N3CCCCC3)CCC1C2,NEW0321
O=C(NO)C1CCC(CC(=O)N2CCCC2)C1,NEW0322
O=C(CCC1CCC(CC(=O)N2CCCC2)C1)NO,NEW0324
O=C(CCCC1CCC(CC(=O)N2CCCC2)C1)NO,NEW0325
O=C(NO)OCCC1CCC(CC(=O)N2CCCC2)C1,NEW0326
O=C(NO)NCCC1CCC(CC(=O)N2CCCC2)C1,NEW0327
O=C(NO)C1CCC(C(=O)N2CCCCC2)C1,NEW0328
O=C(CCC1CCC(C(=O)N2CCCCC2)C1)NO,NEW0330
O=C(CCCC1CCC(C(=O)N2CCCCC2)C1)NO,NEW0331
O=C(NO)NCCC1CCC(C(=O)N2CCCCC2)C1,NEW0333
O=C(O)c1cccc(C2=Nc3ccccc3N(C(=O)N3CCCC3)C(c3ccccc3)=N2)c1,DIV-0398
CC1OC(OC(=O)Cc2ccc(O)cc2)C(O)C1O,DIV-0399
CC1OC(OC2N=C(C(=O)O)N(C)C2=O)C(O)C1O,DIV-0401
CC1OC(Oc2cc(=O)n3cc[nH]c3n2)C(O)C1O,DIV-0402
CC1OC(Oc2nc(-n3c(=O)[nH]c4ccccc43)no2)C(O)C1O,DIV-0403
CC1OC(Oc2nc(-c3ccc(Nc4cc(N5CCCC5)nn4C)cc3)no2)C(O)C1O,DIV-0404
CC1OC(Oc2ccc3oc(Nc4ccc(C#N)cc4)cc(=O)c3c2)C(O)C1O,DIV-0405
CC1OC(Oc2cc(=O)c3cc(-c4cc(-c5ccccc5)n(C)n4)ccc3o2)C(O)C1O,DIV-0406
CCCC(=O)N(c1ccc(OC2OC(C)C(O)C2O)cc1)c1ccc(-c2ccc(F)cc2)cc1,DIV-0407
CC1OC(Oc2ccc(Nc3noc(-c4ccccc4)n3)cc2)C(O)C1O,DIV-0408
CC1(C)SC2C(NC(=O)Cc3cccc(F)c3)C(=O)N2C1C(=O)O,LIB-0173
CC1(C)SC2C(NC(=O)Cc3ccc(Br)cc3)C(=O)N2C1C(=O)O,LIB-0174
O=c1c(O)c(-c2ccccc2)oc2cc(O)cc(O)c12,LIB-0180
CC(=O)Nc1ccc(S(=O)(=O)N2CCN(c3ncccn3)CC2)cc1,AAB_HET04
O=c1cc(-c2ccccc2)nc2[nH]ccn12,AAB_HET02
Cc1ccc(NC(=O)N2C(c3ccccc3)=NC(c3cccc(C(=O)O)c3)=Nc3ccccc32)cc1,LIB-0284
O=c1[nH]c2ccccc2n1-c1ccccc1O,LIB-0684
N#Cc1ccc(NC(=O)N2C(c3cccs3)=NC(c3cccc(C(=O)O)c3)=Nc3ccccc32)cc1,LIB-0689
O=c1[nH]c(=O)n(Cc2ccccc2)c2ccccc12,LIB-0690
O=c1[nH]c2ccccc2n1-c1ccccc1,SEED-01146
O=C(Nc1ccc2sc(-c3ccccc3)nc2c1)Nc1ccccc1,SEED-01147
O=c1[nH]c2ncc(-c3ccccc3)cc2n1Cc1ccccc1,SEED-01148
O=S(=O)(Nc1ccc(-c2ccccc2)cc1)c1cc(-c2ccccc2)[nH]n1,SEED-01149
O=c1[nH]c(=O)n(Cc2ccc(-c3ccccc3)cc2)c2ccccc12,SEED-01150
O=c1[nH]c(=O)n(-c2ccccc2)c2ccccc12,BRICS-01151
O=c1[nH]c(=O)n(-c2ccc(O)cc2)c2ccccc12,BRICS-01152
O=C(O)c1ccc(-n2c(=O)[nH]c(=O)c3ccccc32)cc1,BRICS-01153
O=c1[nH]c(=O)n(Cn2c(=O)[nH]c(=O)c3ccccc32)c2ccccc12,BRICS-01154
O=c1[nH]c(=O)n(Cc2ccc(Cc3ccccc3)cc2)c2ccccc12,BRICS-01155
O=c1[nH]c(=O)n(Cc2ccc(Cn3c(=O)[nH]c(=O)c4ccccc43)cc2)c2ccccc12,BRICS-01156
O=C(O)c1cccc(C2=Nc3ccccc3N(c3ccc(Cn4c(=O)[nH]c(=O)c5ccccc54)cc3)C(c3ccccc3)=N2)c1,BRICS-01157
N#Cc1ccc(Nc2ccc(Cn3c(=O)[nH]c(=O)c4ccccc43)cc2)cc1,BRICS-01158
O=c1[nH]c(=O)n(Cc2ccc(Nc3ccccc3)cc2)c2ccccc12,BRICS-01159
O=c1[nH]c(=O)n(Cc2ccc(-c3ccc(O)cc3)cc2)c2ccccc12,BRICS-01160
O=C(O)c1ccc(-c2ccc(Cn3c(=O)[nH]c(=O)c4ccccc43)cc2)cc1,BRICS-01161
O=c1[nH]c(=O)n(Cc2ccc(-n3c(=O)[nH]c(=O)c4ccccc43)cc2)c2ccccc12,BRICS-01162
O=c1[nH]c(=O)n(Cc2ccc(-n3c(=O)[nH]c4ccccc43)cc2)c2ccccc12,BRICS-01163
O=c1[nH]c(=O)n(Cc2ccc(-c3cnc4[nH]c(=O)n(Cc5ccccc5)c4c3)cc2)c2ccccc12,BRICS-01164
O=c1[nH]c(=O)n(Cc2ccc(-c3cnc4[nH]c(=O)n(Cc5ccc(O)cc5)c4c3)cc2)c2ccccc12,BRICS-01165
O=C(O)c1ccc(Cn2c(=O)[nH]c3ncc(-c4ccc(Cn5c(=O)[nH]c(=O)c6ccccc65)cc4)cc32)cc1,BRICS-01166
O=c1[nH]c(=O)n(Cc2ccc(-c3cnc4[nH]c(=O)n(Cn5c(=O)[nH]c(=O)c6ccccc65)c4c3)cc2)c2ccccc12,BRICS-01167
O=c1[nH]c(=O)n(Cc2ccc(-c3cnc4[nH]c(=O)n(Cn5c(=O)[nH]c6ccccc65)c4c3)cc2)c2ccccc12,BRICS-01168
O=c1[nH]c(=O)n(Cc2ccc(-c3cnc4[nH]c(=O)n(Cc5ccc(-c6ccccc6)cc5)c4c3)cc2)c2ccccc12,BRICS-01169
O=c1[nH]c(=O)n(Cc2ccc(-c3cnc4[nH]c(=O)n(Cc5ccc(-c6ccc(O)cc6)cc5)c4c3)cc2)c2ccccc12,BRICS-01170
O=C(O)c1ccc(-c2ccc(Cn3c(=O)[nH]c4ncc(-c5ccc(Cn6c(=O)[nH]c(=O)c7ccccc76)cc5)cc43)cc2)cc1,BRICS-01171
O=c1[nH]c(=O)n(Cc2ccc(-c3cnc4[nH]c(=O)n(Cc5ccc(Cc6ccccc6)cc5)c4c3)cc2)c2ccccc12,BRICS-01172
O=c1[nH]c(=O)n(Cc2ccc(Cn3c(=O)[nH]c4ncc(-c5ccc(Cn6c(=O)[nH]c(=O)c7ccccc76)cc5)cc43)cc2)c2ccccc12,BRICS-01173
O=c1[nH]c(=O)n(Cc2ccc(-c3cnc4[nH]c(=O)n(Cc5ccc(-n6c(=O)[nH]c(=O)c7ccccc76)cc5)c4c3)cc2)c2ccccc12,BRICS-01174
O=c1[nH]c(=O)n(Cc2ccc(-c3cnc4[nH]c(=O)n(Cc5ccc(-n6c(=O)[nH]c7ccccc76)cc5)c4c3)cc2)c2ccccc12,BRICS-01175
N#Cc1ccc(Nc2ccc(Cn3c(=O)[nH]c4ncc(-c5ccc(Cn6c(=O)[nH]c(=O)c7ccccc76)cc5)cc43)cc2)cc1,BRICS-01176
O=c1[nH]c(=O)n(Cc2ccc(-c3cnc4[nH]c(=O)n(Cc5ccc(Nc6ccccc6)cc5)c4c3)cc2)c2ccccc12,BRICS-01177
O=c1[nH]c(=O)n(Cc2ccc(-c3cnc4[nH]c(=O)n(Cc5cnc6[nH]c(=O)n(Cc7ccccc7)c6c5)c4c3)cc2)c2ccccc12,BRICS-01178
O=c1[nH]c(=O)n(Cc2ccc(-c3cnc4[nH]c(=O)n(Cc5cnc6[nH]c(=O)n(Cc7ccc(O)cc7)c6c5)c4c3)cc2)c2ccccc12,BRICS-01179
O=c1[nH]c(=O)n(Cc2ccc(-c3cnc4[nH]c(=O)n(Cn5c(=O)[nH]c6ncc(-c7ccccc7)cc65)c4c3)cc2)c2ccccc12,BRICS-01180
O=c1[nH]c(=O)n(Cc2ccc(-c3cnc4[nH]c(=O)n(Cn5c(=O)[nH]c6ncc(-c7ccc(O)cc7)cc65)c4c3)cc2)c2ccccc12,BRICS-01181
O=c1[nH]c(=O)n(Cc2ccc(-c3cnc4[nH]c(=O)n(Cn5c(=O)[nH]c6ncc(Cc7ccccc7)cc65)c4c3)cc2)c2ccccc12,BRICS-01182
N#Cc1ccc(Nc2cnc3[nH]c(=O)n(Cn4c(=O)[nH]c5ncc(-c6ccc(Cn7c(=O)[nH]c(=O)c8ccccc87)cc6)cc54)c3c2)cc1,BRICS-01183
O=c1[nH]c(=O)n(Cc2ccc(-c3cnc4[nH]c(=O)n(Cn5c(=O)[nH]c6ncc(Nc7ccccc7)cc65)c4c3)cc2)c2ccccc12,BRICS-01184
O=C(NS(=O)(=O)c1cc(Cn2c(=O)[nH]c3ncc(-c4ccc(Cn5c(=O)[nH]c(=O)c6ccccc65)cc4)cc32)[nH]n1)c1ccco1,BRICS-01185
O=C(NS(=O)(=O)c1cc(Cn2c(=O)[nH]c3ncc(-c4ccc(Cn5c(=O)[nH]c(=O)c6ccccc65)cc4)cc32)[nH]n1)c1ccccc1,BRICS-01186
O=c1[nH]c(=O)n(Cc2ccc(-c3cnc4[nH]c(=O)n(Cc5cc(S(=O)(=O)Nc6ccccc6)n[nH]5)c4c3)cc2)c2ccccc12,BRICS-01187
O=c1[nH]c(=O)n(Cc2ccc(-c3cnc4[nH]c(=O)n(Cc5cc(S(=O)(=O)Nc6ccc(O)cc6)n[nH]5)c4c3)cc2)c2ccccc12,BRICS-01188
O=C(Nc1ccc2sc(Cn3c(=O)[nH]c4ncc(-c5ccc(Cn6c(=O)[nH]c(=O)c7ccccc76)cc5)cc43)nc2c1)c1ccco1,BRICS-01189
O=c1[nH]c(=O)n(Cc2ccc(-c3cnc4[nH]c(=O)n(Cc5nc6cc(Nc7ccccc7)ccc6s5)c4c3)cc2)c2ccccc12,BRICS-01190
O=c1[nH]c(=O)n(Cc2ccc(-c3cnc4[nH]c(=O)n(Cc5nc6cc(Nc7ccc(O)cc7)ccc6s5)c4c3)cc2)c2ccccc12,BRICS-01191
O=c1[nH]c(=O)n(Cc2ccc(-c3cnc4[nH]c(=O)n(Cc5ccc(Cc6ccc(O)cc6)cc5)c4c3)cc2)c2ccccc12,BRICS-01192
O=C(O)c1ccc(Cc2ccc(Cn3c(=O)[nH]c4ncc(-c5ccc(Cn6c(=O)[nH]c(=O)c7ccccc76)cc5)cc43)cc2)cc1,BRICS-01193
O=c1[nH]c(=O)n(Cc2ccc(-c3cnc4[nH]c(=O)n(Cc5ccc(Cn6c(=O)[nH]c7ccccc76)cc5)c4c3)cc2)c2ccccc12,BRICS-01194
O=c1[nH]c(=O)n(Cc2ccc(-c3cnc4[nH]c(=O)n(Cc5cnc6[nH]c(=O)n(-c7ccccc7)c6c5)c4c3)cc2)c2ccccc12,BRICS-01195
O=c1[nH]c(=O)n(Cc2ccc(-c3cnc4[nH]c(=O)n(Cc5cnc6[nH]c(=O)n(-c7ccc(O)cc7)c6c5)c4c3)cc2)c2ccccc12,BRICS-01196
O=C(Nc1ccc(Cn2c(=O)[nH]c3ncc(-c4ccc(Cn5c(=O)[nH]c(=O)c6ccccc65)cc4)cc32)cc1)c1ccco1,BRICS-01197
O=C(Nc1ccccc1)Nc1ccc(Cn2c(=O)[nH]c3ncc(-c4ccc(Cn5c(=O)[nH]c(=O)c6ccccc65)cc4)cc32)cc1,BRICS-01198
O=C(Nc1ccc(Cn2c(=O)[nH]c3ncc(-c4ccc(Cn5c(=O)[nH]c(=O)c6ccccc65)cc4)cc32)cc1)c1ccccc1,BRICS-01199
N#Cc1ccc(NC(=O)Nc2ccc(Cn3c(=O)[nH]c4ncc(-c5ccc(Cn6c(=O)[nH]c(=O)c7ccccc76)cc5)cc43)cc2)cc1,BRICS-01200
O=c1[nH]c(=O)n(Cc2ccc(-c3cnc4[nH]c(=O)n(Cc5ccc(Nc6ccc(O)cc6)cc5)c4c3)cc2)c2ccccc12,BRICS-01201
O=C(O)c1ccc(Nc2ccc(Cn3c(=O)[nH]c4ncc(-c5ccc(Cn6c(=O)[nH]c(=O)c7ccccc76)cc5)cc43)cc2)cc1,BRICS-01202
N#Cc1ccc(NS(=O)(=O)c2cc(Cn3c(=O)[nH]c4ncc(-c5ccc(Cn6c(=O)[nH]c(=O)c7ccccc76)cc5)cc43)[nH]n2)cc1,BRICS-01203
N#Cc1ccc(Nc2nc(Cn3c(=O)[nH]c4ncc(-c5ccc(Cn6c(=O)[nH]c(=O)c7ccccc76)cc5)cc43)no2)cc1,BRICS-01204
O=c1[nH]c(=O)n(Cc2ccc(-c3cnc4[nH]c(=O)n(Cc5noc(Nc6ccccc6)n5)c4c3)cc2)c2ccccc12,BRICS-01205
O=c1[nH]c(=O)n(Cc2ccc(-c3cnc4[nH]c(=O)n(Cc5noc(Cc6ccccc6)n5)c4c3)cc2)c2ccccc12,BRICS-01206
O=c1[nH]c(=O)n(Cc2ccc(-c3cnc4[nH]c(=O)n(Cc5noc(Cn6c(=O)[nH]c(=O)c7ccccc76)n5)c4c3)cc2)c2ccccc12,BRICS-01207
O=c1[nH]c(=O)n(Cc2ccc(-c3cnc4[nH]c(=O)n(Cc5noc(-c6ccccc6)n5)c4c3)cc2)c2ccccc12,BRICS-01208
O=c1[nH]c(=O)n(Cc2ccc(-c3cnc4[nH]c(=O)n(Cc5noc(-c6ccc(O)cc6)n5)c4c3)cc2)c2ccccc12,BRICS-01209
O=C(O)c1ccc(-c2nc(Cn3c(=O)[nH]c4ncc(-c5ccc(Cn6c(=O)[nH]c(=O)c7ccccc76)cc5)cc43)no2)cc1,BRICS-01210
O=c1[nH]c(=O)n(Cc2ccc(-c3cnc4[nH]c(=O)n(Cc5noc(-n6c(=O)[nH]c(=O)c7ccccc76)n5)c4c3)cc2)c2ccccc12,BRICS-01211
O=c1[nH]c(=O)n(Cc2ccc(-c3cnc4[nH]c(=O)n(Cc5noc(-n6c(=O)[nH]c7ccccc76)n5)c4c3)cc2)c2ccccc12,BRICS-01212
N#Cc1ccc(Nc2noc(Cn3c(=O)[nH]c4ncc(-c5ccc(Cn6c(=O)[nH]c(=O)c7ccccc76)cc5)cc43)n2)cc1,BRICS-01213
O=c1[nH]c(=O)n(Cc2ccc(-c3cnc4[nH]c(=O)n(Cc5nc(Nc6ccccc6)no5)c4c3)cc2)c2ccccc12,BRICS-01214
O=c1[nH]c(=O)n(Cc2ccc(-c3cnc4[nH]c(=O)n(Cc5nc(Cc6ccccc6)no5)c4c3)cc2)c2ccccc12,BRICS-01215
O=c1[nH]c(=O)n(Cc2ccc(-c3cnc4[nH]c(=O)n(Cc5nc(Cn6c(=O)[nH]c(=O)c7ccccc76)no5)c4c3)cc2)c2ccccc12,BRICS-01216
O=c1[nH]c(=O)n(Cc2ccc(-c3cnc4[nH]c(=O)n(Cc5nc(-c6ccccc6)no5)c4c3)cc2)c2ccccc12,BRICS-01217
O=c1[nH]c(=O)n(Cc2ccc(-c3cnc4[nH]c(=O)n(Cc5nc(-c6ccc(O)cc6)no5)c4c3)cc2)c2ccccc12,BRICS-01218
O=C(O)c1ccc(-c2noc(Cn3c(=O)[nH]c4ncc(-c5ccc(Cn6c(=O)[nH]c(=O)c7ccccc76)cc5)cc43)n2)cc1,BRICS-01219
O=c1[nH]c(=O)n(Cc2ccc(-c3cnc4[nH]c(=O)n(Cc5nc(-n6c(=O)[nH]c(=O)c7ccccc76)no5)c4c3)cc2)c2ccccc12,BRICS-01220
O=c1[nH]c(=O)n(Cc2ccc(-c3cnc4[nH]c(=O)n(Cc5nc(-n6c(=O)[nH]c7ccccc76)no5)c4c3)cc2)c2ccccc12,BRICS-01221
O=C(NS(=O)(=O)c1cc(-c2ccc(Cn3c(=O)[nH]c(=O)c4ccccc43)cc2)[nH]n1)c1ccco1,BRICS-01222
O=C(Nc1ccccc1)NS(=O)(=O)c1cc(-c2ccc(Cn3c(=O)[nH]c(=O)c4ccccc43)cc2)[nH]n1,BRICS-01223
O=C(NS(=O)(=O)c1cc(-c2ccc(Cn3c(=O)[nH]c(=O)c4ccccc43)cc2)[nH]n1)c1ccccc1,BRICS-01224
N#Cc1ccc(NC(=O)NS(=O)(=O)c2cc(-c3ccc(Cn4c(=O)[nH]c(=O)c5ccccc54)cc3)[nH]n2)cc1,BRICS-01225
O=c1[nH]c(=O)n(Cc2ccc(-c3cc(S(=O)(=O)Nc4ccccc4)n[nH]3)cc2)c2ccccc12,BRICS-01226
O=c1[nH]c(=O)n(Cc2ccc(-c3cc(S(=O)(=O)Nc4ccc(O)cc4)n[nH]3)cc2)c2ccccc12,BRICS-01227
O=C(O)c1ccc(NS(=O)(=O)c2cc(-c3ccc(Cn4c(=O)[nH]c(=O)c5ccccc54)cc3)[nH]n2)cc1,BRICS-01228
O=c1[nH]c(=O)n(Cc2ccc(-c3cc(S(=O)(=O)Nc4cnc5[nH]c(=O)n(Cc6ccccc6)c5c4)n[nH]3)cc2)c2ccccc12,BRICS-01229
O=c1[nH]c(=O)n(Cc2ccc(-c3cc(S(=O)(=O)Nc4cnc5[nH]c(=O)n(Cc6ccc(O)cc6)c5c4)n[nH]3)cc2)c2ccccc12,BRICS-01230
O=c1[nH]c(=O)n(Cc2ccc(-c3cc(S(=O)(=O)Nc4ccc(-n5c(=O)[nH]c(=O)c6ccccc65)cc4)n[nH]3)cc2)c2ccccc12,BRICS-01231
O=c1[nH]c(=O)n(Cc2ccc(-c3cc(S(=O)(=O)Nc4ccc(-n5c(=O)[nH]c6ccccc65)cc4)n[nH]3)cc2)c2ccccc12,BRICS-01232
O=c1[nH]c(=O)n(Cc2ccc(-c3cc(S(=O)(=O)Nc4ccc(-c5ccccc5)cc4)n[nH]3)cc2)c2ccccc12,BRICS-01233
O=c1[nH]c(=O)n(Cc2ccc(-c3cc(S(=O)(=O)Nc4ccc(-c5ccc(O)cc5)cc4)n[nH]3)cc2)c2ccccc12,BRICS-01234
O=C(O)c1ccc(-c2ccc(NS(=O)(=O)c3cc(-c4ccc(Cn5c(=O)[nH]c(=O)c6ccccc65)cc4)[nH]n3)cc2)cc1,BRICS-01235
O=c1[nH]c(=O)n(Cc2ccc(-c3cc(S(=O)(=O)Nc4ccc(Cc5ccccc5)cc4)n[nH]3)cc2)c2ccccc12,BRICS-01236
O=c1[nH]c(=O)n(Cc2ccc(NS(=O)(=O)c3cc(-c4ccc(Cn5c(=O)[nH]c(=O)c6ccccc65)cc4)[nH]n3)cc2)c2ccccc12,BRICS-01237
N#Cc1ccc(Nc2ccc(NS(=O)(=O)c3cc(-c4ccc(Cn5c(=O)[nH]c(=O)c6ccccc65)cc4)[nH]n3)cc2)cc1,BRICS-01238
O=c1[nH]c(=O)n(Cc2ccc(-c3cc(S(=O)(=O)Nc4ccc(Nc5ccccc5)cc4)n[nH]3)cc2)c2ccccc12,BRICS-01239
O=c1[nH]c(=O)n(Cc2ccc(-c3cc(S(=O)(=O)NS(=O)(=O)c4cc(Cc5ccccc5)[nH]n4)n[nH]3)cc2)c2ccccc12,BRICS-01240
O=c1[nH]c(=O)n(Cc2ccc(-c3cc(S(=O)(=O)NS(=O)(=O)c4cc(-c5ccccc5)[nH]n4)n[nH]3)cc2)c2ccccc12,BRICS-01241
O=c1[nH]c(=O)n(Cc2ccc(-c3cc(S(=O)(=O)NS(=O)(=O)c4cc(-c5ccc(O)cc5)[nH]n4)n[nH]3)cc2)c2ccccc12,BRICS-01242
O=C(O)c1ccc(-c2cc(S(=O)(=O)NS(=O)(=O)c3cc(-c4ccc(Cn5c(=O)[nH]c(=O)c6ccccc65)cc4)[nH]n3)n[nH]2)cc1,BRICS-01243
N#Cc1ccc(Nc2cc(S(=O)(=O)NS(=O)(=O)c3cc(-c4ccc(Cn5c(=O)[nH]c(=O)c6ccccc65)cc4)[nH]n3)n[nH]2)cc1,BRICS-01244
O=c1[nH]c(=O)n(Cc2ccc(-c3cc(S(=O)(=O)NS(=O)(=O)c4cc(Nc5ccccc5)[nH]n4)n[nH]3)cc2)c2ccccc12,BRICS-01245
O=c1[nH]c(=O)n(Cc2ccc(-c3cc(S(=O)(=O)Nc4ccc(Cn5c(=O)[nH]c6ccccc65)cc4)n[nH]3)cc2)c2ccccc12,BRICS-01246
O=c1[nH]c(=O)n(Cc2ccc(-c3cc(S(=O)(=O)Nc4ccc(Cc5ccc(O)cc5)cc4)n[nH]3)cc2)c2ccccc12,BRICS-01247
O=C(O)c1ccc(Cc2ccc(NS(=O)(=O)c3cc(-c4ccc(Cn5c(=O)[nH]c(=O)c6ccccc65)cc4)[nH]n3)cc2)cc1,BRICS-01248
O=C(NS(=O)(=O)c1cc(NS(=O)(=O)c2cc(-c3ccc(Cn4c(=O)[nH]c(=O)c5ccccc54)cc3)[nH]n2)[nH]n1)c1ccco1,BRICS-01249
O=C(NS(=O)(=O)c1cc(NS(=O)(=O)c2cc(-c3ccc(Cn4c(=O)[nH]c(=O)c5ccccc54)cc3)[nH]n2)[nH]n1)c1ccccc1,BRICS-01250
O=c1[nH]c(=O)n(Cc2ccc(-c3cc(S(=O)(=O)Nc4cc(S(=O)(=O)Nc5ccccc5)n[nH]4)n[nH]3)cc2)c2ccccc12,BRICS-01251
O=c1[nH]c(=O)n(Cc2ccc(-c3cc(S(=O)(=O)Nc4cc(S(=O)(=O)Nc5ccc(O)cc5)n[nH]4)n[nH]3)cc2)c2ccccc12,BRICS-01252
O=c1[nH]c(=O)n(Cc2ccc(-c3cc(S(=O)(=O)Nc4nc(Cc5ccccc5)no4)n[nH]3)cc2)c2ccccc12,BRICS-01253
O=c1[nH]c(=O)n(Cc2ccc(-c3cc(S(=O)(=O)Nc4nc(Cn5c(=O)[nH]c(=O)c6ccccc65)no4)n[nH]3)cc2)c2ccccc12,BRICS-01254
O=c1[nH]c(=O)n(Cc2ccc(-c3cc(S(=O)(=O)Nc4nc(-c5ccccc5)no4)n[nH]3)cc2)c2ccccc12,BRICS-01255
O=c1[nH]c(=O)n(Cc2ccc(-c3cc(S(=O)(=O)Nc4nc(-c5ccc(O)cc5)no4)n[nH]3)cc2)c2ccccc12,BRICS-01256
O=C(O)c1ccc(-c2noc(NS(=O)(=O)c3cc(-c4ccc(Cn5c(=O)[nH]c(=O)c6ccccc65)cc4)[nH]n3)n2)cc1,BRICS-01257
N#Cc1ccc(Nc2noc(NS(=O)(=O)c3cc(-c4ccc(Cn5c(=O)[nH]c(=O)c6ccccc65)cc4)[nH]n3)n2)cc1,BRICS-01258
O=c1[nH]c(=O)n(Cc2ccc(-c3cc(S(=O)(=O)Nc4nc(Nc5ccccc5)no4)n[nH]3)cc2)c2ccccc12,BRICS-01259
O=c1[nH]c(=O)n(Cc2ccc(-c3cc(S(=O)(=O)Nc4nc(-n5c(=O)[nH]c(=O)c6ccccc65)no4)n[nH]3)cc2)c2ccccc12,BRICS-01260
O=c1[nH]c(=O)n(Cc2ccc(-c3cc(S(=O)(=O)Nc4nc(-n5c(=O)[nH]c6ccccc65)no4)n[nH]3)cc2)c2ccccc12,BRICS-01261
O=C(Nc1ccc(NS(=O)(=O)c2cc(-c3ccc(Cn4c(=O)[nH]c(=O)c5ccccc54)cc3)[nH]n2)cc1)c1ccco1,BRICS-01262
O=C(Nc1ccccc1)Nc1ccc(NS(=O)(=O)c2cc(-c3ccc(Cn4c(=O)[nH]c(=O)c5ccccc54)cc3)[nH]n2)cc1,BRICS-01263
O=C(Nc1ccc(NS(=O)(=O)c2cc(-c3ccc(Cn4c(=O)[nH]c(=O)c5ccccc54)cc3)[nH]n2)cc1)c1ccccc1,BRICS-01264
N#Cc1ccc(NC(=O)Nc2ccc(NS(=O)(=O)c3cc(-c4ccc(Cn5c(=O)[nH]c(=O)c6ccccc65)cc4)[nH]n3)cc2)cc1,BRICS-01265
O=c1[nH]c(=O)n(Cc2ccc(-c3cc(S(=O)(=O)Nc4ccc(Nc5ccc(O)cc5)cc4)n[nH]3)cc2)c2ccccc12,BRICS-01266
O=C(O)c1ccc(Nc2ccc(NS(=O)(=O)c3cc(-c4ccc(Cn5c(=O)[nH]c(=O)c6ccccc65)cc4)[nH]n3)cc2)cc1,BRICS-01267
O=c1[nH]c(=O)n(Cc2ccc(-c3cc(S(=O)(=O)Nc4noc(Cc5ccccc5)n4)n[nH]3)cc2)c2ccccc12,BRICS-01268
O=c1[nH]c(=O)n(Cc2ccc(-c3cc(S(=O)(=O)Nc4noc(Cn5c(=O)[nH]c(=O)c6ccccc65)n4)n[nH]3)cc2)c2ccccc12,BRICS-01269
O=c1[nH]c(=O)n(Cc2ccc(-c3cc(S(=O)(=O)Nc4noc(-c5ccccc5)n4)n[nH]3)cc2)c2ccccc12,BRICS-01270
O=c1[nH]c(=O)n(Cc2ccc(-c3cc(S(=O)(=O)Nc4noc(-c5ccc(O)cc5)n4)n[nH]3)cc2)c2ccccc12,BRICS-01271
O=C(O)c1ccc(-c2nc(NS(=O)(=O)c3cc(-c4ccc(Cn5c(=O)[nH]c(=O)c6ccccc65)cc4)[nH]n3)no2)cc1,BRICS-01272
N#Cc1ccc(Nc2nc(NS(=O)(=O)c3cc(-c4ccc(Cn5c(=O)[nH]c(=O)c6ccccc65)cc4)[nH]n3)no2)cc1,BRICS-01273
O=c1[nH]c(=O)n(Cc2ccc(-c3cc(S(=O)(=O)Nc4noc(Nc5ccccc5)n4)n[nH]3)cc2)c2ccccc12,BRICS-01274
O=c1[nH]c(=O)n(Cc2ccc(-c3cc(S(=O)(=O)Nc4noc(-n5c(=O)[nH]c(=O)c6ccccc65)n4)n[nH]3)cc2)c2ccccc12,BRICS-01275
O=c1[nH]c(=O)n(Cc2ccc(-c3cc(S(=O)(=O)Nc4noc(-n5c(=O)[nH]c6ccccc65)n4)n[nH]3)cc2)c2ccccc12,BRICS-01276
O=c1[nH]c(=O)n(Cc2ccc(-c3cc(S(=O)(=O)Nc4cnc5[nH]c(=O)n(-c6ccccc6)c5c4)n[nH]3)cc2)c2ccccc12,BRICS-01277
O=c1[nH]c(=O)n(Cc2ccc(-c3cc(S(=O)(=O)Nc4cnc5[nH]c(=O)n(-c6ccc(O)cc6)c5c4)n[nH]3)cc2)c2ccccc12,BRICS-01278
O=C(Nc1ccc2sc(NS(=O)(=O)c3cc(-c4ccc(Cn5c(=O)[nH]c(=O)c6ccccc65)cc4)[nH]n3)nc2c1)c1ccco1,BRICS-01279
O=C(Nc1ccc2sc(NS(=O)(=O)c3cc(-c4ccc(Cn5c(=O)[nH]c(=O)c6ccccc65)cc4)[nH]n3)nc2c1)c1ccccc1,BRICS-01280
O=c1[nH]c(=O)n(Cc2ccc(-c3cc(S(=O)(=O)Nc4nc5cc(Nc6ccccc6)ccc5s4)n[nH]3)cc2)c2ccccc12,BRICS-01281
O=c1[nH]c(=O)n(Cc2ccc(-c3cc(S(=O)(=O)Nc4nc5cc(Nc6ccc(O)cc6)ccc5s4)n[nH]3)cc2)c2ccccc12,BRICS-01282
N#Cc1ccc(NS(=O)(=O)c2cc(NS(=O)(=O)c3cc(-c4ccc(Cn5c(=O)[nH]c(=O)c6ccccc65)cc4)[nH]n3)[nH]n2)cc1,BRICS-01283
O=C(Nc1ccc2sc(-c3ccccc3)nc2c1)NS(=O)(=O)c1cc(-c2ccc(Cn3c(=O)[nH]c(=O)c4ccccc43)cc2)[nH]n1,BRICS-01284
N#Cc1ccc(Nc2nc3cc(Nc4ccc(Cn5c(=O)[nH]c(=O)c6ccccc65)cc4)ccc3s2)cc1,BRICS-01285
O=c1[nH]c(=O)n(Cc2ccc(Nc3ccc4sc(Nc5ccccc5)nc4c3)cc2)c2ccccc12,BRICS-01286
O=c1[nH]c(=O)n(Cc2ccc(Nc3ccc4sc(-c5ccccc5)nc4c3)cc2)c2ccccc12,BRICS-01287
O=c1[nH]c(=O)n(Cc2ccc(Nc3ccc4sc(-c5ccc(O)cc5)nc4c3)cc2)c2ccccc12,BRICS-01288
O=C(O)c1ccc(-c2nc3cc(Nc4ccc(Cn5c(=O)[nH]c(=O)c6ccccc65)cc4)ccc3s2)cc1,BRICS-01289
O=c1[nH]c(=O)n(Cc2ccc(Nc3ccc4sc(Cc5ccccc5)nc4c3)cc2)c2ccccc12,BRICS-01290
O=c1[nH]c(=O)n(Cc2ccc(Nc3ccc4sc(Cn5c(=O)[nH]c(=O)c6ccccc65)nc4c3)cc2)c2ccccc12,BRICS-01291
O=c1[nH]c(=O)n(Cc2ccc(Nc3ccc4sc(-n5c(=O)[nH]c(=O)c6ccccc65)nc4c3)cc2)c2ccccc12,BRICS-01292
O=c1[nH]c(=O)n(Cc2ccc(Nc3ccc4sc(-n5c(=O)[nH]c6ccccc65)nc4c3)cc2)c2ccccc12,BRICS-01293
O=c1[nH]c(=O)n(Cc2ccc(Nc3ccc4sc(-c5ccc(Cc6ccccc6)cc5)nc4c3)cc2)c2ccccc12,BRICS-01294
O=c1[nH]c(=O)n(Cc2ccc(Nc3ccc4sc(-c5ccc(Cc6ccc(O)cc6)cc5)nc4c3)cc2)c2ccccc12,BRICS-01295
O=C(O)c1ccc(Cc2ccc(-c3nc4cc(Nc5ccc(Cn6c(=O)[nH]c(=O)c7ccccc76)cc5)ccc4s3)cc2)cc1,BRICS-01296
O=c1[nH]c(=O)n(Cc2ccc(Nc3ccc4sc(-c5ccc(Cn6c(=O)[nH]c7ccccc76)cc5)nc4c3)cc2)c2ccccc12,BRICS-01297
N#Cc1ccc(NS(=O)(=O)c2cc(-c3nc4cc(Nc5ccc(Cn6c(=O)[nH]c(=O)c7ccccc76)cc5)ccc4s3)[nH]n2)cc1,BRICS-01298
O=c1[nH]c(=O)n(Cc2ccc(Nc3ccc4sc(-c5cc(S(=O)(=O)Nc6ccccc6)n[nH]5)nc4c3)cc2)c2ccccc12,BRICS-01299
O=c1[nH]c(=O)n(Cc2ccc(Nc3ccc4sc(Cc5ccc(-n6c(=O)[nH]c7ccccc76)cc5)nc4c3)cc2)c2ccccc12,BRICS-01300
O=c1[nH]c(=O)n(Cc2ccc(Nc3ccc4sc(Cc5ccc(Cc6ccccc6)cc5)nc4c3)cc2)c2ccccc12,BRICS-01301
N#Cc1ccc(Nc2ccc(Cc3nc4cc(Nc5ccc(Cn6c(=O)[nH]c(=O)c7ccccc76)cc5)ccc4s3)cc2)cc1,BRICS-01302
O=c1[nH]c(=O)n(Cc2ccc(Nc3ccc4sc(Cc5ccc(Nc6ccccc6)cc5)nc4c3)cc2)c2ccccc12,BRICS-01303
O=c1[nH]c(=O)n(Cc2ccc(Nc3ccc4sc(Cc5ccc(-c6ccccc6)cc5)nc4c3)cc2)c2ccccc12,BRICS-01304
O=c1[nH]c(=O)n(Cc2ccc(Nc3ccc4sc(Cc5ccc(-c6ccc(O)cc6)cc5)nc4c3)cc2)c2ccccc12,BRICS-01305
O=C(O)c1ccc(-c2ccc(Cc3nc4cc(Nc5ccc(Cn6c(=O)[nH]c(=O)c7ccccc76)cc5)ccc4s3)cc2)cc1,BRICS-01306
O=c1[nH]c(=O)n(Cc2ccc(Nc3ccc4sc(-c5cnc6[nH]c(=O)n(-c7ccccc7)c6c5)nc4c3)cc2)c2ccccc12,BRICS-01307
O=c1[nH]c(=O)n(Cc2ccc(Nc3ccc4sc(-c5cnc6[nH]c(=O)n(-c7ccc(O)cc7)c6c5)nc4c3)cc2)c2ccccc12,BRICS-01308
O=c1[nH]c(=O)n(Cc2ccc(Nc3ccc4sc(-c5cnc6[nH]c(=O)n(Cc7ccccc7)c6c5)nc4c3)cc2)c2ccccc12,BRICS-01309
O=c1[nH]c(=O)n(Cc2ccc(Nc3ccc4sc(-c5ccc(-n6c(=O)[nH]c(=O)c7ccccc76)cc5)nc4c3)cc2)c2ccccc12,BRICS-01310
O=c1[nH]c(=O)n(Cc2ccc(Nc3ccc4sc(-c5ccc(-n6c(=O)[nH]c7ccccc76)cc5)nc4c3)cc2)c2ccccc12,BRICS-01311
N#Cc1ccc(Nc2ccc(-c3nc4cc(Nc5ccc(Cn6c(=O)[nH]c(=O)c7ccccc76)cc5)ccc4s3)cc2)cc1,BRICS-01312
O=c1[nH]c(=O)n(Cc2ccc(Nc3ccc4sc(-c5ccc(Nc6ccccc6)cc5)nc4c3)cc2)c2ccccc12,BRICS-01313
O=c1[nH]c(=O)n(Cc2ccc(Nc3ccc4sc(-c5ccc(-c6ccccc6)cc5)nc4c3)cc2)c2ccccc12,BRICS-01314
O=c1[nH]c(=O)n(Cc2ccc(Nc3ccc4sc(-c5ccc(-c6ccc(O)cc6)cc5)nc4c3)cc2)c2ccccc12,BRICS-01315
O=C(O)c1ccc(-c2ccc(-c3nc4cc(Nc5ccc(Cn6c(=O)[nH]c(=O)c7ccccc76)cc5)ccc4s3)cc2)cc1,BRICS-01316
O=c1[nH]c(=O)n(Cc2ccc(Nc3ccc4sc(-c5nc(-n6c(=O)[nH]c(=O)c7ccccc76)no5)nc4c3)cc2)c2ccccc12,BRICS-01317
O=c1[nH]c(=O)n(Cc2ccc(Nc3ccc4sc(-c5nc(-n6c(=O)[nH]c7ccccc76)no5)nc4c3)cc2)c2ccccc12,BRICS-01318
O=c1[nH]c(=O)n(Cc2ccc(Nc3ccc4sc(-c5nc(Cc6ccccc6)no5)nc4c3)cc2)c2ccccc12,BRICS-01319
O=c1[nH]c(=O)n(Cc2ccc(Nc3ccc4sc(-c5nc(Cn6c(=O)[nH]c(=O)c7ccccc76)no5)nc4c3)cc2)c2ccccc12,BRICS-01320
N#Cc1ccc(Nc2noc(-c3nc4cc(Nc5ccc(Cn6c(=O)[nH]c(=O)c7ccccc76)cc5)ccc4s3)n2)cc1,BRICS-01321
O=c1[nH]c(=O)n(Cc2ccc(Nc3ccc4sc(-c5nc(Nc6ccccc6)no5)nc4c3)cc2)c2ccccc12,BRICS-01322
O=c1[nH]c(=O)n(Cc2ccc(Nc3ccc4sc(-c5nc(-c6ccccc6)no5)nc4c3)cc2)c2ccccc12,BRICS-01323
O=c1[nH]c(=O)n(Cc2ccc(Nc3ccc4sc(-c5nc(-c6ccc(O)cc6)no5)nc4c3)cc2)c2ccccc12,BRICS-01324
O=C(O)c1ccc(-c2noc(-c3nc4cc(Nc5ccc(Cn6c(=O)[nH]c(=O)c7ccccc76)cc5)ccc4s3)n2)cc1,BRICS-01325
O=c1[nH]c(=O)n(Cc2ccc(Nc3ccc4sc(NS(=O)(=O)c5cc(Cc6ccccc6)[nH]n5)nc4c3)cc2)c2ccccc12,BRICS-01326
O=c1[nH]c(=O)n(Cc2ccc(Nc3ccc4sc(NS(=O)(=O)c5cc(Nc6ccccc6)[nH]n5)nc4c3)cc2)c2ccccc12,BRICS-01327
O=c1[nH]c(=O)n(Cc2ccc(Nc3ccc4sc(NS(=O)(=O)c5cc(-c6ccccc6)[nH]n5)nc4c3)cc2)c2ccccc12,BRICS-01328
O=c1[nH]c(=O)n(Cc2ccc(Nc3ccc4sc(NS(=O)(=O)c5cc(-c6ccc(O)cc6)[nH]n5)nc4c3)cc2)c2ccccc12,BRICS-01329
O=c1[nH]c(=O)n(Cc2ccc(Nc3ccc4sc(Nc5ccc(-n6c(=O)[nH]c7ccccc76)cc5)nc4c3)cc2)c2ccccc12,BRICS-01330
O=c1[nH]c(=O)n(Cc2ccc(Nc3ccc4sc(Nc5ccc(Cc6ccccc6)cc5)nc4c3)cc2)c2ccccc12,BRICS-01331
N#Cc1ccc(Nc2ccc(Nc3nc4cc(Nc5ccc(Cn6c(=O)[nH]c(=O)c7ccccc76)cc5)ccc4s3)cc2)cc1,BRICS-01332
O=c1[nH]c(=O)n(Cc2ccc(Nc3ccc4sc(Nc5ccc(Nc6ccccc6)cc5)nc4c3)cc2)c2ccccc12,BRICS-01333
O=c1[nH]c(=O)n(Cc2ccc(Nc3ccc4sc(Nc5ccc(-c6ccccc6)cc5)nc4c3)cc2)c2ccccc12,BRICS-01334
O=c1[nH]c(=O)n(Cc2ccc(Nc3ccc4sc(Nc5ccc(-c6ccc(O)cc6)cc5)nc4c3)cc2)c2ccccc12,BRICS-01335
O=C(O)c1ccc(-c2ccc(Nc3nc4cc(Nc5ccc(Cn6c(=O)[nH]c(=O)c7ccccc76)cc5)ccc4s3)cc2)cc1,BRICS-01336
O=c1[nH]c(=O)n(Cc2ccc(Nc3ccc4sc(Nc5ccc6sc(Cc7ccccc7)nc6c5)nc4c3)cc2)c2ccccc12,BRICS-01337
O=c1[nH]c(=O)n(Cc2ccc(Nc3ccc4sc(Nc5ccc6sc(Nc7ccccc7)nc6c5)nc4c3)cc2)c2ccccc12,BRICS-01338
O=c1[nH]c(=O)n(Cc2ccc(Nc3ccc4sc(Nc5ccc6sc(-c7ccccc7)nc6c5)nc4c3)cc2)c2ccccc12,BRICS-01339
O=c1[nH]c(=O)n(Cc2ccc(Nc3ccc4sc(Nc5ccc6sc(-c7ccc(O)cc7)nc6c5)nc4c3)cc2)c2ccccc12,BRICS-01340
O=c1[nH]c(=O)n(Cc2ccc(Nc3ccc4sc(-c5noc(-n6c(=O)[nH]c(=O)c7ccccc76)n5)nc4c3)cc2)c2ccccc12,BRICS-01341
O=c1[nH]c(=O)n(Cc2ccc(Nc3ccc4sc(-c5noc(-n6c(=O)[nH]c7ccccc76)n5)nc4c3)cc2)c2ccccc12,BRICS-01342
O=c1[nH]c(=O)n(Cc2ccc(Nc3ccc4sc(-c5noc(Cc6ccccc6)n5)nc4c3)cc2)c2ccccc12,BRICS-01343
O=c1[nH]c(=O)n(Cc2ccc(Nc3ccc4sc(-c5noc(Cn6c(=O)[nH]c(=O)c7ccccc76)n5)nc4c3)cc2)c2ccccc12,BRICS-01344
N#Cc1ccc(Nc2nc(-c3nc4cc(Nc5ccc(Cn6c(=O)[nH]c(=O)c7ccccc76)cc5)ccc4s3)no2)cc1,BRICS-01345
O=c1[nH]c(=O)n(Cc2ccc(Nc3ccc4sc(-c5noc(Nc6ccccc6)n5)nc4c3)cc2)c2ccccc12,BRICS-01346
O=c1[nH]c(=O)n(Cc2ccc(Nc3ccc4sc(-c5noc(-c6ccccc6)n5)nc4c3)cc2)c2ccccc12,BRICS-01347
O=c1[nH]c(=O)n(Cc2ccc(Nc3ccc4sc(-c5noc(-c6ccc(O)cc6)n5)nc4c3)cc2)c2ccccc12,BRICS-01348
O=C(O)c1ccc(-c2nc(-c3nc4cc(Nc5ccc(Cn6c(=O)[nH]c(=O)c7ccccc76)cc5)ccc4s3)no2)cc1,BRICS-01349
O=c1[nH]c(=O)n(Cc2ccc(Nc3ccc4sc(-n5c(=O)[nH]c6ncc(Cc7ccccc7)cc65)nc4c3)cc2)c2ccccc12,BRICS-01350
N#Cc1ccc(Nc2cnc3[nH]c(=O)n(-c4nc5cc(Nc6ccc(Cn7c(=O)[nH]c(=O)c8ccccc87)cc6)ccc5s4)c3c2)cc1,BRICS-01351
O=c1[nH]c(=O)n(Cc2ccc(Nc3ccc4sc(-n5c(=O)[nH]c6ncc(Nc7ccccc7)cc65)nc4c3)cc2)c2ccccc12,BRICS-01352
O=c1[nH]c(=O)n(Cc2ccc(Nc3ccc4sc(-n5c(=O)[nH]c6ncc(-c7ccccc7)cc65)nc4c3)cc2)c2ccccc12,BRICS-01353
O=c1[nH]c(=O)n(Cc2ccc(Nc3ccc4sc(-n5c(=O)[nH]c6ncc(-c7ccc(O)cc7)cc65)nc4c3)cc2)c2ccccc12,BRICS-01354
O=c1[nH]c(=O)n(Cc2ccc(Nc3ccc4sc(-c5cnc6[nH]c(=O)n(Cc7ccc(O)cc7)c6c5)nc4c3)cc2)c2ccccc12,BRICS-01355
O=C(NS(=O)(=O)c1cc(-c2nc3cc(Nc4ccc(Cn5c(=O)[nH]c(=O)c6ccccc65)cc4)ccc3s2)[nH]n1)c1ccco1,BRICS-01356
O=C(NS(=O)(=O)c1cc(-c2nc3cc(Nc4ccc(Cn5c(=O)[nH]c(=O)c6ccccc65)cc4)ccc3s2)[nH]n1)c1ccccc1,BRICS-01357
O=c1[nH]c(=O)n(Cc2ccc(Nc3ccc4sc(-c5cc(S(=O)(=O)Nc6ccc(O)cc6)n[nH]5)nc4c3)cc2)c2ccccc12,BRICS-01358
O=C(Nc1ccc(-c2nc3cc(Nc4ccc(Cn5c(=O)[nH]c(=O)c6ccccc65)cc4)ccc3s2)cc1)c1ccco1,BRICS-01359
O=C(Nc1ccccc1)Nc1ccc(-c2nc3cc(Nc4ccc(Cn5c(=O)[nH]c(=O)c6ccccc65)cc4)ccc3s2)cc1,BRICS-01360
O=C(Nc1ccc(-c2nc3cc(Nc4ccc(Cn5c(=O)[nH]c(=O)c6ccccc65)cc4)ccc3s2)cc1)c1ccccc1,BRICS-01361
N#Cc1ccc(NC(=O)Nc2ccc(-c3nc4cc(Nc5ccc(Cn6c(=O)[nH]c(=O)c7ccccc76)cc5)ccc4s3)cc2)cc1,BRICS-01362
O=c1[nH]c(=O)n(Cc2ccc(Nc3ccc4sc(-c5ccc(Nc6ccc(O)cc6)cc5)nc4c3)cc2)c2ccccc12,BRICS-01363
O=C(O)c1ccc(Nc2ccc(-c3nc4cc(Nc5ccc(Cn6c(=O)[nH]c(=O)c7ccccc76)cc5)ccc4s3)cc2)cc1,BRICS-01364
O=C(Nc1ccc2sc(-c3nc4cc(Nc5ccc(Cn6c(=O)[nH]c(=O)c7ccccc76)cc5)ccc4s3)nc2c1)c1ccco1,BRICS-01365
O=c1[nH]c(=O)n(Cc2ccc(Nc3ccc4sc(-c5nc6cc(Nc7ccccc7)ccc6s5)nc4c3)cc2)c2ccccc12,BRICS-01366
O=c1[nH]c(=O)n(Cc2ccc(Nc3ccc4sc(-c5nc6cc(Nc7ccc(O)cc7)ccc6s5)nc4c3)cc2)c2ccccc12,BRICS-01367
O=c1[nH]c(=O)n(Cc2ccc(Nc3ccc4sc(Cn5c(=O)[nH]c6ncc(Cc7ccccc7)cc65)nc4c3)cc2)c2ccccc12,BRICS-01368
O=c1[nH]c(=O)n(Cc2ccc(Nc3ccc4sc(Cn5c(=O)[nH]c6ncc(Nc7ccccc7)cc65)nc4c3)cc2)c2ccccc12,BRICS-01369
O=c1[nH]c(=O)n(Cc2ccc(Nc3ccc4sc(Cn5c(=O)[nH]c6ncc(-c7ccccc7)cc65)nc4c3)cc2)c2ccccc12,BRICS-01370
O=c1[nH]c(=O)n(Cc2ccc(Nc3ccc4sc(Cn5c(=O)[nH]c6ncc(-c7ccc(O)cc7)cc65)nc4c3)cc2)c2ccccc12,BRICS-01371
O=C(Nc1ccc(-c2ccc(Cn3c(=O)[nH]c(=O)c4ccccc43)cc2)cc1)c1ccco1,BRICS-01372
O=C(Nc1ccccc1)Nc1ccc(-c2ccc(Cn3c(=O)[nH]c(=O)c4ccccc43)cc2)cc1,BRICS-01373
O=C(Nc1ccc(-c2ccc(Cn3c(=O)[nH]c(=O)c4ccccc43)cc2)cc1)c1ccccc1,BRICS-01374
N#Cc1ccc(NC(=O)Nc2ccc(-c3ccc(Cn4c(=O)[nH]c(=O)c5ccccc54)cc3)cc2)cc1,BRICS-01375
O=c1[nH]c(=O)n(Cc2ccc(-c3ccc(Nc4ccccc4)cc3)cc2)c2ccccc12,BRICS-01376
O=c1[nH]c(=O)n(Cc2ccc(-c3ccc(Nc4ccc(O)cc4)cc3)cc2)c2ccccc12,BRICS-01377
O=C(O)c1ccc(Nc2ccc(-c3ccc(Cn4c(=O)[nH]c(=O)c5ccccc54)cc3)cc2)cc1,BRICS-01378
N#Cc1ccc(Nc2ccc(Nc3ccc(-c4ccc(Cn5c(=O)[nH]c(=O)c6ccccc65)cc4)cc3)cc2)cc1,BRICS-01379
O=c1[nH]c(=O)n(Cc2ccc(-c3ccc(Nc4ccc(Nc5ccccc5)cc4)cc3)cc2)c2ccccc12,BRICS-01380
O=c1[nH]c(=O)n(Cc2ccc(-c3ccc(Nc4ccc(-c5ccccc5)cc4)cc3)cc2)c2ccccc12,BRICS-01381
O=c1[nH]c(=O)n(Cc2ccc(-c3ccc(Nc4ccc(-c5ccc(O)cc5)cc4)cc3)cc2)c2ccccc12,BRICS-01382
O=C(O)c1ccc(-c2ccc(Nc3ccc(-c4ccc(Cn5c(=O)[nH]c(=O)c6ccccc65)cc4)cc3)cc2)cc1,BRICS-01383
O=c1[nH]c(=O)n(Cc2ccc(-c3ccc(Nc4ccc(Cc5ccccc5)cc4)cc3)cc2)c2ccccc12,BRICS-01384
O=c1[nH]c(=O)n(Cc2ccc(Nc3ccc(-c4ccc(Cn5c(=O)[nH]c(=O)c6ccccc65)cc4)cc3)cc2)c2ccccc12,BRICS-01385
O=c1[nH]c(=O)n(Cc2ccc(-c3ccc(Nc4ccc(-n5c(=O)[nH]c(=O)c6ccccc65)cc4)cc3)cc2)c2ccccc12,BRICS-01386
O=c1[nH]c(=O)n(Cc2ccc(-c3ccc(Nc4ccc(-n5c(=O)[nH]c6ccccc65)cc4)cc3)cc2)c2ccccc12,BRICS-01387
O=c1[nH]c(=O)n(Cc2ccc(-c3ccc(Nc4ccc(Cc5ccc(O)cc5)cc4)cc3)cc2)c2ccccc12,BRICS-01388
O=C(O)c1ccc(Cc2ccc(Nc3ccc(-c4ccc(Cn5c(=O)[nH]c(=O)c6ccccc65)cc4)cc3)cc2)cc1,BRICS-01389
O=c1[nH]c(=O)n(Cc2ccc(-c3ccc(Nc4ccc(Cn5c(=O)[nH]c6ccccc65)cc4)cc3)cc2)c2ccccc12,BRICS-01390
N#Cc1ccc(Nc2cc(S(=O)(=O)Nc3ccc(-c4ccc(Cn5c(=O)[nH]c(=O)c6ccccc65)cc4)cc3)n[nH]2)cc1,BRICS-01391
O=c1[nH]c(=O)n(Cc2ccc(-c3ccc(NS(=O)(=O)c4cc(Nc5ccccc5)[nH]n4)cc3)cc2)c2ccccc12,BRICS-01392
O=c1[nH]c(=O)n(Cc2ccc(-c3ccc(NS(=O)(=O)c4cc(-c5ccccc5)[nH]n4)cc3)cc2)c2ccccc12,BRICS-01393
O=c1[nH]c(=O)n(Cc2ccc(-c3ccc(NS(=O)(=O)c4cc(-c5ccc(O)cc5)[nH]n4)cc3)cc2)c2ccccc12,BRICS-01394
O=C(O)c1ccc(-c2cc(S(=O)(=O)Nc3ccc(-c4ccc(Cn5c(=O)[nH]c(=O)c6ccccc65)cc4)cc3)n[nH]2)cc1,BRICS-01395
O=c1[nH]c(=O)n(Cc2ccc(-c3ccc(NS(=O)(=O)c4cc(-n5c(=O)[nH]c(=O)c6ccccc65)[nH]n4)cc3)cc2)c2ccccc12,BRICS-01396
O=c1[nH]c(=O)n(Cc2ccc(-c3ccc(NS(=O)(=O)c4cc(-n5c(=O)[nH]c6ccccc65)[nH]n4)cc3)cc2)c2ccccc12,BRICS-01397
O=c1[nH]c(=O)n(Cc2ccc(-c3ccc(NS(=O)(=O)c4cc(Cc5ccccc5)[nH]n4)cc3)cc2)c2ccccc12,BRICS-01398
O=c1[nH]c(=O)n(Cc2ccc(-c3ccc(NS(=O)(=O)c4cc(Cn5c(=O)[nH]c(=O)c6ccccc65)[nH]n4)cc3)cc2)c2ccccc12,BRICS-01399
N#Cc1ccc(Nc2nc3cc(NC(=O)Nc4ccc(-c5ccc(Cn6c(=O)[nH]c(=O)c7ccccc76)cc5)cc4)ccc3s2)cc1,BRICS-01400
O=C(Nc1ccc(-c2ccc(Cn3c(=O)[nH]c(=O)c4ccccc43)cc2)cc1)Nc1ccc2sc(Nc3ccccc3)nc2c1,BRICS-01401
O=C(Nc1ccc(-c2ccc(Cn3c(=O)[nH]c(=O)c4ccccc43)cc2)cc1)Nc1ccc2sc(-c3ccccc3)nc2c1,BRICS-01402
O=C(Nc1ccc(-c2ccc(Cn3c(=O)[nH]c(=O)c4ccccc43)cc2)cc1)Nc1ccc2sc(-c3ccc(O)cc3)nc2c1,BRICS-01403
O=C(Nc1ccc(-c2ccc(Cn3c(=O)[nH]c(=O)c4ccccc43)cc2)cc1)Nc1ccc2sc(-c3ccc(C(=O)O)cc3)nc2c1,BRICS-01404
O=C(Nc1ccc(-c2ccc(Cn3c(=O)[nH]c(=O)c4ccccc43)cc2)cc1)Nc1ccc2sc(Cc3ccccc3)nc2c1,BRICS-01405
O=C(Nc1ccc(Nc2ccc(-c3ccc(Cn4c(=O)[nH]c(=O)c5ccccc54)cc3)cc2)cc1)c1ccco1,BRICS-01406
O=C(Nc1ccccc1)Nc1ccc(Nc2ccc(-c3ccc(Cn4c(=O)[nH]c(=O)c5ccccc54)cc3)cc2)cc1,BRICS-01407
O=C(Nc1ccc(Nc2ccc(-c3ccc(Cn4c(=O)[nH]c(=O)c5ccccc54)cc3)cc2)cc1)c1ccccc1,BRICS-01408
N#Cc1ccc(NC(=O)Nc2ccc(Nc3ccc(-c4ccc(Cn5c(=O)[nH]c(=O)c6ccccc65)cc4)cc3)cc2)cc1,BRICS-01409
O=c1[nH]c(=O)n(Cc2ccc(-c3ccc(Nc4ccc(Nc5ccc(O)cc5)cc4)cc3)cc2)c2ccccc12,BRICS-01410
O=C(O)c1ccc(Nc2ccc(Nc3ccc(-c4ccc(Cn5c(=O)[nH]c(=O)c6ccccc65)cc4)cc3)cc2)cc1,BRICS-01411
N#Cc1ccc(Nc2noc(Nc3ccc(-c4ccc(Cn5c(=O)[nH]c(=O)c6ccccc65)cc4)cc3)n2)cc1,BRICS-01412
O=c1[nH]c(=O)n(Cc2ccc(-c3ccc(Nc4nc(Nc5ccccc5)no4)cc3)cc2)c2ccccc12,BRICS-01413
O=c1[nH]c(=O)n(Cc2ccc(-c3ccc(Nc4nc(-c5ccccc5)no4)cc3)cc2)c2ccccc12,BRICS-01414
O=c1[nH]c(=O)n(Cc2ccc(-c3ccc(Nc4nc(-c5ccc(O)cc5)no4)cc3)cc2)c2ccccc12,BRICS-01415
O=C(O)c1ccc(-c2noc(Nc3ccc(-c4ccc(Cn5c(=O)[nH]c(=O)c6ccccc65)cc4)cc3)n2)cc1,BRICS-01416
O=c1[nH]c(=O)n(Cc2ccc(-c3ccc(Nc4nc(-n5c(=O)[nH]c(=O)c6ccccc65)no4)cc3)cc2)c2ccccc12,BRICS-01417
O=c1[nH]c(=O)n(Cc2ccc(-c3ccc(Nc4nc(-n5c(=O)[nH]c6ccccc65)no4)cc3)cc2)c2ccccc12,BRICS-01418
O=c1[nH]c(=O)n(Cc2ccc(-c3ccc(Nc4nc(Cc5ccccc5)no4)cc3)cc2)c2ccccc12,BRICS-01419
O=c1[nH]c(=O)n(Cc2ccc(-c3ccc(Nc4nc(Cn5c(=O)[nH]c(=O)c6ccccc65)no4)cc3)cc2)c2ccccc12,BRICS-01420
N#Cc1ccc(Nc2nc(Nc3ccc(-c4ccc(Cn5c(=O)[nH]c(=O)c6ccccc65)cc4)cc3)no2)cc1,BRICS-01421
O=c1[nH]c(=O)n(Cc2ccc(-c3ccc(Nc4noc(Nc5ccccc5)n4)cc3)cc2)c2ccccc12,BRICS-01422
O=c1[nH]c(=O)n(Cc2ccc(-c3ccc(Nc4noc(-c5ccccc5)n4)cc3)cc2)c2ccccc12,BRICS-01423
O=c1[nH]c(=O)n(Cc2ccc(-c3ccc(Nc4noc(-c5ccc(O)cc5)n4)cc3)cc2)c2ccccc12,BRICS-01424
O=C(O)c1ccc(-c2nc(Nc3ccc(-c4ccc(Cn5c(=O)[nH]c(=O)c6ccccc65)cc4)cc3)no2)cc1,BRICS-01425
O=c1[nH]c(=O)n(Cc2ccc(-c3ccc(Nc4noc(-n5c(=O)[nH]c(=O)c6ccccc65)n4)cc3)cc2)c2ccccc12,BRICS-01426
O=c1[nH]c(=O)n(Cc2ccc(-c3ccc(Nc4noc(-n5c(=O)[nH]c6ccccc65)n4)cc3)cc2)c2ccccc12,BRICS-01427
O=c1[nH]c(=O)n(Cc2ccc(-c3ccc(Nc4noc(Cc5ccccc5)n4)cc3)cc2)c2ccccc12,BRICS-01428
O=c1[nH]c(=O)n(Cc2ccc(-c3ccc(Nc4noc(Cn5c(=O)[nH]c(=O)c6ccccc65)n4)cc3)cc2)c2ccccc12,BRICS-01429
O=c1[nH]c(=O)n(Cc2ccc(-c3ccc(Nc4cnc5[nH]c(=O)n(Cc6ccccc6)c5c4)cc3)cc2)c2ccccc12,BRICS-01430
O=c1[nH]c(=O)n(Cc2ccc(-c3ccc(Nc4cnc5[nH]c(=O)n(-c6ccccc6)c5c4)cc3)cc2)c2ccccc12,BRICS-01431
O=c1[nH]c(=O)n(Cc2ccc(-c3ccc(Nc4cnc5[nH]c(=O)n(-c6ccc(O)cc6)c5c4)cc3)cc2)c2ccccc12,BRICS-01432
O=C(O)c1ccc(-n2c(=O)[nH]c3ncc(Nc4ccc(-c5ccc(Cn6c(=O)[nH]c(=O)c7ccccc76)cc5)cc4)cc32)cc1,BRICS-01433
O=C(NS(=O)(=O)c1cc(Nc2ccc(-c3ccc(Cn4c(=O)[nH]c(=O)c5ccccc54)cc3)cc2)[nH]n1)c1ccco1,BRICS-01434
O=C(Nc1ccccc1)NS(=O)(=O)c1cc(Nc2ccc(-c3ccc(Cn4c(=O)[nH]c(=O)c5ccccc54)cc3)cc2)[nH]n1,BRICS-01435
O=C(NS(=O)(=O)c1cc(Nc2ccc(-c3ccc(Cn4c(=O)[nH]c(=O)c5ccccc54)cc3)cc2)[nH]n1)c1ccccc1,BRICS-01436
N#Cc1ccc(NC(=O)NS(=O)(=O)c2cc(Nc3ccc(-c4ccc(Cn5c(=O)[nH]c(=O)c6ccccc65)cc4)cc3)[nH]n2)cc1,BRICS-01437
O=c1[nH]c(=O)n(Cc2ccc(-c3ccc(Nc4cc(S(=O)(=O)Nc5ccccc5)n[nH]4)cc3)cc2)c2ccccc12,BRICS-01438
O=c1[nH]c(=O)n(Cc2ccc(-c3ccc(Nc4cc(S(=O)(=O)Nc5ccc(O)cc5)n[nH]4)cc3)cc2)c2ccccc12,BRICS-01439
O=C(O)c1ccc(NS(=O)(=O)c2cc(Nc3ccc(-c4ccc(Cn5c(=O)[nH]c(=O)c6ccccc65)cc4)cc3)[nH]n2)cc1,BRICS-01440
O=c1[nH]c(=O)n(Cc2ccc(-c3ccc(Nc4cnc5[nH]c(=O)n(Cc6ccc(O)cc6)c5c4)cc3)cc2)c2ccccc12,BRICS-01441
O=C(O)c1ccc(Cn2c(=O)[nH]c3ncc(Nc4ccc(-c5ccc(Cn6c(=O)[nH]c(=O)c7ccccc76)cc5)cc4)cc32)cc1,BRICS-01442
O=c1[nH]c(=O)n(Cc2ccc(-c3ccc(Nc4cnc5[nH]c(=O)n(Cn6c(=O)[nH]c7ccccc76)c5c4)cc3)cc2)c2ccccc12,BRICS-01443
O=C(Nc1ccc2sc(Nc3ccc(-c4ccc(Cn5c(=O)[nH]c(=O)c6ccccc65)cc4)cc3)nc2c1)c1ccco1,BRICS-01444
O=C(Nc1ccccc1)Nc1ccc2sc(Nc3ccc(-c4ccc(Cn5c(=O)[nH]c(=O)c6ccccc65)cc4)cc3)nc2c1,BRICS-01445
O=C(Nc1ccc2sc(Nc3ccc(-c4ccc(Cn5c(=O)[nH]c(=O)c6ccccc65)cc4)cc3)nc2c1)c1ccccc1,BRICS-01446
N#Cc1ccc(NC(=O)Nc2ccc3sc(Nc4ccc(-c5ccc(Cn6c(=O)[nH]c(=O)c7ccccc76)cc5)cc4)nc3c2)cc1,BRICS-01447
O=c1[nH]c(=O)n(Cc2ccc(-c3ccc(Nc4nc5cc(Nc6ccccc6)ccc5s4)cc3)cc2)c2ccccc12,BRICS-01448
O=c1[nH]c(=O)n(Cc2ccc(-c3ccc(Nc4nc5cc(Nc6ccc(O)cc6)ccc5s4)cc3)cc2)c2ccccc12,BRICS-01449
O=C(O)c1ccc(Nc2ccc3sc(Nc4ccc(-c5ccc(Cn6c(=O)[nH]c(=O)c7ccccc76)cc5)cc4)nc3c2)cc1,BRICS-01450
N#Cc1ccc(NS(=O)(=O)c2cc(Nc3ccc(-c4ccc(Cn5c(=O)[nH]c(=O)c6ccccc65)cc4)cc3)[nH]n2)cc1,BRICS-01451
O=C(Nc1ccc2sc(-c3ccc(Cn4c(=O)[nH]c(=O)c5ccccc54)cc3)nc2c1)c1ccco1,BRICS-01452
O=C(Nc1ccccc1)Nc1ccc2sc(-c3ccc(Cn4c(=O)[nH]c(=O)c5ccccc54)cc3)nc2c1,BRICS-01453
O=C(Nc1ccc2sc(-c3ccc(Cn4c(=O)[nH]c(=O)c5ccccc54)cc3)nc2c1)c1ccccc1,BRICS-01454
N#Cc1ccc(NC(=O)Nc2ccc3sc(-c4ccc(Cn5c(=O)[nH]c(=O)c6ccccc65)cc4)nc3c2)cc1,BRICS-01455
O=c1[nH]c(=O)n(Cc2ccc(-c3nc4cc(Nc5ccccc5)ccc4s3)cc2)c2ccccc12,BRICS-01456
O=c1[nH]c(=O)n(Cc2ccc(-c3nc4cc(Nc5ccc(O)cc5)ccc4s3)cc2)c2ccccc12,BRICS-01457
O=C(O)c1ccc(Nc2ccc3sc(-c4ccc(Cn5c(=O)[nH]c(=O)c6ccccc65)cc4)nc3c2)cc1,BRICS-01458
O=c1[nH]c(=O)n(Cc2ccc(-c3nc4cc(Nc5ccc(Cc6ccccc6)cc5)ccc4s3)cc2)c2ccccc12,BRICS-01459
O=c1[nH]c(=O)n(Cc2ccc(-c3nc4cc(Nc5ccc(Cc6ccc(O)cc6)cc5)ccc4s3)cc2)c2ccccc12,BRICS-01460
O=C(O)c1ccc(Cc2ccc(Nc3ccc4sc(-c5ccc(Cn6c(=O)[nH]c(=O)c7ccccc76)cc5)nc4c3)cc2)cc1,BRICS-01461
O=c1[nH]c(=O)n(Cc2ccc(-c3nc4cc(Nc5ccc(Cn6c(=O)[nH]c7ccccc76)cc5)ccc4s3)cc2)c2ccccc12,BRICS-01462
O=c1[nH]c(=O)n(Cc2ccc(-c3nc4cc(Nc5cnc6[nH]c(=O)n(Cc7ccccc7)c6c5)ccc4s3)cc2)c2ccccc12,BRICS-01463
O=c1[nH]c(=O)n(Cc2ccc(-c3nc4cc(Nc5cnc6[nH]c(=O)n(Cc7ccc(O)cc7)c6c5)ccc4s3)cc2)c2ccccc12,BRICS-01464
O=C(Nc1ccc(Nc2ccc3sc(-c4ccc(Cn5c(=O)[nH]c(=O)c6ccccc65)cc4)nc3c2)cc1)c1ccco1,BRICS-01465
O=C(Nc1ccccc1)Nc1ccc(Nc2ccc3sc(-c4ccc(Cn5c(=O)[nH]c(=O)c6ccccc65)cc4)nc3c2)cc1,BRICS-01466
O=C(Nc1ccc(Nc2ccc3sc(-c4ccc(Cn5c(=O)[nH]c(=O)c6ccccc65)cc4)nc3c2)cc1)c1ccccc1,BRICS-01467
N#Cc1ccc(NC(=O)Nc2ccc(Nc3ccc4sc(-c5ccc(Cn6c(=O)[nH]c(=O)c7ccccc76)cc5)nc4c3)cc2)cc1,BRICS-01468
O=c1[nH]c(=O)n(Cc2ccc(-c3nc4cc(Nc5ccc(Nc6ccccc6)cc5)ccc4s3)cc2)c2ccccc12,BRICS-01469
O=c1[nH]c(=O)n(Cc2ccc(-c3nc4cc(Nc5ccc(Nc6ccc(O)cc6)cc5)ccc4s3)cc2)c2ccccc12,BRICS-01470
O=C(O)c1ccc(Nc2ccc(Nc3ccc4sc(-c5ccc(Cn6c(=O)[nH]c(=O)c7ccccc76)cc5)nc4c3)cc2)cc1,BRICS-01471
O=c1[nH]c(=O)n(Cc2ccc(-c3nc4cc(NS(=O)(=O)c5cc(-c6ccccc6)[nH]n5)ccc4s3)cc2)c2ccccc12,BRICS-01472
O=c1[nH]c(=O)n(Cc2ccc(-c3nc4cc(NS(=O)(=O)c5cc(-c6ccc(O)cc6)[nH]n5)ccc4s3)cc2)c2ccccc12,BRICS-01473
N#Cc1ccc(Nc2cc(S(=O)(=O)Nc3ccc4sc(-c5ccc(Cn6c(=O)[nH]c(=O)c7ccccc76)cc5)nc4c3)n[nH]2)cc1,BRICS-01474
O=c1[nH]c(=O)n(Cc2ccc(-c3nc4cc(NS(=O)(=O)c5cc(Nc6ccccc6)[nH]n5)ccc4s3)cc2)c2ccccc12,BRICS-01475
O=c1[nH]c(=O)n(Cc2ccc(-c3nc4cc(NS(=O)(=O)c5cc(Cc6ccccc6)[nH]n5)ccc4s3)cc2)c2ccccc12,BRICS-01476
O=c1[nH]c(=O)n(Cc2ccc(-c3nc4cc(Nc5noc(-c6ccccc6)n5)ccc4s3)cc2)c2ccccc12,BRICS-01477
O=c1[nH]c(=O)n(Cc2ccc(-c3nc4cc(Nc5noc(-c6ccc(O)cc6)n5)ccc4s3)cc2)c2ccccc12,BRICS-01478
O=C(O)c1ccc(-c2nc(Nc3ccc4sc(-c5ccc(Cn6c(=O)[nH]c(=O)c7ccccc76)cc5)nc4c3)no2)cc1,BRICS-01479
N#Cc1ccc(Nc2nc(Nc3ccc4sc(-c5ccc(Cn6c(=O)[nH]c(=O)c7ccccc76)cc5)nc4c3)no2)cc1,BRICS-01480
O=c1[nH]c(=O)n(Cc2ccc(-c3nc4cc(Nc5noc(Nc6ccccc6)n5)ccc4s3)cc2)c2ccccc12,BRICS-01481
O=c1[nH]c(=O)n(Cc2ccc(-c3nc4cc(Nc5noc(Cc6ccccc6)n5)ccc4s3)cc2)c2ccccc12,BRICS-01482
O=c1[nH]c(=O)n(Cc2ccc(-c3nc4cc(Nc5noc(Cn6c(=O)[nH]c(=O)c7ccccc76)n5)ccc4s3)cc2)c2ccccc12,BRICS-01483
O=c1[nH]c(=O)n(Cc2ccc(-c3nc4cc(Nc5noc(-n6c(=O)[nH]c(=O)c7ccccc76)n5)ccc4s3)cc2)c2ccccc12,BRICS-01484
O=c1[nH]c(=O)n(Cc2ccc(-c3nc4cc(Nc5noc(-n6c(=O)[nH]c7ccccc76)n5)ccc4s3)cc2)c2ccccc12,BRICS-01485
O=C(NS(=O)(=O)c1cc(Nc2ccc3sc(-c4ccc(Cn5c(=O)[nH]c(=O)c6ccccc65)cc4)nc3c2)[nH]n1)c1ccco1,BRICS-01486
O=C(NS(=O)(=O)c1cc(Nc2ccc3sc(-c4ccc(Cn5c(=O)[nH]c(=O)c6ccccc65)cc4)nc3c2)[nH]n1)c1ccccc1,BRICS-01487
O=c1[nH]c(=O)n(Cc2ccc(-c3nc4cc(Nc5cc(S(=O)(=O)Nc6ccccc6)n[nH]5)ccc4s3)cc2)c2ccccc12,BRICS-01488
O=c1[nH]c(=O)n(Cc2ccc(-c3nc4cc(Nc5cc(S(=O)(=O)Nc6ccc(O)cc6)n[nH]5)ccc4s3)cc2)c2ccccc12,BRICS-01489
O=c1[nH]c(=O)n(Cc2ccc(-c3nc4cc(Nc5ccc(-c6ccccc6)cc5)ccc4s3)cc2)c2ccccc12,BRICS-01490
O=c1[nH]c(=O)n(Cc2ccc(-c3nc4cc(Nc5ccc(-c6ccc(O)cc6)cc5)ccc4s3)cc2)c2ccccc12,BRICS-01491
O=C(O)c1ccc(-c2ccc(Nc3ccc4sc(-c5ccc(Cn6c(=O)[nH]c(=O)c7ccccc76)cc5)nc4c3)cc2)cc1,BRICS-01492
N#Cc1ccc(Nc2ccc(Nc3ccc4sc(-c5ccc(Cn6c(=O)[nH]c(=O)c7ccccc76)cc5)nc4c3)cc2)cc1,BRICS-01493
O=c1[nH]c(=O)n(Cc2ccc(-c3nc4cc(Nc5ccc(-n6c(=O)[nH]c(=O)c7ccccc76)cc5)ccc4s3)cc2)c2ccccc12,BRICS-01494
O=c1[nH]c(=O)n(Cc2ccc(-c3nc4cc(Nc5ccc(-n6c(=O)[nH]c7ccccc76)cc5)ccc4s3)cc2)c2ccccc12,BRICS-01495
O=c1[nH]c(=O)n(Cc2ccc(-c3nc4cc(Nc5cnc6[nH]c(=O)n(-c7ccccc7)c6c5)ccc4s3)cc2)c2ccccc12,BRICS-01496
O=c1[nH]c(=O)n(Cc2ccc(-c3nc4cc(Nc5cnc6[nH]c(=O)n(-c7ccc(O)cc7)c6c5)ccc4s3)cc2)c2ccccc12,BRICS-01497
O=c1[nH]c(=O)n(Cc2ccc(-c3nc4cc(Nc5nc(-c6ccccc6)no5)ccc4s3)cc2)c2ccccc12,BRICS-01498
O=c1[nH]c(=O)n(Cc2ccc(-c3nc4cc(Nc5nc(-c6ccc(O)cc6)no5)ccc4s3)cc2)c2ccccc12,BRICS-01499
O=C(O)c1ccc(-c2noc(Nc3ccc4sc(-c5ccc(Cn6c(=O)[nH]c(=O)c7ccccc76)cc5)nc4c3)n2)cc1,BRICS-01500
N#Cc1ccc(Nc2noc(Nc3ccc4sc(-c5ccc(Cn6c(=O)[nH]c(=O)c7ccccc76)cc5)nc4c3)n2)cc1,BRICS-01501
O=c1[nH]c(=O)n(Cc2ccc(-c3nc4cc(Nc5nc(Nc6ccccc6)no5)ccc4s3)cc2)c2ccccc12,BRICS-01502
O=c1[nH]c(=O)n(Cc2ccc(-c3nc4cc(Nc5nc(Cc6ccccc6)no5)ccc4s3)cc2)c2ccccc12,BRICS-01503
O=c1[nH]c(=O)n(Cc2ccc(-c3nc4cc(Nc5nc(Cn6c(=O)[nH]c(=O)c7ccccc76)no5)ccc4s3)cc2)c2ccccc12,BRICS-01504
O=c1[nH]c(=O)n(Cc2ccc(-c3nc4cc(Nc5nc(-n6c(=O)[nH]c(=O)c7ccccc76)no5)ccc4s3)cc2)c2ccccc12,BRICS-01505
O=c1[nH]c(=O)n(Cc2ccc(-c3nc4cc(Nc5nc(-n6c(=O)[nH]c7ccccc76)no5)ccc4s3)cc2)c2ccccc12,BRICS-01506
N#Cc1ccc(NS(=O)(=O)c2cc(Nc3ccc4sc(-c5ccc(Cn6c(=O)[nH]c(=O)c7ccccc76)cc5)nc4c3)[nH]n2)cc1,BRICS-01507
O=C(Nc1ccc2sc(Nc3ccc4sc(-c5ccc(Cn6c(=O)[nH]c(=O)c7ccccc76)cc5)nc4c3)nc2c1)c1ccco1,BRICS-01508
O=c1[nH]c(=O)n(Cc2ccc(-c3nc4cc(Nc5nc6cc(Nc7ccccc7)ccc6s5)ccc4s3)cc2)c2ccccc12,BRICS-01509
O=c1[nH]c(=O)n(Cc2ccc(-c3nc4cc(Nc5nc6cc(Nc7ccc(O)cc7)ccc6s5)ccc4s3)cc2)c2ccccc12,BRICS-01510
O=C(Nc1ccc2sc(-c3ccc(Cn4c(=O)[nH]c(=O)c5ccccc54)cc3)nc2c1)NS(=O)(=O)c1cc(-c2ccccc2)[nH]n1,BRICS-01511
O=C(Nc1ccc(-c2ccccc2)cc1)Nc1ccc2sc(-c3ccc(Cn4c(=O)[nH]c(=O)c5ccccc54)cc3)nc2c1,BRICS-01512
O=C(Nc1ccc(-c2ccc(O)cc2)cc1)Nc1ccc2sc(-c3ccc(Cn4c(=O)[nH]c(=O)c5ccccc54)cc3)nc2c1,BRICS-01513
O=C(Nc1ccc(-c2ccc(C(=O)O)cc2)cc1)Nc1ccc2sc(-c3ccc(Cn4c(=O)[nH]c(=O)c5ccccc54)cc3)nc2c1,BRICS-01514
O=C(Nc1ccc(Cc2ccccc2)cc1)Nc1ccc2sc(-c3ccc(Cn4c(=O)[nH]c(=O)c5ccccc54)cc3)nc2c1,BRICS-01515
N#Cc1ccc(Nc2ccc(NC(=O)Nc3ccc4sc(-c5ccc(Cn6c(=O)[nH]c(=O)c7ccccc76)cc5)nc4c3)cc2)cc1,BRICS-01516
O=C(Nc1ccc(Nc2ccccc2)cc1)Nc1ccc2sc(-c3ccc(Cn4c(=O)[nH]c(=O)c5ccccc54)cc3)nc2c1,BRICS-01517
O=c1[nH]c(=O)n(Cc2ccc(-c3cnc4[nH]c(=O)n(-c5ccccc5)c4c3)cc2)c2ccccc12,BRICS-01518
O=c1[nH]c(=O)n(Cc2ccc(-c3cnc4[nH]c(=O)n(-c5ccc(O)cc5)c4c3)cc2)c2ccccc12,BRICS-01519
O=C(O)c1ccc(-n2c(=O)[nH]c3ncc(-c4ccc(Cn5c(=O)[nH]c(=O)c6ccccc65)cc4)cc32)cc1,BRICS-01520
O=C(Nc1ccc(-n2c(=O)[nH]c3ncc(-c4ccc(Cn5c(=O)[nH]c(=O)c6ccccc65)cc4)cc32)cc1)c1ccco1,BRICS-01521
O=C(Nc1ccccc1)Nc1ccc(-n2c(=O)[nH]c3ncc(-c4ccc(Cn5c(=O)[nH]c(=O)c6ccccc65)cc4)cc32)cc1,BRICS-01522
O=C(Nc1ccc(-n2c(=O)[nH]c3ncc(-c4ccc(Cn5c(=O)[nH]c(=O)c6ccccc65)cc4)cc32)cc1)c1ccccc1,BRICS-01523
N#Cc1ccc(NC(=O)Nc2ccc(-n3c(=O)[nH]c4ncc(-c5ccc(Cn6c(=O)[nH]c(=O)c7ccccc76)cc5)cc43)cc2)cc1,BRICS-01524
O=c1[nH]c(=O)n(Cc2ccc(-c3cnc4[nH]c(=O)n(-c5ccc(Nc6ccccc6)cc5)c4c3)cc2)c2ccccc12,BRICS-01525
O=c1[nH]c(=O)n(Cc2ccc(-c3cnc4[nH]c(=O)n(-c5ccc(Nc6ccc(O)cc6)cc5)c4c3)cc2)c2ccccc12,BRICS-01526
O=C(O)c1ccc(Nc2ccc(-n3c(=O)[nH]c4ncc(-c5ccc(Cn6c(=O)[nH]c(=O)c7ccccc76)cc5)cc43)cc2)cc1,BRICS-01527
O=c1[nH]c(=O)n(Cc2ccc(-c3cnc4[nH]c(=O)n(-c5ccc(Cn6c(=O)[nH]c(=O)c7ccccc76)cc5)c4c3)cc2)c2ccccc12,BRICS-01528
O=c1[nH]c(=O)n(Cc2ccc(-c3cnc4[nH]c(=O)n(-c5ccc(Cn6c(=O)[nH]c7ccccc76)cc5)c4c3)cc2)c2ccccc12,BRICS-01529
O=c1[nH]c(=O)n(Cc2ccc(-c3cnc4[nH]c(=O)n(-c5ccc(Cc6ccccc6)cc5)c4c3)cc2)c2ccccc12,BRICS-01530
O=c1[nH]c(=O)n(Cc2ccc(-c3cnc4[nH]c(=O)n(-c5ccc(Cc6ccc(O)cc6)cc5)c4c3)cc2)c2ccccc12,BRICS-01531
O=C(O)c1ccc(Cc2ccc(-n3c(=O)[nH]c4ncc(-c5ccc(Cn6c(=O)[nH]c(=O)c7ccccc76)cc5)cc43)cc2)cc1,BRICS-01532
O=c1[nH]c(=O)n(Cc2ccc(-c3cnc4[nH]c(=O)n(-c5cnc6[nH]c(=O)n(Cc7ccccc7)c6c5)c4c3)cc2)c2ccccc12,BRICS-01533
O=c1[nH]c(=O)n(Cc2ccc(-c3cnc4[nH]c(=O)n(-c5cnc6[nH]c(=O)n(-c7ccccc7)c6c5)c4c3)cc2)c2ccccc12,BRICS-01534
O=c1[nH]c(=O)n(Cc2ccc(-c3cnc4[nH]c(=O)n(-c5cnc6[nH]c(=O)n(-c7ccc(O)cc7)c6c5)c4c3)cc2)c2ccccc12,BRICS-01535
O=C(O)c1ccc(-n2c(=O)[nH]c3ncc(-n4c(=O)[nH]c5ncc(-c6ccc(Cn7c(=O)[nH]c(=O)c8ccccc87)cc6)cc54)cc32)cc1,BRICS-01536
O=c1[nH]c(=O)n(Cc2ccc(-c3cnc4[nH]c(=O)n(-c5noc(-c6ccccc6)n5)c4c3)cc2)c2ccccc12,BRICS-01537
O=c1[nH]c(=O)n(Cc2ccc(-c3cnc4[nH]c(=O)n(-c5noc(-c6ccc(O)cc6)n5)c4c3)cc2)c2ccccc12,BRICS-01538
O=C(O)c1ccc(-c2nc(-n3c(=O)[nH]c4ncc(-c5ccc(Cn6c(=O)[nH]c(=O)c7ccccc76)cc5)cc43)no2)cc1,BRICS-01539
N#Cc1ccc(Nc2nc(-n3c(=O)[nH]c4ncc(-c5ccc(Cn6c(=O)[nH]c(=O)c7ccccc76)cc5)cc43)no2)cc1,BRICS-01540
O=c1[nH]c(=O)n(Cc2ccc(-c3cnc4[nH]c(=O)n(-c5noc(Nc6ccccc6)n5)c4c3)cc2)c2ccccc12,BRICS-01541
O=c1[nH]c(=O)n(Cc2ccc(-c3cnc4[nH]c(=O)n(-c5noc(Cc6ccccc6)n5)c4c3)cc2)c2ccccc12,BRICS-01542
O=c1[nH]c(=O)n(Cc2ccc(-c3cnc4[nH]c(=O)n(-c5noc(Cn6c(=O)[nH]c(=O)c7ccccc76)n5)c4c3)cc2)c2ccccc12,BRICS-01543
O=c1[nH]c(=O)n(Cc2ccc(-c3cnc4[nH]c(=O)n(-c5noc(-n6c(=O)[nH]c(=O)c7ccccc76)n5)c4c3)cc2)c2ccccc12,BRICS-01544
O=c1[nH]c(=O)n(Cc2ccc(-c3cnc4[nH]c(=O)n(-c5noc(-n6c(=O)[nH]c7ccccc76)n5)c4c3)cc2)c2ccccc12,BRICS-01545
N#Cc1ccc(NS(=O)(=O)c2cc(-n3c(=O)[nH]c4ncc(-c5ccc(Cn6c(=O)[nH]c(=O)c7ccccc76)cc5)cc43)[nH]n2)cc1,BRICS-01546
O=c1[nH]c(=O)n(Cc2ccc(-c3cnc4[nH]c(=O)n(-c5cc(S(=O)(=O)Nc6ccccc6)n[nH]5)c4c3)cc2)c2ccccc12,BRICS-01547
O=c1[nH]c(=O)n(Cc2ccc(-c3cnc4[nH]c(=O)n(-c5cnc6[nH]c(=O)n(Cc7ccc(O)cc7)c6c5)c4c3)cc2)c2ccccc12,BRICS-01548
O=C(Nc1ccc2sc(-n3c(=O)[nH]c4ncc(-c5ccc(Cn6c(=O)[nH]c(=O)c7ccccc76)cc5)cc43)nc2c1)c1ccco1,BRICS-01549
O=C(Nc1ccc2sc(-n3c(=O)[nH]c4ncc(-c5ccc(Cn6c(=O)[nH]c(=O)c7ccccc76)cc5)cc43)nc2c1)c1ccccc1,BRICS-01550
O=c1[nH]c(=O)n(Cc2ccc(-c3cnc4[nH]c(=O)n(-c5nc6cc(Nc7ccccc7)ccc6s5)c4c3)cc2)c2ccccc12,BRICS-01551
O=c1[nH]c(=O)n(Cc2ccc(-c3cnc4[nH]c(=O)n(-c5nc6cc(Nc7ccc(O)cc7)ccc6s5)c4c3)cc2)c2ccccc12,BRICS-01552
O=C(NS(=O)(=O)c1cc(-n2c(=O)[nH]c3ncc(-c4ccc(Cn5c(=O)[nH]c(=O)c6ccccc65)cc4)cc32)[nH]n1)c1ccco1,BRICS-01553
O=C(Nc1ccccc1)NS(=O)(=O)c1cc(-n2c(=O)[nH]c3ncc(-c4ccc(Cn5c(=O)[nH]c(=O)c6ccccc65)cc4)cc32)[nH]n1,BRICS-01554
O=C(NS(=O)(=O)c1cc(-n2c(=O)[nH]c3ncc(-c4ccc(Cn5c(=O)[nH]c(=O)c6ccccc65)cc4)cc32)[nH]n1)c1ccccc1,BRICS-01555
O=c1[nH]c(=O)n(Cc2ccc(-c3cnc4[nH]c(=O)n(-c5cc(S(=O)(=O)Nc6ccc(O)cc6)n[nH]5)c4c3)cc2)c2ccccc12,BRICS-01556
O=c1[nH]c(=O)n(Cc2ccc(-c3cnc4[nH]c(=O)n(-c5ccc(-c6ccccc6)cc5)c4c3)cc2)c2ccccc12,BRICS-01557
O=c1[nH]c(=O)n(Cc2ccc(-c3cnc4[nH]c(=O)n(-c5ccc(-c6ccc(O)cc6)cc5)c4c3)cc2)c2ccccc12,BRICS-01558
O=C(O)c1ccc(-c2ccc(-n3c(=O)[nH]c4ncc(-c5ccc(Cn6c(=O)[nH]c(=O)c7ccccc76)cc5)cc43)cc2)cc1,BRICS-01559
N#Cc1ccc(Nc2ccc(-n3c(=O)[nH]c4ncc(-c5ccc(Cn6c(=O)[nH]c(=O)c7ccccc76)cc5)cc43)cc2)cc1,BRICS-01560
O=c1[nH]c(=O)n(Cc2ccc(-c3cnc4[nH]c(=O)n(-c5ccc(-n6c(=O)[nH]c(=O)c7ccccc76)cc5)c4c3)cc2)c2ccccc12,BRICS-01561
O=c1[nH]c(=O)n(Cc2ccc(-c3cnc4[nH]c(=O)n(-c5ccc(-n6c(=O)[nH]c7ccccc76)cc5)c4c3)cc2)c2ccccc12,BRICS-01562
O=c1[nH]c(=O)n(Cc2ccc(-c3cnc4[nH]c(=O)n(-c5nc(-c6ccccc6)no5)c4c3)cc2)c2ccccc12,BRICS-01563
O=c1[nH]c(=O)n(Cc2ccc(-c3cnc4[nH]c(=O)n(-c5nc(-c6ccc(O)cc6)no5)c4c3)cc2)c2ccccc12,BRICS-01564
O=C(O)c1ccc(-c2noc(-n3c(=O)[nH]c4ncc(-c5ccc(Cn6c(=O)[nH]c(=O)c7ccccc76)cc5)cc43)n2)cc1,BRICS-01565
N#Cc1ccc(Nc2noc(-n3c(=O)[nH]c4ncc(-c5ccc(Cn6c(=O)[nH]c(=O)c7ccccc76)cc5)cc43)n2)cc1,BRICS-01566
O=c1[nH]c(=O)n(Cc2ccc(-c3cnc4[nH]c(=O)n(-c5nc(Nc6ccccc6)no5)c4c3)cc2)c2ccccc12,BRICS-01567
O=c1[nH]c(=O)n(Cc2ccc(-c3cnc4[nH]c(=O)n(-c5nc(Cc6ccccc6)no5)c4c3)cc2)c2ccccc12,BRICS-01568
O=c1[nH]c(=O)n(Cc2ccc(-c3cnc4[nH]c(=O)n(-c5nc(Cn6c(=O)[nH]c(=O)c7ccccc76)no5)c4c3)cc2)c2ccccc12,BRICS-01569
O=c1[nH]c(=O)n(Cc2ccc(-c3cnc4[nH]c(=O)n(-c5nc(-n6c(=O)[nH]c(=O)c7ccccc76)no5)c4c3)cc2)c2ccccc12,BRICS-01570
O=c1[nH]c(=O)n(Cc2ccc(-c3cnc4[nH]c(=O)n(-c5nc(-n6c(=O)[nH]c7ccccc76)no5)c4c3)cc2)c2ccccc12,BRICS-01571
O=c1[nH]c(=O)n(Cc2ccc(-c3ccc(Cc4ccccc4)cc3)cc2)c2ccccc12,BRICS-01572
O=c1[nH]c(=O)n(Cc2ccc(-c3ccc(Cc4ccc(O)cc4)cc3)cc2)c2ccccc12,BRICS-01573
O=C(O)c1ccc(Cc2ccc(-c3ccc(Cn4c(=O)[nH]c(=O)c5ccccc54)cc3)cc2)cc1,BRICS-01574
O=c1[nH]c(=O)n(Cc2ccc(-c3ccc(Cn4c(=O)[nH]c(=O)c5ccccc54)cc3)cc2)c2ccccc12,BRICS-01575
O=c1[nH]c(=O)n(Cc2ccc(-c3ccc(Cn4c(=O)[nH]c5ccccc54)cc3)cc2)c2ccccc12,BRICS-01576
N#Cc1ccc(NC(=O)Nc2ccc3sc(Cc4ccc(-c5ccc(Cn6c(=O)[nH]c(=O)c7ccccc76)cc5)cc4)nc3c2)cc1,BRICS-01577
O=C(Nc1ccccc1)Nc1ccc2sc(Cc3ccc(-c4ccc(Cn5c(=O)[nH]c(=O)c6ccccc65)cc4)cc3)nc2c1,BRICS-01578
O=C(Nc1ccc2sc(Cc3ccc(-c4ccc(Cn5c(=O)[nH]c(=O)c6ccccc65)cc4)cc3)nc2c1)c1ccco1,BRICS-01579
O=C(Nc1ccc2sc(Cc3ccc(-c4ccc(Cn5c(=O)[nH]c(=O)c6ccccc65)cc4)cc3)nc2c1)c1ccccc1,BRICS-01580
O=c1[nH]c(=O)n(Cc2ccc(-c3ccc(Cc4nc5cc(Nc6ccccc6)ccc5s4)cc3)cc2)c2ccccc12,BRICS-01581
O=c1[nH]c(=O)n(Cc2ccc(-c3ccc(Cc4nc5cc(Nc6ccc(O)cc6)ccc5s4)cc3)cc2)c2ccccc12,BRICS-01582
O=C(O)c1ccc(Nc2ccc3sc(Cc4ccc(-c5ccc(Cn6c(=O)[nH]c(=O)c7ccccc76)cc5)cc4)nc3c2)cc1,BRICS-01583
O=C(Nc1ccc(Cc2ccc(-c3ccc(Cn4c(=O)[nH]c(=O)c5ccccc54)cc3)cc2)cc1)c1ccco1,BRICS-01584
O=C(Nc1ccccc1)Nc1ccc(Cc2ccc(-c3ccc(Cn4c(=O)[nH]c(=O)c5ccccc54)cc3)cc2)cc1,BRICS-01585
O=C(Nc1ccc(Cc2ccc(-c3ccc(Cn4c(=O)[nH]c(=O)c5ccccc54)cc3)cc2)cc1)c1ccccc1,BRICS-01586
N#Cc1ccc(NC(=O)Nc2ccc(Cc3ccc(-c4ccc(Cn5c(=O)[nH]c(=O)c6ccccc65)cc4)cc3)cc2)cc1,BRICS-01587
O=c1[nH]c(=O)n(Cc2ccc(-c3ccc(Cc4ccc(Nc5ccccc5)cc4)cc3)cc2)c2ccccc12,BRICS-01588
O=c1[nH]c(=O)n(Cc2ccc(-c3ccc(Cc4ccc(Nc5ccc(O)cc5)cc4)cc3)cc2)c2ccccc12,BRICS-01589
O=C(O)c1ccc(Nc2ccc(Cc3ccc(-c4ccc(Cn5c(=O)[nH]c(=O)c6ccccc65)cc4)cc3)cc2)cc1,BRICS-01590
N#Cc1ccc(Nc2noc(Cc3ccc(-c4ccc(Cn5c(=O)[nH]c(=O)c6ccccc65)cc4)cc3)n2)cc1,BRICS-01591
O=c1[nH]c(=O)n(Cc2ccc(-c3ccc(Cc4nc(Nc5ccccc5)no4)cc3)cc2)c2ccccc12,BRICS-01592
O=c1[nH]c(=O)n(Cc2ccc(-c3ccc(Cc4nc(-c5ccccc5)no4)cc3)cc2)c2ccccc12,BRICS-01593
O=c1[nH]c(=O)n(Cc2ccc(-c3ccc(Cc4nc(-c5ccc(O)cc5)no4)cc3)cc2)c2ccccc12,BRICS-01594
O=C(O)c1ccc(-c2noc(Cc3ccc(-c4ccc(Cn5c(=O)[nH]c(=O)c6ccccc65)cc4)cc3)n2)cc1,BRICS-01595
O=c1[nH]c(=O)n(Cc2ccc(-c3ccc(Cc4nc(-n5c(=O)[nH]c(=O)c6ccccc65)no4)cc3)cc2)c2ccccc12,BRICS-01596
O=c1[nH]c(=O)n(Cc2ccc(-c3ccc(Cc4nc(-n5c(=O)[nH]c6ccccc65)no4)cc3)cc2)c2ccccc12,BRICS-01597
O=c1[nH]c(=O)n(Cc2ccc(-c3ccc(Cc4nc(Cc5ccccc5)no4)cc3)cc2)c2ccccc12,BRICS-01598
O=c1[nH]c(=O)n(Cc2ccc(-c3ccc(Cc4nc(Cn5c(=O)[nH]c(=O)c6ccccc65)no4)cc3)cc2)c2ccccc12,BRICS-01599
N#Cc1ccc(Nc2ccc(Cc3ccc(-c4ccc(Cn5c(=O)[nH]c(=O)c6ccccc65)cc4)cc3)cc2)cc1,BRICS-01600
O=c1[nH]c(=O)n(Cc2ccc(-c3ccc(Cc4ccc(Cc5ccccc5)cc4)cc3)cc2)c2ccccc12,BRICS-01601
O=c1[nH]c(=O)n(Cc2ccc(Cc3ccc(-c4ccc(Cn5c(=O)[nH]c(=O)c6ccccc65)cc4)cc3)cc2)c2ccccc12,BRICS-01602
O=c1[nH]c(=O)n(Cc2ccc(-c3ccc(Cc4ccc(-n5c(=O)[nH]c(=O)c6ccccc65)cc4)cc3)cc2)c2ccccc12,BRICS-01603
O=c1[nH]c(=O)n(Cc2ccc(-c3ccc(Cc4ccc(-n5c(=O)[nH]c6ccccc65)cc4)cc3)cc2)c2ccccc12,BRICS-01604
O=c1[nH]c(=O)n(Cc2ccc(-c3ccc(Cc4ccc(-c5ccccc5)cc4)cc3)cc2)c2ccccc12,BRICS-01605
O=c1[nH]c(=O)n(Cc2ccc(-c3ccc(Cc4ccc(-c5ccc(O)cc5)cc4)cc3)cc2)c2ccccc12,BRICS-01606
O=C(O)c1ccc(-c2ccc(Cc3ccc(-c4ccc(Cn5c(=O)[nH]c(=O)c6ccccc65)cc4)cc3)cc2)cc1,BRICS-01607
N#Cc1ccc(NS(=O)(=O)c2cc(Cc3ccc(-c4ccc(Cn5c(=O)[nH]c(=O)c6ccccc65)cc4)cc3)[nH]n2)cc1,BRICS-01608
O=c1[nH]c(=O)n(Cc2ccc(-c3ccc(Cc4cc(S(=O)(=O)Nc5ccccc5)n[nH]4)cc3)cc2)c2ccccc12,BRICS-01609
O=c1[nH]c(=O)n(Cc2ccc(-c3ccc(Cc4cnc5[nH]c(=O)n(Cn6c(=O)[nH]c(=O)c7ccccc76)c5c4)cc3)cc2)c2ccccc12,BRICS-01610
O=c1[nH]c(=O)n(Cc2ccc(-c3ccc(Cc4cnc5[nH]c(=O)n(Cn6c(=O)[nH]c7ccccc76)c5c4)cc3)cc2)c2ccccc12,BRICS-01611
O=c1[nH]c(=O)n(Cc2ccc(-c3ccc(Cc4cnc5[nH]c(=O)n(Cc6ccccc6)c5c4)cc3)cc2)c2ccccc12,BRICS-01612
O=c1[nH]c(=O)n(Cc2ccc(-c3ccc(Cc4cnc5[nH]c(=O)n(Cc6ccc(O)cc6)c5c4)cc3)cc2)c2ccccc12,BRICS-01613
O=C(O)c1ccc(Cn2c(=O)[nH]c3ncc(Cc4ccc(-c5ccc(Cn6c(=O)[nH]c(=O)c7ccccc76)cc5)cc4)cc32)cc1,BRICS-01614
N#Cc1ccc(Nc2cnc3[nH]c(=O)n(Cc4ccc(-c5ccc(Cn6c(=O)[nH]c(=O)c7ccccc76)cc5)cc4)c3c2)cc1,BRICS-01615
O=c1[nH]c(=O)n(Cc2ccc(-c3ccc(Cn4c(=O)[nH]c5ncc(Nc6ccccc6)cc54)cc3)cc2)c2ccccc12,BRICS-01616
O=c1[nH]c(=O)n(Cc2ccc(-c3ccc(Cn4c(=O)[nH]c5ncc(Cc6ccccc6)cc54)cc3)cc2)c2ccccc12,BRICS-01617
O=c1[nH]c(=O)n(Cc2ccc(-c3ccc(Cn4c(=O)[nH]c5ncc(Cn6c(=O)[nH]c(=O)c7ccccc76)cc54)cc3)cc2)c2ccccc12,BRICS-01618
O=c1[nH]c(=O)n(Cc2ccc(-c3ccc(Cn4c(=O)[nH]c5ncc(-n6c(=O)[nH]c(=O)c7ccccc76)cc54)cc3)cc2)c2ccccc12,BRICS-01619
O=c1[nH]c(=O)n(Cc2ccc(-c3ccc(Cn4c(=O)[nH]c5ncc(-n6c(=O)[nH]c7ccccc76)cc54)cc3)cc2)c2ccccc12,BRICS-01620
O=c1[nH]c(=O)n(Cc2ccc(-c3ccc(Cn4c(=O)[nH]c5ncc(-c6ccccc6)cc54)cc3)cc2)c2ccccc12,BRICS-01621
O=c1[nH]c(=O)n(Cc2ccc(-c3ccc(Cn4c(=O)[nH]c5ncc(-c6ccc(O)cc6)cc54)cc3)cc2)c2ccccc12,BRICS-01622
O=C(O)c1ccc(-c2cnc3[nH]c(=O)n(Cc4ccc(-c5ccc(Cn6c(=O)[nH]c(=O)c7ccccc76)cc5)cc4)c3c2)cc1,BRICS-01623
O=c1[nH]c(=O)n(Cc2ccc(-c3ccc(Cc4cnc5[nH]c(=O)n(-c6ccccc6)c5c4)cc3)cc2)c2ccccc12,BRICS-01624
O=c1[nH]c(=O)n(Cc2ccc(-c3ccc(Cc4cnc5[nH]c(=O)n(-c6ccc(O)cc6)c5c4)cc3)cc2)c2ccccc12,BRICS-01625
O=C(O)c1ccc(-n2c(=O)[nH]c3ncc(Cc4ccc(-c5ccc(Cn6c(=O)[nH]c(=O)c7ccccc76)cc5)cc4)cc32)cc1,BRICS-01626
N#Cc1ccc(Nc2nc(Cc3ccc(-c4ccc(Cn5c(=O)[nH]c(=O)c6ccccc65)cc4)cc3)no2)cc1,BRICS-01627
O=c1[nH]c(=O)n(Cc2ccc(-c3ccc(Cc4noc(Nc5ccccc5)n4)cc3)cc2)c2ccccc12,BRICS-01628
O=c1[nH]c(=O)n(Cc2ccc(-c3ccc(Cc4noc(-c5ccccc5)n4)cc3)cc2)c2ccccc12,BRICS-01629
O=c1[nH]c(=O)n(Cc2ccc(-c3ccc(Cc4noc(-c5ccc(O)cc5)n4)cc3)cc2)c2ccccc12,BRICS-01630
O=C(O)c1ccc(-c2nc(Cc3ccc(-c4ccc(Cn5c(=O)[nH]c(=O)c6ccccc65)cc4)cc3)no2)cc1,BRICS-01631
O=c1[nH]c(=O)n(Cc2ccc(-c3ccc(Cc4noc(-n5c(=O)[nH]c(=O)c6ccccc65)n4)cc3)cc2)c2ccccc12,BRICS-01632
O=c1[nH]c(=O)n(Cc2ccc(-c3ccc(Cc4noc(-n5c(=O)[nH]c6ccccc65)n4)cc3)cc2)c2ccccc12,BRICS-01633
O=c1[nH]c(=O)n(Cc2ccc(-c3ccc(Cc4noc(Cc5ccccc5)n4)cc3)cc2)c2ccccc12,BRICS-01634
O=c1[nH]c(=O)n(Cc2ccc(-c3ccc(Cc4noc(Cn5c(=O)[nH]c(=O)c6ccccc65)n4)cc3)cc2)c2ccccc12,BRICS-01635
O=c1[nH]c(=O)n(Cc2ccc(-c3ccc(Cc4ccc(Cn5c(=O)[nH]c6ccccc65)cc4)cc3)cc2)c2ccccc12,BRICS-01636
O=c1[nH]c(=O)n(Cc2ccc(-c3ccc(Cc4ccc(Cc5ccc(O)cc5)cc4)cc3)cc2)c2ccccc12,BRICS-01637
O=C(O)c1ccc(Cc2ccc(Cc3ccc(-c4ccc(Cn5c(=O)[nH]c(=O)c6ccccc65)cc4)cc3)cc2)cc1,BRICS-01638
O=C(NS(=O)(=O)c1cc(Cc2ccc(-c3ccc(Cn4c(=O)[nH]c(=O)c5ccccc54)cc3)cc2)[nH]n1)c1ccco1,BRICS-01639
O=C(Nc1ccccc1)NS(=O)(=O)c1cc(Cc2ccc(-c3ccc(Cn4c(=O)[nH]c(=O)c5ccccc54)cc3)cc2)[nH]n1,BRICS-01640
O=C(NS(=O)(=O)c1cc(Cc2ccc(-c3ccc(Cn4c(=O)[nH]c(=O)c5ccccc54)cc3)cc2)[nH]n1)c1ccccc1,BRICS-01641
N#Cc1ccc(NC(=O)NS(=O)(=O)c2cc(Cc3ccc(-c4ccc(Cn5c(=O)[nH]c(=O)c6ccccc65)cc4)cc3)[nH]n2)cc1,BRICS-01642
O=c1[nH]c(=O)n(Cc2ccc(-c3ccc(Cc4cc(S(=O)(=O)Nc5ccc(O)cc5)n[nH]4)cc3)cc2)c2ccccc12,BRICS-01643
O=C(O)c1ccc(NS(=O)(=O)c2cc(Cc3ccc(-c4ccc(Cn5c(=O)[nH]c(=O)c6ccccc65)cc4)cc3)[nH]n2)cc1,BRICS-01644
O=c1[nH]c(=O)n(Cc2ccc(Cc3ccc(Cc4ccccc4)cc3)cc2)c2ccccc12,BRICS-01645
O=c1[nH]c(=O)n(Cc2ccc(Cc3ccc(Cn4c(=O)[nH]c(=O)c5ccccc54)cc3)cc2)c2ccccc12,BRICS-01646
O=c1[nH]c(=O)n(Cc2ccc(Cc3ccc(-n4c(=O)[nH]c(=O)c5ccccc54)cc3)cc2)c2ccccc12,BRICS-01647
O=c1[nH]c(=O)n(Cc2ccc(Cc3ccc(-n4c(=O)[nH]c5ccccc54)cc3)cc2)c2ccccc12,BRICS-01648
O=c1[nH]c(=O)n(Cc2ccc(Cc3ccc(-c4ccccc4)cc3)cc2)c2ccccc12,BRICS-01649
O=c1[nH]c(=O)n(Cc2ccc(Cc3ccc(-c4ccc(O)cc4)cc3)cc2)c2ccccc12,BRICS-01650
O=C(O)c1ccc(-c2ccc(Cc3ccc(Cn4c(=O)[nH]c(=O)c5ccccc54)cc3)cc2)cc1,BRICS-01651
N#Cc1ccc(Nc2ccc(Cc3ccc(Cn4c(=O)[nH]c(=O)c5ccccc54)cc3)cc2)cc1,BRICS-01652
O=c1[nH]c(=O)n(Cc2ccc(Cc3ccc(Nc4ccccc4)cc3)cc2)c2ccccc12,BRICS-01653
O=c1[nH]c(=O)n(Cc2ccc(Cc3ccc(-c4noc(-n5c(=O)[nH]c(=O)c6ccccc65)n4)cc3)cc2)c2ccccc12,BRICS-01654
O=c1[nH]c(=O)n(Cc2ccc(Cc3ccc(-c4noc(-n5c(=O)[nH]c6ccccc65)n4)cc3)cc2)c2ccccc12,BRICS-01655
O=c1[nH]c(=O)n(Cc2ccc(Cc3ccc(-c4noc(-c5ccccc5)n4)cc3)cc2)c2ccccc12,BRICS-01656
O=c1[nH]c(=O)n(Cc2ccc(Cc3ccc(-c4noc(-c5ccc(O)cc5)n4)cc3)cc2)c2ccccc12,BRICS-01657
O=C(O)c1ccc(-c2nc(-c3ccc(Cc4ccc(Cn5c(=O)[nH]c(=O)c6ccccc65)cc4)cc3)no2)cc1,BRICS-01658
O=c1[nH]c(=O)n(Cc2ccc(Cc3ccc(-c4noc(Cc5ccccc5)n4)cc3)cc2)c2ccccc12,BRICS-01659
O=c1[nH]c(=O)n(Cc2ccc(Cc3ccc(-c4noc(Cn5c(=O)[nH]c(=O)c6ccccc65)n4)cc3)cc2)c2ccccc12,BRICS-01660
N#Cc1ccc(Nc2nc(-c3ccc(Cc4ccc(Cn5c(=O)[nH]c(=O)c6ccccc65)cc4)cc3)no2)cc1,BRICS-01661
O=c1[nH]c(=O)n(Cc2ccc(Cc3ccc(-c4noc(Nc5ccccc5)n4)cc3)cc2)c2ccccc12,BRICS-01662
O=c1[nH]c(=O)n(Cc2ccc(Cc3ccc(Cc4ccc(-n5c(=O)[nH]c(=O)c6ccccc65)cc4)cc3)cc2)c2ccccc12,BRICS-01663
O=c1[nH]c(=O)n(Cc2ccc(Cc3ccc(Cc4ccc(-n5c(=O)[nH]c6ccccc65)cc4)cc3)cc2)c2ccccc12,BRICS-01664
N#Cc1ccc(Nc2ccc(Cc3ccc(Cc4ccc(Cn5c(=O)[nH]c(=O)c6ccccc65)cc4)cc3)cc2)cc1,BRICS-01665
O=c1[nH]c(=O)n(Cc2ccc(Cc3ccc(Cc4ccc(Nc5ccccc5)cc4)cc3)cc2)c2ccccc12,BRICS-01666
O=c1[nH]c(=O)n(Cc2ccc(Cc3ccc(Cc4ccc(Cc5ccccc5)cc4)cc3)cc2)c2ccccc12,BRICS-01667
O=c1[nH]c(=O)n(Cc2ccc(Cc3ccc(Cc4ccc(Cn5c(=O)[nH]c(=O)c6ccccc65)cc4)cc3)cc2)c2ccccc12,BRICS-01668
O=c1[nH]c(=O)n(Cc2ccc(Cc3ccc(Cc4ccc(-c5ccccc5)cc4)cc3)cc2)c2ccccc12,BRICS-01669
O=c1[nH]c(=O)n(Cc2ccc(Cc3ccc(Cc4ccc(-c5ccc(O)cc5)cc4)cc3)cc2)c2ccccc12,BRICS-01670
O=C(O)c1ccc(-c2ccc(Cc3ccc(Cc4ccc(Cn5c(=O)[nH]c(=O)c6ccccc65)cc4)cc3)cc2)cc1,BRICS-01671
O=c1[nH]c(=O)n(Cc2ccc(Cc3ccc(NS(=O)(=O)c4cc(-n5c(=O)[nH]c(=O)c6ccccc65)[nH]n4)cc3)cc2)c2ccccc12,BRICS-01672
O=c1[nH]c(=O)n(Cc2ccc(Cc3ccc(NS(=O)(=O)c4cc(-n5c(=O)[nH]c6ccccc65)[nH]n4)cc3)cc2)c2ccccc12,BRICS-01673
O=c1[nH]c(=O)n(Cc2ccc(Cc3ccc(NS(=O)(=O)c4cc(-c5ccccc5)[nH]n4)cc3)cc2)c2ccccc12,BRICS-01674
O=c1[nH]c(=O)n(Cc2ccc(Cc3ccc(NS(=O)(=O)c4cc(-c5ccc(O)cc5)[nH]n4)cc3)cc2)c2ccccc12,BRICS-01675
O=C(O)c1ccc(-c2cc(S(=O)(=O)Nc3ccc(Cc4ccc(Cn5c(=O)[nH]c(=O)c6ccccc65)cc4)cc3)n[nH]2)cc1,BRICS-01676
O=c1[nH]c(=O)n(Cc2ccc(Cc3ccc(NS(=O)(=O)c4cc(Cc5ccccc5)[nH]n4)cc3)cc2)c2ccccc12,BRICS-01677
N#Cc1ccc(Nc2cc(S(=O)(=O)Nc3ccc(Cc4ccc(Cn5c(=O)[nH]c(=O)c6ccccc65)cc4)cc3)n[nH]2)cc1,BRICS-01678
O=c1[nH]c(=O)n(Cc2ccc(Cc3ccc(NS(=O)(=O)c4cc(Nc5ccccc5)[nH]n4)cc3)cc2)c2ccccc12,BRICS-01679
O=c1[nH]c(=O)n(Cc2ccc(Cc3ccc(Cn4c(=O)[nH]c5ncc(-n6c(=O)[nH]c(=O)c7ccccc76)cc54)cc3)cc2)c2ccccc12,BRICS-01680
O=c1[nH]c(=O)n(Cc2ccc(Cc3ccc(Cn4c(=O)[nH]c5ncc(-n6c(=O)[nH]c7ccccc76)cc54)cc3)cc2)c2ccccc12,BRICS-01681
N#Cc1ccc(Nc2cnc3[nH]c(=O)n(Cc4ccc(Cc5ccc(Cn6c(=O)[nH]c(=O)c7ccccc76)cc5)cc4)c3c2)cc1,BRICS-01682
O=c1[nH]c(=O)n(Cc2ccc(Cc3ccc(Cn4c(=O)[nH]c5ncc(Nc6ccccc6)cc54)cc3)cc2)c2ccccc12,BRICS-01683
O=c1[nH]c(=O)n(Cc2ccc(Cc3ccc(Cn4c(=O)[nH]c5ncc(Cc6ccccc6)cc54)cc3)cc2)c2ccccc12,BRICS-01684
O=c1[nH]c(=O)n(Cc2ccc(Cc3ccc(Cn4c(=O)[nH]c5ncc(-c6ccccc6)cc54)cc3)cc2)c2ccccc12,BRICS-01685
O=c1[nH]c(=O)n(Cc2ccc(Cc3ccc(Cn4c(=O)[nH]c5ncc(-c6ccc(O)cc6)cc54)cc3)cc2)c2ccccc12,BRICS-01686
O=C(O)c1ccc(-c2cnc3[nH]c(=O)n(Cc4ccc(Cc5ccc(Cn6c(=O)[nH]c(=O)c7ccccc76)cc5)cc4)c3c2)cc1,BRICS-01687
O=C(NS(=O)(=O)c1cc(-c2ccc(Cc3ccc(Cn4c(=O)[nH]c(=O)c5ccccc54)cc3)cc2)[nH]n1)c1ccco1,BRICS-01688
O=C(Nc1ccccc1)NS(=O)(=O)c1cc(-c2ccc(Cc3ccc(Cn4c(=O)[nH]c(=O)c5ccccc54)cc3)cc2)[nH]n1,BRICS-01689
O=C(NS(=O)(=O)c1cc(-c2ccc(Cc3ccc(Cn4c(=O)[nH]c(=O)c5ccccc54)cc3)cc2)[nH]n1)c1ccccc1,BRICS-01690
N#Cc1ccc(NC(=O)NS(=O)(=O)c2cc(-c3ccc(Cc4ccc(Cn5c(=O)[nH]c(=O)c6ccccc65)cc4)cc3)[nH]n2)cc1,BRICS-01691
O=c1[nH]c(=O)n(Cc2ccc(Cc3ccc(-c4cc(S(=O)(=O)Nc5ccccc5)n[nH]4)cc3)cc2)c2ccccc12,BRICS-01692
O=c1[nH]c(=O)n(Cc2ccc(Cc3ccc(-c4cc(S(=O)(=O)Nc5ccc(O)cc5)n[nH]4)cc3)cc2)c2ccccc12,BRICS-01693
O=C(O)c1ccc(NS(=O)(=O)c2cc(-c3ccc(Cc4ccc(Cn5c(=O)[nH]c(=O)c6ccccc65)cc4)cc3)[nH]n2)cc1,BRICS-01694
O=c1[nH]c(=O)n(Cc2ccc(Cc3ccc(-c4ccc(Cn5c(=O)[nH]c6ccccc65)cc4)cc3)cc2)c2ccccc12,BRICS-01695
O=c1[nH]c(=O)n(Cc2ccc(Cc3ccc(-c4ccc(Cc5ccccc5)cc4)cc3)cc2)c2ccccc12,BRICS-01696
O=c1[nH]c(=O)n(Cc2ccc(Cc3ccc(-c4ccc(Cc5ccc(O)cc5)cc4)cc3)cc2)c2ccccc12,BRICS-01697
O=C(O)c1ccc(Cc2ccc(-c3ccc(Cc4ccc(Cn5c(=O)[nH]c(=O)c6ccccc65)cc4)cc3)cc2)cc1,BRICS-01698
O=C(Nc1ccc2sc(-c3ccc(Cc4ccc(Cn5c(=O)[nH]c(=O)c6ccccc65)cc4)cc3)nc2c1)c1ccco1,BRICS-01699
O=C(Nc1ccccc1)Nc1ccc2sc(-c3ccc(Cc4ccc(Cn5c(=O)[nH]c(=O)c6ccccc65)cc4)cc3)nc2c1,BRICS-01700
O=C(Nc1ccc2sc(-c3ccc(Cc4ccc(Cn5c(=O)[nH]c(=O)c6ccccc65)cc4)cc3)nc2c1)c1ccccc1,BRICS-01701
N#Cc1ccc(NC(=O)Nc2ccc3sc(-c4ccc(Cc5ccc(Cn6c(=O)[nH]c(=O)c7ccccc76)cc5)cc4)nc3c2)cc1,BRICS-01702
O=c1[nH]c(=O)n(Cc2ccc(Cc3ccc(-c4nc5cc(Nc6ccccc6)ccc5s4)cc3)cc2)c2ccccc12,BRICS-01703
O=c1[nH]c(=O)n(Cc2ccc(Cc3ccc(-c4nc5cc(Nc6ccc(O)cc6)ccc5s4)cc3)cc2)c2ccccc12,BRICS-01704
O=C(O)c1ccc(Nc2ccc3sc(-c4ccc(Cc5ccc(Cn6c(=O)[nH]c(=O)c7ccccc76)cc5)cc4)nc3c2)cc1,BRICS-01705
O=c1[nH]c(=O)n(Cc2ccc(Cc3ccc(-c4ccc(-n5c(=O)[nH]c(=O)c6ccccc65)cc4)cc3)cc2)c2ccccc12,BRICS-01706
O=c1[nH]c(=O)n(Cc2ccc(Cc3ccc(-c4ccc(-n5c(=O)[nH]c6ccccc65)cc4)cc3)cc2)c2ccccc12,BRICS-01707
N#Cc1ccc(Nc2ccc(-c3ccc(Cc4ccc(Cn5c(=O)[nH]c(=O)c6ccccc65)cc4)cc3)cc2)cc1,BRICS-01708
O=c1[nH]c(=O)n(Cc2ccc(Cc3ccc(-c4ccc(Nc5ccccc5)cc4)cc3)cc2)c2ccccc12,BRICS-01709
O=c1[nH]c(=O)n(Cc2ccc(Cc3ccc(-c4ccc(-c5ccccc5)cc4)cc3)cc2)c2ccccc12,BRICS-01710
O=c1[nH]c(=O)n(Cc2ccc(Cc3ccc(-c4ccc(-c5ccc(O)cc5)cc4)cc3)cc2)c2ccccc12,BRICS-01711
O=C(O)c1ccc(-c2ccc(-c3ccc(Cc4ccc(Cn5c(=O)[nH]c(=O)c6ccccc65)cc4)cc3)cc2)cc1,BRICS-01712
O=c1[nH]c(=O)n(Cc2ccc(Cc3ccc(-n4c(=O)[nH]c5ncc(-n6c(=O)[nH]c(=O)c7ccccc76)cc54)cc3)cc2)c2ccccc12,BRICS-01713
O=c1[nH]c(=O)n(Cc2ccc(Cc3ccc(-n4c(=O)[nH]c5ncc(-n6c(=O)[nH]c7ccccc76)cc54)cc3)cc2)c2ccccc12,BRICS-01714
N#Cc1ccc(Nc2cnc3[nH]c(=O)n(-c4ccc(Cc5ccc(Cn6c(=O)[nH]c(=O)c7ccccc76)cc5)cc4)c3c2)cc1,BRICS-01715
O=c1[nH]c(=O)n(Cc2ccc(Cc3ccc(-n4c(=O)[nH]c5ncc(Nc6ccccc6)cc54)cc3)cc2)c2ccccc12,BRICS-01716
O=c1[nH]c(=O)n(Cc2ccc(Cc3ccc(-n4c(=O)[nH]c5ncc(Cc6ccccc6)cc54)cc3)cc2)c2ccccc12,BRICS-01717
O=c1[nH]c(=O)n(Cc2ccc(Cc3ccc(-n4c(=O)[nH]c5ncc(Cn6c(=O)[nH]c(=O)c7ccccc76)cc54)cc3)cc2)c2ccccc12,BRICS-01718
O=c1[nH]c(=O)n(Cc2ccc(Cc3ccc(-n4c(=O)[nH]c5ncc(-c6ccccc6)cc54)cc3)cc2)c2ccccc12,BRICS-01719
O=c1[nH]c(=O)n(Cc2ccc(Cc3ccc(-n4c(=O)[nH]c5ncc(-c6ccc(O)cc6)cc54)cc3)cc2)c2ccccc12,BRICS-01720
O=C(O)c1ccc(-c2cnc3[nH]c(=O)n(-c4ccc(Cc5ccc(Cn6c(=O)[nH]c(=O)c7ccccc76)cc5)cc4)c3c2)cc1,BRICS-01721
N#Cc1ccc(NS(=O)(=O)c2cc(-c3ccc(Cc4ccc(Cn5c(=O)[nH]c(=O)c6ccccc65)cc4)cc3)[nH]n2)cc1,BRICS-01722
O=c1[nH]c(=O)n(Cc2ccc(Cc3ccc(-c4nc(-n5c(=O)[nH]c(=O)c6ccccc65)no4)cc3)cc2)c2ccccc12,BRICS-01723
O=c1[nH]c(=O)n(Cc2ccc(Cc3ccc(-c4nc(-n5c(=O)[nH]c6ccccc65)no4)cc3)cc2)c2ccccc12,BRICS-01724
O=c1[nH]c(=O)n(Cc2ccc(Cc3ccc(-c4nc(-c5ccccc5)no4)cc3)cc2)c2ccccc12,BRICS-01725
O=c1[nH]c(=O)n(Cc2ccc(Cc3ccc(-c4nc(-c5ccc(O)cc5)no4)cc3)cc2)c2ccccc12,BRICS-01726
O=C(O)c1ccc(-c2noc(-c3ccc(Cc4ccc(Cn5c(=O)[nH]c(=O)c6ccccc65)cc4)cc3)n2)cc1,BRICS-01727
O=c1[nH]c(=O)n(Cc2ccc(Cc3ccc(-c4nc(Cc5ccccc5)no4)cc3)cc2)c2ccccc12,BRICS-01728
O=c1[nH]c(=O)n(Cc2ccc(Cc3ccc(-c4nc(Cn5c(=O)[nH]c(=O)c6ccccc65)no4)cc3)cc2)c2ccccc12,BRICS-01729
N#Cc1ccc(Nc2noc(-c3ccc(Cc4ccc(Cn5c(=O)[nH]c(=O)c6ccccc65)cc4)cc3)n2)cc1,BRICS-01730
O=c1[nH]c(=O)n(Cc2ccc(Cc3ccc(-c4nc(Nc5ccccc5)no4)cc3)cc2)c2ccccc12,BRICS-01731
O=c1[nH]c(=O)n(Cc2ccc(Cc3ccc(Nc4ccc5sc(-n6c(=O)[nH]c7ccccc76)nc5c4)cc3)cc2)c2ccccc12,BRICS-01732
O=c1[nH]c(=O)n(Cc2ccc(Cc3ccc(Nc4ccc5sc(-c6ccccc6)nc5c4)cc3)cc2)c2ccccc12,BRICS-01733
O=c1[nH]c(=O)n(Cc2ccc(Cc3ccc(Nc4ccc5sc(-c6ccc(O)cc6)nc5c4)cc3)cc2)c2ccccc12,BRICS-01734
O=C(O)c1ccc(-c2nc3cc(Nc4ccc(Cc5ccc(Cn6c(=O)[nH]c(=O)c7ccccc76)cc5)cc4)ccc3s2)cc1,BRICS-01735
O=c1[nH]c(=O)n(Cc2ccc(Cc3ccc(Nc4ccc5sc(Cc6ccccc6)nc5c4)cc3)cc2)c2ccccc12,BRICS-01736
N#Cc1ccc(Nc2nc3cc(Nc4ccc(Cc5ccc(Cn6c(=O)[nH]c(=O)c7ccccc76)cc5)cc4)ccc3s2)cc1,BRICS-01737
O=c1[nH]c(=O)n(Cc2ccc(Cc3ccc(Nc4ccc5sc(Nc6ccccc6)nc5c4)cc3)cc2)c2ccccc12,BRICS-01738
O=c1[nH]c(=O)n(Cc2ccc(Cc3ccc(-c4cnc5[nH]c(=O)n(Cn6c(=O)[nH]c(=O)c7ccccc76)c5c4)cc3)cc2)c2ccccc12,BRICS-01739
O=c1[nH]c(=O)n(Cc2ccc(Cc3ccc(-c4cnc5[nH]c(=O)n(Cn6c(=O)[nH]c7ccccc76)c5c4)cc3)cc2)c2ccccc12,BRICS-01740
O=c1[nH]c(=O)n(Cc2ccc(Cc3ccc(-c4cnc5[nH]c(=O)n(Cc6ccccc6)c5c4)cc3)cc2)c2ccccc12,BRICS-01741
O=c1[nH]c(=O)n(Cc2ccc(Cc3ccc(-c4cnc5[nH]c(=O)n(Cc6ccc(O)cc6)c5c4)cc3)cc2)c2ccccc12,BRICS-01742
O=C(O)c1ccc(Cn2c(=O)[nH]c3ncc(-c4ccc(Cc5ccc(Cn6c(=O)[nH]c(=O)c7ccccc76)cc5)cc4)cc32)cc1,BRICS-01743
O=c1[nH]c(=O)n(Cc2ccc(Cc3ccc(-c4cnc5[nH]c(=O)n(-c6ccccc6)c5c4)cc3)cc2)c2ccccc12,BRICS-01744
O=c1[nH]c(=O)n(Cc2ccc(Cc3ccc(-c4cnc5[nH]c(=O)n(-c6ccc(O)cc6)c5c4)cc3)cc2)c2ccccc12,BRICS-01745
O=C(O)c1ccc(-n2c(=O)[nH]c3ncc(-c4ccc(Cc5ccc(Cn6c(=O)[nH]c(=O)c7ccccc76)cc5)cc4)cc32)cc1,BRICS-01746
O=C(Nc1ccc(-c2ccc(Cc3ccc(Cn4c(=O)[nH]c(=O)c5ccccc54)cc3)cc2)cc1)c1ccco1,BRICS-01747
O=C(Nc1ccccc1)Nc1ccc(-c2ccc(Cc3ccc(Cn4c(=O)[nH]c(=O)c5ccccc54)cc3)cc2)cc1,BRICS-01748
O=C(Nc1ccc(-c2ccc(Cc3ccc(Cn4c(=O)[nH]c(=O)c5ccccc54)cc3)cc2)cc1)c1ccccc1,BRICS-01749
N#Cc1ccc(NC(=O)Nc2ccc(-c3ccc(Cc4ccc(Cn5c(=O)[nH]c(=O)c6ccccc65)cc4)cc3)cc2)cc1,BRICS-01750
O=c1[nH]c(=O)n(Cc2ccc(Cc3ccc(-c4ccc(Nc5ccc(O)cc5)cc4)cc3)cc2)c2ccccc12,BRICS-01751
O=C(O)c1ccc(Nc2ccc(-c3ccc(Cc4ccc(Cn5c(=O)[nH]c(=O)c6ccccc65)cc4)cc3)cc2)cc1,BRICS-01752
O=c1[nH]c(=O)n(Cc2ccc(-c3ccc(-n4c(=O)[nH]c(=O)c5ccccc54)cc3)cc2)c2ccccc12,BRICS-01753
O=c1[nH]c(=O)n(Cc2ccc(-c3ccc(-n4c(=O)[nH]c5ccccc54)cc3)cc2)c2ccccc12,BRICS-01754
O=c1[nH]c(=O)n(Cc2ccc(-c3ccc(-c4ccccc4)cc3)cc2)c2ccccc12,BRICS-01755
O=c1[nH]c(=O)n(Cc2ccc(-c3ccc(-c4ccc(O)cc4)cc3)cc2)c2ccccc12,BRICS-01756
O=C(O)c1ccc(-c2ccc(-c3ccc(Cn4c(=O)[nH]c(=O)c5ccccc54)cc3)cc2)cc1,BRICS-01757
N#Cc1ccc(Nc2ccc(-c3ccc(Cn4c(=O)[nH]c(=O)c5ccccc54)cc3)cc2)cc1,BRICS-01758
O=C(Nc1ccc2sc(-c3ccc(-c4ccc(Cn5c(=O)[nH]c(=O)c6ccccc65)cc4)cc3)nc2c1)c1ccco1,BRICS-01759
O=C(Nc1ccccc1)Nc1ccc2sc(-c3ccc(-c4ccc(Cn5c(=O)[nH]c(=O)c6ccccc65)cc4)cc3)nc2c1,BRICS-01760
O=C(Nc1ccc2sc(-c3ccc(-c4ccc(Cn5c(=O)[nH]c(=O)c6ccccc65)cc4)cc3)nc2c1)c1ccccc1,BRICS-01761
N#Cc1ccc(NC(=O)Nc2ccc3sc(-c4ccc(-c5ccc(Cn6c(=O)[nH]c(=O)c7ccccc76)cc5)cc4)nc3c2)cc1,BRICS-01762
O=c1[nH]c(=O)n(Cc2ccc(-c3ccc(-c4nc5cc(Nc6ccccc6)ccc5s4)cc3)cc2)c2ccccc12,BRICS-01763
O=c1[nH]c(=O)n(Cc2ccc(-c3ccc(-c4nc5cc(Nc6ccc(O)cc6)ccc5s4)cc3)cc2)c2ccccc12,BRICS-01764
O=C(O)c1ccc(Nc2ccc3sc(-c4ccc(-c5ccc(Cn6c(=O)[nH]c(=O)c7ccccc76)cc5)cc4)nc3c2)cc1,BRICS-01765
O=C(NS(=O)(=O)c1cc(-c2ccc(-c3ccc(Cn4c(=O)[nH]c(=O)c5ccccc54)cc3)cc2)[nH]n1)c1ccco1,BRICS-01766
O=C(Nc1ccccc1)NS(=O)(=O)c1cc(-c2ccc(-c3ccc(Cn4c(=O)[nH]c(=O)c5ccccc54)cc3)cc2)[nH]n1,BRICS-01767
O=C(NS(=O)(=O)c1cc(-c2ccc(-c3ccc(Cn4c(=O)[nH]c(=O)c5ccccc54)cc3)cc2)[nH]n1)c1ccccc1,BRICS-01768
N#Cc1ccc(NC(=O)NS(=O)(=O)c2cc(-c3ccc(-c4ccc(Cn5c(=O)[nH]c(=O)c6ccccc65)cc4)cc3)[nH]n2)cc1,BRICS-01769
O=c1[nH]c(=O)n(Cc2ccc(-c3ccc(-c4cc(S(=O)(=O)Nc5ccccc5)n[nH]4)cc3)cc2)c2ccccc12,BRICS-01770
O=c1[nH]c(=O)n(Cc2ccc(-c3ccc(-c4cc(S(=O)(=O)Nc5ccc(O)cc5)n[nH]4)cc3)cc2)c2ccccc12,BRICS-01771
O=C(O)c1ccc(NS(=O)(=O)c2cc(-c3ccc(-c4ccc(Cn5c(=O)[nH]c(=O)c6ccccc65)cc4)cc3)[nH]n2)cc1,BRICS-01772
O=c1[nH]c(=O)n(Cc2ccc(-c3ccc(Nc4ccc5sc(Cc6ccccc6)nc5c4)cc3)cc2)c2ccccc12,BRICS-01773
O=c1[nH]c(=O)n(Cc2ccc(-c3ccc(Nc4ccc5sc(-n6c(=O)[nH]c(=O)c7ccccc76)nc5c4)cc3)cc2)c2ccccc12,BRICS-01774
O=c1[nH]c(=O)n(Cc2ccc(-c3ccc(Nc4ccc5sc(-n6c(=O)[nH]c7ccccc76)nc5c4)cc3)cc2)c2ccccc12,BRICS-01775
O=c1[nH]c(=O)n(Cc2ccc(-c3ccc(Nc4ccc5sc(-c6ccccc6)nc5c4)cc3)cc2)c2ccccc12,BRICS-01776
O=c1[nH]c(=O)n(Cc2ccc(-c3ccc(Nc4ccc5sc(-c6ccc(O)cc6)nc5c4)cc3)cc2)c2ccccc12,BRICS-01777
O=C(O)c1ccc(-c2nc3cc(Nc4ccc(-c5ccc(Cn6c(=O)[nH]c(=O)c7ccccc76)cc5)cc4)ccc3s2)cc1,BRICS-01778
N#Cc1ccc(Nc2nc3cc(Nc4ccc(-c5ccc(Cn6c(=O)[nH]c(=O)c7ccccc76)cc5)cc4)ccc3s2)cc1,BRICS-01779
O=c1[nH]c(=O)n(Cc2ccc(-c3ccc(Nc4ccc5sc(Nc6ccccc6)nc5c4)cc3)cc2)c2ccccc12,BRICS-01780
O=c1[nH]c(=O)n(Cc2ccc(-c3ccc(-c4ccc(Cc5ccccc5)cc4)cc3)cc2)c2ccccc12,BRICS-01781
O=c1[nH]c(=O)n(Cc2ccc(-c3ccc(-c4ccc(Cn5c(=O)[nH]c(=O)c6ccccc65)cc4)cc3)cc2)c2ccccc12,BRICS-01782
N#Cc1ccc(Nc2ccc(-c3ccc(-c4ccc(Cn5c(=O)[nH]c(=O)c6ccccc65)cc4)cc3)cc2)cc1,BRICS-01783
O=c1[nH]c(=O)n(Cc2ccc(-c3ccc(-c4ccc(Nc5ccccc5)cc4)cc3)cc2)c2ccccc12,BRICS-01784
O=c1[nH]c(=O)n(Cc2ccc(-c3ccc(-c4ccc(-c5ccccc5)cc4)cc3)cc2)c2ccccc12,BRICS-01785
O=c1[nH]c(=O)n(Cc2ccc(-c3ccc(-c4ccc(-c5ccc(O)cc5)cc4)cc3)cc2)c2ccccc12,BRICS-01786
O=C(O)c1ccc(-c2ccc(-c3ccc(-c4ccc(Cn5c(=O)[nH]c(=O)c6ccccc65)cc4)cc3)cc2)cc1,BRICS-01787
O=c1[nH]c(=O)n(Cc2ccc(-c3ccc(-c4ccc(-n5c(=O)[nH]c(=O)c6ccccc65)cc4)cc3)cc2)c2ccccc12,BRICS-01788
O=c1[nH]c(=O)n(Cc2ccc(-c3ccc(-c4ccc(-n5c(=O)[nH]c6ccccc65)cc4)cc3)cc2)c2ccccc12,BRICS-01789
O=C(Nc1ccc(-c2ccc(-c3ccc(Cn4c(=O)[nH]c(=O)c5ccccc54)cc3)cc2)cc1)c1ccco1,BRICS-01790
O=C(Nc1ccccc1)Nc1ccc(-c2ccc(-c3ccc(Cn4c(=O)[nH]c(=O)c5ccccc54)cc3)cc2)cc1,BRICS-01791
O=C(Nc1ccc(-c2ccc(-c3ccc(Cn4c(=O)[nH]c(=O)c5ccccc54)cc3)cc2)cc1)c1ccccc1,BRICS-01792
N#Cc1ccc(NC(=O)Nc2ccc(-c3ccc(-c4ccc(Cn5c(=O)[nH]c(=O)c6ccccc65)cc4)cc3)cc2)cc1,BRICS-01793
O=c1[nH]c(=O)n(Cc2ccc(-c3ccc(-c4ccc(Nc5ccc(O)cc5)cc4)cc3)cc2)c2ccccc12,BRICS-01794
O=C(O)c1ccc(Nc2ccc(-c3ccc(-c4ccc(Cn5c(=O)[nH]c(=O)c6ccccc65)cc4)cc3)cc2)cc1,BRICS-01795
O=c1[nH]c(=O)n(Cc2ccc(-c3ccc(-c4noc(Cc5ccccc5)n4)cc3)cc2)c2ccccc12,BRICS-01796
O=c1[nH]c(=O)n(Cc2ccc(-c3ccc(-c4noc(Cn5c(=O)[nH]c(=O)c6ccccc65)n4)cc3)cc2)c2ccccc12,BRICS-01797
O=c1[nH]c(=O)n(Cc2ccc(-c3ccc(-c4noc(-n5c(=O)[nH]c(=O)c6ccccc65)n4)cc3)cc2)c2ccccc12,BRICS-01798
O=c1[nH]c(=O)n(Cc2ccc(-c3ccc(-c4noc(-n5c(=O)[nH]c6ccccc65)n4)cc3)cc2)c2ccccc12,BRICS-01799
O=c1[nH]c(=O)n(Cc2ccc(-c3ccc(-c4noc(-c5ccccc5)n4)cc3)cc2)c2ccccc12,BRICS-01800
O=c1[nH]c(=O)n(Cc2ccc(-c3ccc(-c4noc(-c5ccc(O)cc5)n4)cc3)cc2)c2ccccc12,BRICS-01801
O=C(O)c1ccc(-c2nc(-c3ccc(-c4ccc(Cn5c(=O)[nH]c(=O)c6ccccc65)cc4)cc3)no2)cc1,BRICS-01802
N#Cc1ccc(Nc2nc(-c3ccc(-c4ccc(Cn5c(=O)[nH]c(=O)c6ccccc65)cc4)cc3)no2)cc1,BRICS-01803
O=c1[nH]c(=O)n(Cc2ccc(-c3ccc(-c4noc(Nc5ccccc5)n4)cc3)cc2)c2ccccc12,BRICS-01804
O=c1[nH]c(=O)n(Cc2ccc(-c3ccc(-c4cnc5[nH]c(=O)n(Cc6ccccc6)c5c4)cc3)cc2)c2ccccc12,BRICS-01805
O=c1[nH]c(=O)n(Cc2ccc(-c3ccc(-c4cnc5[nH]c(=O)n(Cn6c(=O)[nH]c(=O)c7ccccc76)c5c4)cc3)cc2)c2ccccc12,BRICS-01806
O=c1[nH]c(=O)n(Cc2ccc(-c3ccc(-c4cnc5[nH]c(=O)n(-c6ccccc6)c5c4)cc3)cc2)c2ccccc12,BRICS-01807
O=c1[nH]c(=O)n(Cc2ccc(-c3ccc(-c4cnc5[nH]c(=O)n(-c6ccc(O)cc6)c5c4)cc3)cc2)c2ccccc12,BRICS-01808
O=C(O)c1ccc(-n2c(=O)[nH]c3ncc(-c4ccc(-c5ccc(Cn6c(=O)[nH]c(=O)c7ccccc76)cc5)cc4)cc32)cc1,BRICS-01809
O=c1[nH]c(=O)n(Cc2ccc(-c3ccc(-c4ccc(Cc5ccc(O)cc5)cc4)cc3)cc2)c2ccccc12,BRICS-01810
O=C(O)c1ccc(Cc2ccc(-c3ccc(-c4ccc(Cn5c(=O)[nH]c(=O)c6ccccc65)cc4)cc3)cc2)cc1,BRICS-01811
O=c1[nH]c(=O)n(Cc2ccc(-c3ccc(-c4ccc(Cn5c(=O)[nH]c6ccccc65)cc4)cc3)cc2)c2ccccc12,BRICS-01812
O=c1[nH]c(=O)n(Cc2ccc(-c3ccc(-c4nc(Cc5ccccc5)no4)cc3)cc2)c2ccccc12,BRICS-01813
O=c1[nH]c(=O)n(Cc2ccc(-c3ccc(-c4nc(Cn5c(=O)[nH]c(=O)c6ccccc65)no4)cc3)cc2)c2ccccc12,BRICS-01814
O=c1[nH]c(=O)n(Cc2ccc(-c3ccc(-c4nc(-n5c(=O)[nH]c(=O)c6ccccc65)no4)cc3)cc2)c2ccccc12,BRICS-01815
O=c1[nH]c(=O)n(Cc2ccc(-c3ccc(-c4nc(-n5c(=O)[nH]c6ccccc65)no4)cc3)cc2)c2ccccc12,BRICS-01816
O=c1[nH]c(=O)n(Cc2ccc(-c3ccc(-c4nc(-c5ccccc5)no4)cc3)cc2)c2ccccc12,BRICS-01817
O=c1[nH]c(=O)n(Cc2ccc(-c3ccc(-c4nc(-c5ccc(O)cc5)no4)cc3)cc2)c2ccccc12,BRICS-01818
O=C(O)c1ccc(-c2noc(-c3ccc(-c4ccc(Cn5c(=O)[nH]c(=O)c6ccccc65)cc4)cc3)n2)cc1,BRICS-01819
N#Cc1ccc(Nc2noc(-c3ccc(-c4ccc(Cn5c(=O)[nH]c(=O)c6ccccc65)cc4)cc3)n2)cc1,BRICS-01820
O=c1[nH]c(=O)n(Cc2ccc(-c3ccc(-c4nc(Nc5ccccc5)no4)cc3)cc2)c2ccccc12,BRICS-01821
O=c1[nH]c(=O)n(Cc2ccc(-c3ccc(-n4c(=O)[nH]c5ncc(Cc6ccccc6)cc54)cc3)cc2)c2ccccc12,BRICS-01822
O=c1[nH]c(=O)n(Cc2ccc(-c3ccc(-n4c(=O)[nH]c5ncc(Cn6c(=O)[nH]c(=O)c7ccccc76)cc54)cc3)cc2)c2ccccc12,BRICS-01823
N#Cc1ccc(Nc2cnc3[nH]c(=O)n(-c4ccc(-c5ccc(Cn6c(=O)[nH]c(=O)c7ccccc76)cc5)cc4)c3c2)cc1,BRICS-01824
O=c1[nH]c(=O)n(Cc2ccc(-c3ccc(-n4c(=O)[nH]c5ncc(Nc6ccccc6)cc54)cc3)cc2)c2ccccc12,BRICS-01825
O=c1[nH]c(=O)n(Cc2ccc(-c3ccc(-n4c(=O)[nH]c5ncc(-c6ccccc6)cc54)cc3)cc2)c2ccccc12,BRICS-01826
O=c1[nH]c(=O)n(Cc2ccc(-c3ccc(-n4c(=O)[nH]c5ncc(-c6ccc(O)cc6)cc54)cc3)cc2)c2ccccc12,BRICS-01827
O=C(O)c1ccc(-c2cnc3[nH]c(=O)n(-c4ccc(-c5ccc(Cn6c(=O)[nH]c(=O)c7ccccc76)cc5)cc4)c3c2)cc1,BRICS-01828
O=c1[nH]c(=O)n(Cc2ccc(-c3ccc(-n4c(=O)[nH]c5ncc(-n6c(=O)[nH]c(=O)c7ccccc76)cc54)cc3)cc2)c2ccccc12,BRICS-01829
O=c1[nH]c(=O)n(Cc2ccc(-c3ccc(-n4c(=O)[nH]c5ncc(-n6c(=O)[nH]c7ccccc76)cc54)cc3)cc2)c2ccccc12,BRICS-01830
O=c1[nH]c(=O)n(Cc2ccc(-c3ccc(-c4cnc5[nH]c(=O)n(Cc6ccc(O)cc6)c5c4)cc3)cc2)c2ccccc12,BRICS-01831
O=C(O)c1ccc(Cn2c(=O)[nH]c3ncc(-c4ccc(-c5ccc(Cn6c(=O)[nH]c(=O)c7ccccc76)cc5)cc4)cc32)cc1,BRICS-01832
O=c1[nH]c(=O)n(Cc2ccc(-c3ccc(-c4cnc5[nH]c(=O)n(Cn6c(=O)[nH]c7ccccc76)c5c4)cc3)cc2)c2ccccc12,BRICS-01833
N#Cc1ccc(NS(=O)(=O)c2cc(-c3ccc(-c4ccc(Cn5c(=O)[nH]c(=O)c6ccccc65)cc4)cc3)[nH]n2)cc1,BRICS-01834
O=c1[nH]c(=O)n(Cc2ccc(Nc3ccc(Cc4ccccc4)cc3)cc2)c2ccccc12,BRICS-01835
O=c1[nH]c(=O)n(Cc2ccc(Nc3ccc(Cn4c(=O)[nH]c(=O)c5ccccc54)cc3)cc2)c2ccccc12,BRICS-01836
O=c1[nH]c(=O)n(Cc2ccc(Nc3ccc(-n4c(=O)[nH]c(=O)c5ccccc54)cc3)cc2)c2ccccc12,BRICS-01837
O=c1[nH]c(=O)n(Cc2ccc(Nc3ccc(-n4c(=O)[nH]c5ccccc54)cc3)cc2)c2ccccc12,BRICS-01838
O=c1[nH]c(=O)n(Cc2ccc(Nc3ccc(-c4ccccc4)cc3)cc2)c2ccccc12,BRICS-01839
O=c1[nH]c(=O)n(Cc2ccc(Nc3ccc(-c4ccc(O)cc4)cc3)cc2)c2ccccc12,BRICS-01840
O=C(O)c1ccc(-c2ccc(Nc3ccc(Cn4c(=O)[nH]c(=O)c5ccccc54)cc3)cc2)cc1,BRICS-01841
N#Cc1ccc(Nc2ccc(Nc3ccc(Cn4c(=O)[nH]c(=O)c5ccccc54)cc3)cc2)cc1,BRICS-01842
O=c1[nH]c(=O)n(Cc2ccc(Nc3ccc(Nc4ccccc4)cc3)cc2)c2ccccc12,BRICS-01843
O=c1[nH]c(=O)n(Cc2ccc(Nc3ccc(Cn4c(=O)[nH]c5ncc(-c6ccccc6)cc54)cc3)cc2)c2ccccc12,BRICS-01844
O=c1[nH]c(=O)n(Cc2ccc(Nc3ccc(Cn4c(=O)[nH]c5ncc(-c6ccc(O)cc6)cc54)cc3)cc2)c2ccccc12,BRICS-01845
O=C(O)c1ccc(-c2cnc3[nH]c(=O)n(Cc4ccc(Nc5ccc(Cn6c(=O)[nH]c(=O)c7ccccc76)cc5)cc4)c3c2)cc1,BRICS-01846
O=c1[nH]c(=O)n(Cc2ccc(Nc3ccc(Cn4c(=O)[nH]c5ncc(Cc6ccccc6)cc54)cc3)cc2)c2ccccc12,BRICS-01847
O=c1[nH]c(=O)n(Cc2ccc(Nc3ccc(Cn4c(=O)[nH]c5ncc(-n6c(=O)[nH]c7ccccc76)cc54)cc3)cc2)c2ccccc12,BRICS-01848
N#Cc1ccc(Nc2cnc3[nH]c(=O)n(Cc4ccc(Nc5ccc(Cn6c(=O)[nH]c(=O)c7ccccc76)cc5)cc4)c3c2)cc1,BRICS-01849
O=c1[nH]c(=O)n(Cc2ccc(Nc3ccc(Cn4c(=O)[nH]c5ncc(Nc6ccccc6)cc54)cc3)cc2)c2ccccc12,BRICS-01850
O=C(Nc1ccc2sc(-c3ccc(Nc4ccc(Cn5c(=O)[nH]c(=O)c6ccccc65)cc4)cc3)nc2c1)c1ccco1,BRICS-01851
O=C(Nc1ccccc1)Nc1ccc2sc(-c3ccc(Nc4ccc(Cn5c(=O)[nH]c(=O)c6ccccc65)cc4)cc3)nc2c1,BRICS-01852
O=C(Nc1ccc2sc(-c3ccc(Nc4ccc(Cn5c(=O)[nH]c(=O)c6ccccc65)cc4)cc3)nc2c1)c1ccccc1,BRICS-01853
N#Cc1ccc(NC(=O)Nc2ccc3sc(-c4ccc(Nc5ccc(Cn6c(=O)[nH]c(=O)c7ccccc76)cc5)cc4)nc3c2)cc1,BRICS-01854
O=c1[nH]c(=O)n(Cc2ccc(Nc3ccc(-c4nc5cc(Nc6ccccc6)ccc5s4)cc3)cc2)c2ccccc12,BRICS-01855
O=c1[nH]c(=O)n(Cc2ccc(Nc3ccc(-c4nc5cc(Nc6ccc(O)cc6)ccc5s4)cc3)cc2)c2ccccc12,BRICS-01856
O=C(O)c1ccc(Nc2ccc3sc(-c4ccc(Nc5ccc(Cn6c(=O)[nH]c(=O)c7ccccc76)cc5)cc4)nc3c2)cc1,BRICS-01857
O=c1[nH]c(=O)n(Cc2ccc(Nc3ccc(-c4cnc5[nH]c(=O)n(-c6ccccc6)c5c4)cc3)cc2)c2ccccc12,BRICS-01858
O=c1[nH]c(=O)n(Cc2ccc(Nc3ccc(-c4cnc5[nH]c(=O)n(-c6ccc(O)cc6)c5c4)cc3)cc2)c2ccccc12,BRICS-01859
O=C(O)c1ccc(-n2c(=O)[nH]c3ncc(-c4ccc(Nc5ccc(Cn6c(=O)[nH]c(=O)c7ccccc76)cc5)cc4)cc32)cc1,BRICS-01860
O=c1[nH]c(=O)n(Cc2ccc(Nc3ccc(-c4cnc5[nH]c(=O)n(Cc6ccccc6)c5c4)cc3)cc2)c2ccccc12,BRICS-01861
N#Cc1ccc(Nc2noc(-c3ccc(Nc4ccc(Cn5c(=O)[nH]c(=O)c6ccccc65)cc4)cc3)n2)cc1,BRICS-01862
O=c1[nH]c(=O)n(Cc2ccc(Nc3ccc(-c4nc(Nc5ccccc5)no4)cc3)cc2)c2ccccc12,BRICS-01863
O=c1[nH]c(=O)n(Cc2ccc(Nc3ccc(-c4nc(-n5c(=O)[nH]c(=O)c6ccccc65)no4)cc3)cc2)c2ccccc12,BRICS-01864
O=c1[nH]c(=O)n(Cc2ccc(Nc3ccc(-c4nc(-n5c(=O)[nH]c6ccccc65)no4)cc3)cc2)c2ccccc12,BRICS-01865
O=c1[nH]c(=O)n(Cc2ccc(Nc3ccc(-c4nc(-c5ccccc5)no4)cc3)cc2)c2ccccc12,BRICS-01866
O=c1[nH]c(=O)n(Cc2ccc(Nc3ccc(-c4nc(-c5ccc(O)cc5)no4)cc3)cc2)c2ccccc12,BRICS-01867
O=C(O)c1ccc(-c2noc(-c3ccc(Nc4ccc(Cn5c(=O)[nH]c(=O)c6ccccc65)cc4)cc3)n2)cc1,BRICS-01868
O=c1[nH]c(=O)n(Cc2ccc(Nc3ccc(-c4nc(Cc5ccccc5)no4)cc3)cc2)c2ccccc12,BRICS-01869
O=c1[nH]c(=O)n(Cc2ccc(Nc3ccc(-c4nc(Cn5c(=O)[nH]c(=O)c6ccccc65)no4)cc3)cc2)c2ccccc12,BRICS-01870
O=c1[nH]c(=O)n(Cc2ccc(Nc3ccc(Cc4ccc(-c5ccccc5)cc4)cc3)cc2)c2ccccc12,BRICS-01871
O=c1[nH]c(=O)n(Cc2ccc(Nc3ccc(Cc4ccc(-c5ccc(O)cc5)cc4)cc3)cc2)c2ccccc12,BRICS-01872
O=C(O)c1ccc(-c2ccc(Cc3ccc(Nc4ccc(Cn5c(=O)[nH]c(=O)c6ccccc65)cc4)cc3)cc2)cc1,BRICS-01873
O=c1[nH]c(=O)n(Cc2ccc(Nc3ccc(Cc4ccc(Cc5ccccc5)cc4)cc3)cc2)c2ccccc12,BRICS-01874
O=c1[nH]c(=O)n(Cc2ccc(Cc3ccc(Nc4ccc(Cn5c(=O)[nH]c(=O)c6ccccc65)cc4)cc3)cc2)c2ccccc12,BRICS-01875
O=c1[nH]c(=O)n(Cc2ccc(Nc3ccc(Cc4ccc(-n5c(=O)[nH]c(=O)c6ccccc65)cc4)cc3)cc2)c2ccccc12,BRICS-01876
O=c1[nH]c(=O)n(Cc2ccc(Nc3ccc(Cc4ccc(-n5c(=O)[nH]c6ccccc65)cc4)cc3)cc2)c2ccccc12,BRICS-01877
N#Cc1ccc(Nc2ccc(Cc3ccc(Nc4ccc(Cn5c(=O)[nH]c(=O)c6ccccc65)cc4)cc3)cc2)cc1,BRICS-01878
O=c1[nH]c(=O)n(Cc2ccc(Nc3ccc(Cc4ccc(Nc5ccccc5)cc4)cc3)cc2)c2ccccc12,BRICS-01879
O=c1[nH]c(=O)n(Cc2ccc(Nc3ccc(-c4cnc5[nH]c(=O)n(Cc6ccc(O)cc6)c5c4)cc3)cc2)c2ccccc12,BRICS-01880
O=C(O)c1ccc(Cn2c(=O)[nH]c3ncc(-c4ccc(Nc5ccc(Cn6c(=O)[nH]c(=O)c7ccccc76)cc5)cc4)cc32)cc1,BRICS-01881
O=c1[nH]c(=O)n(Cc2ccc(Nc3ccc(-c4cnc5[nH]c(=O)n(Cn6c(=O)[nH]c7ccccc76)c5c4)cc3)cc2)c2ccccc12,BRICS-01882
N#Cc1ccc(NS(=O)(=O)c2cc(-c3ccc(Nc4ccc(Cn5c(=O)[nH]c(=O)c6ccccc65)cc4)cc3)[nH]n2)cc1,BRICS-01883
O=c1[nH]c(=O)n(Cc2ccc(Nc3ccc(-c4cc(S(=O)(=O)Nc5ccccc5)n[nH]4)cc3)cc2)c2ccccc12,BRICS-01884
N#Cc1ccc(Nc2cc(S(=O)(=O)Nc3ccc(Nc4ccc(Cn5c(=O)[nH]c(=O)c6ccccc65)cc4)cc3)n[nH]2)cc1,BRICS-01885
O=c1[nH]c(=O)n(Cc2ccc(Nc3ccc(NS(=O)(=O)c4cc(Nc5ccccc5)[nH]n4)cc3)cc2)c2ccccc12,BRICS-01886
O=c1[nH]c(=O)n(Cc2ccc(Nc3ccc(NS(=O)(=O)c4cc(-n5c(=O)[nH]c(=O)c6ccccc65)[nH]n4)cc3)cc2)c2ccccc12,BRICS-01887
O=c1[nH]c(=O)n(Cc2ccc(Nc3ccc(NS(=O)(=O)c4cc(-n5c(=O)[nH]c6ccccc65)[nH]n4)cc3)cc2)c2ccccc12,BRICS-01888
O=c1[nH]c(=O)n(Cc2ccc(Nc3ccc(NS(=O)(=O)c4cc(-c5ccccc5)[nH]n4)cc3)cc2)c2ccccc12,BRICS-01889
O=c1[nH]c(=O)n(Cc2ccc(Nc3ccc(NS(=O)(=O)c4cc(-c5ccc(O)cc5)[nH]n4)cc3)cc2)c2ccccc12,BRICS-01890
O=C(O)c1ccc(-c2cc(S(=O)(=O)Nc3ccc(Nc4ccc(Cn5c(=O)[nH]c(=O)c6ccccc65)cc4)cc3)n[nH]2)cc1,BRICS-01891
O=c1[nH]c(=O)n(Cc2ccc(Nc3ccc(NS(=O)(=O)c4cc(Cc5ccccc5)[nH]n4)cc3)cc2)c2ccccc12,BRICS-01892
N#Cc1ccc(Nc2nc3cc(Nc4ccc(Nc5ccc(Cn6c(=O)[nH]c(=O)c7ccccc76)cc5)cc4)ccc3s2)cc1,BRICS-01893
O=c1[nH]c(=O)n(Cc2ccc(Nc3ccc(Nc4ccc5sc(Nc6ccccc6)nc5c4)cc3)cc2)c2ccccc12,BRICS-01894
O=c1[nH]c(=O)n(Cc2ccc(Nc3ccc(Nc4ccc5sc(-n6c(=O)[nH]c7ccccc76)nc5c4)cc3)cc2)c2ccccc12,BRICS-01895
O=c1[nH]c(=O)n(Cc2ccc(Nc3ccc(Nc4ccc5sc(-c6ccccc6)nc5c4)cc3)cc2)c2ccccc12,BRICS-01896
O=c1[nH]c(=O)n(Cc2ccc(Nc3ccc(Nc4ccc5sc(-c6ccc(O)cc6)nc5c4)cc3)cc2)c2ccccc12,BRICS-01897
O=C(O)c1ccc(-c2nc3cc(Nc4ccc(Nc5ccc(Cn6c(=O)[nH]c(=O)c7ccccc76)cc5)cc4)ccc3s2)cc1,BRICS-01898
O=c1[nH]c(=O)n(Cc2ccc(Nc3ccc(Nc4ccc5sc(Cc6ccccc6)nc5c4)cc3)cc2)c2ccccc12,BRICS-01899
O=C(Nc1ccc(-c2ccc(Nc3ccc(Cn4c(=O)[nH]c(=O)c5ccccc54)cc3)cc2)cc1)c1ccco1,BRICS-01900
O=C(Nc1ccccc1)Nc1ccc(-c2ccc(Nc3ccc(Cn4c(=O)[nH]c(=O)c5ccccc54)cc3)cc2)cc1,BRICS-01901
O=C(Nc1ccc(-c2ccc(Nc3ccc(Cn4c(=O)[nH]c(=O)c5ccccc54)cc3)cc2)cc1)c1ccccc1,BRICS-01902
N#Cc1ccc(NC(=O)Nc2ccc(-c3ccc(Nc4ccc(Cn5c(=O)[nH]c(=O)c6ccccc65)cc4)cc3)cc2)cc1,BRICS-01903
O=c1[nH]c(=O)n(Cc2ccc(Nc3ccc(-c4ccc(Nc5ccccc5)cc4)cc3)cc2)c2ccccc12,BRICS-01904
O=c1[nH]c(=O)n(Cc2ccc(Nc3ccc(-c4ccc(Nc5ccc(O)cc5)cc4)cc3)cc2)c2ccccc12,BRICS-01905
O=C(O)c1ccc(Nc2ccc(-c3ccc(Nc4ccc(Cn5c(=O)[nH]c(=O)c6ccccc65)cc4)cc3)cc2)cc1,BRICS-01906
O=c1[nH]c(=O)n(Cc2ccc(Nc3ccc(-c4ccc(Cc5ccccc5)cc4)cc3)cc2)c2ccccc12,BRICS-01907
O=c1[nH]c(=O)n(Cc2ccc(Nc3ccc(-c4ccc(Cc5ccc(O)cc5)cc4)cc3)cc2)c2ccccc12,BRICS-01908
O=C(O)c1ccc(Cc2ccc(-c3ccc(Nc4ccc(Cn5c(=O)[nH]c(=O)c6ccccc65)cc4)cc3)cc2)cc1,BRICS-01909
O=c1[nH]c(=O)n(Cc2ccc(Nc3ccc(-c4ccc(Cn5c(=O)[nH]c6ccccc65)cc4)cc3)cc2)c2ccccc12,BRICS-01910
O=c1[nH]c(=O)n(Cc2ccc(Nc3ccc(-n4c(=O)[nH]c5ncc(-c6ccccc6)cc54)cc3)cc2)c2ccccc12,BRICS-01911
O=c1[nH]c(=O)n(Cc2ccc(Nc3ccc(-n4c(=O)[nH]c5ncc(-c6ccc(O)cc6)cc54)cc3)cc2)c2ccccc12,BRICS-01912
O=C(O)c1ccc(-c2cnc3[nH]c(=O)n(-c4ccc(Nc5ccc(Cn6c(=O)[nH]c(=O)c7ccccc76)cc5)cc4)c3c2)cc1,BRICS-01913
O=c1[nH]c(=O)n(Cc2ccc(Nc3ccc(-n4c(=O)[nH]c5ncc(Cc6ccccc6)cc54)cc3)cc2)c2ccccc12,BRICS-01914
O=c1[nH]c(=O)n(Cc2ccc(Nc3ccc(-n4c(=O)[nH]c5ncc(-n6c(=O)[nH]c(=O)c7ccccc76)cc54)cc3)cc2)c2ccccc12,BRICS-01915
O=c1[nH]c(=O)n(Cc2ccc(Nc3ccc(-n4c(=O)[nH]c5ncc(-n6c(=O)[nH]c7ccccc76)cc54)cc3)cc2)c2ccccc12,BRICS-01916
N#Cc1ccc(Nc2cnc3[nH]c(=O)n(-c4ccc(Nc5ccc(Cn6c(=O)[nH]c(=O)c7ccccc76)cc5)cc4)c3c2)cc1,BRICS-01917
O=c1[nH]c(=O)n(Cc2ccc(Nc3ccc(-n4c(=O)[nH]c5ncc(Nc6ccccc6)cc54)cc3)cc2)c2ccccc12,BRICS-01918
O=C(NS(=O)(=O)c1cc(-c2ccc(Nc3ccc(Cn4c(=O)[nH]c(=O)c5ccccc54)cc3)cc2)[nH]n1)c1ccco1,BRICS-01919
O=C(Nc1ccccc1)NS(=O)(=O)c1cc(-c2ccc(Nc3ccc(Cn4c(=O)[nH]c(=O)c5ccccc54)cc3)cc2)[nH]n1,BRICS-01920
O=C(NS(=O)(=O)c1cc(-c2ccc(Nc3ccc(Cn4c(=O)[nH]c(=O)c5ccccc54)cc3)cc2)[nH]n1)c1ccccc1,BRICS-01921
N#Cc1ccc(NC(=O)NS(=O)(=O)c2cc(-c3ccc(Nc4ccc(Cn5c(=O)[nH]c(=O)c6ccccc65)cc4)cc3)[nH]n2)cc1,BRICS-01922
O=c1[nH]c(=O)n(Cc2ccc(Nc3ccc(-c4cc(S(=O)(=O)Nc5ccc(O)cc5)n[nH]4)cc3)cc2)c2ccccc12,BRICS-01923
O=C(O)c1ccc(NS(=O)(=O)c2cc(-c3ccc(Nc4ccc(Cn5c(=O)[nH]c(=O)c6ccccc65)cc4)cc3)[nH]n2)cc1,BRICS-01924
O=c1[nH]c(=O)n(Cc2ccc(Nc3ccc(-c4ccc(-c5ccccc5)cc4)cc3)cc2)c2ccccc12,BRICS-01925
O=c1[nH]c(=O)n(Cc2ccc(Nc3ccc(-c4ccc(-c5ccc(O)cc5)cc4)cc3)cc2)c2ccccc12,BRICS-01926
O=C(O)c1ccc(-c2ccc(-c3ccc(Nc4ccc(Cn5c(=O)[nH]c(=O)c6ccccc65)cc4)cc3)cc2)cc1,BRICS-01927
O=c1[nH]c(=O)n(Cc2ccc(Nc3ccc(-c4ccc(-n5c(=O)[nH]c(=O)c6ccccc65)cc4)cc3)cc2)c2ccccc12,BRICS-01928
O=c1[nH]c(=O)n(Cc2ccc(Nc3ccc(-c4ccc(-n5c(=O)[nH]c6ccccc65)cc4)cc3)cc2)c2ccccc12,BRICS-01929
N#Cc1ccc(Nc2ccc(-c3ccc(Nc4ccc(Cn5c(=O)[nH]c(=O)c6ccccc65)cc4)cc3)cc2)cc1,BRICS-01930
N#Cc1ccc(Nc2nc(-c3ccc(Nc4ccc(Cn5c(=O)[nH]c(=O)c6ccccc65)cc4)cc3)no2)cc1,BRICS-01931
O=c1[nH]c(=O)n(Cc2ccc(Nc3ccc(-c4noc(Nc5ccccc5)n4)cc3)cc2)c2ccccc12,BRICS-01932
O=c1[nH]c(=O)n(Cc2ccc(Nc3ccc(-c4noc(-n5c(=O)[nH]c(=O)c6ccccc65)n4)cc3)cc2)c2ccccc12,BRICS-01933
O=c1[nH]c(=O)n(Cc2ccc(Nc3ccc(-c4noc(-n5c(=O)[nH]c6ccccc65)n4)cc3)cc2)c2ccccc12,BRICS-01934
O=c1[nH]c(=O)n(Cc2ccc(Nc3ccc(-c4noc(-c5ccccc5)n4)cc3)cc2)c2ccccc12,BRICS-01935
O=c1[nH]c(=O)n(Cc2ccc(Nc3ccc(-c4noc(-c5ccc(O)cc5)n4)cc3)cc2)c2ccccc12,BRICS-01936
O=C(O)c1ccc(-c2nc(-c3ccc(Nc4ccc(Cn5c(=O)[nH]c(=O)c6ccccc65)cc4)cc3)no2)cc1,BRICS-01937
O=c1[nH]c(=O)n(Cc2ccc(Nc3ccc(-c4noc(Cc5ccccc5)n4)cc3)cc2)c2ccccc12,BRICS-01938
O=c1[nH]c(=O)n(Cc2ccc(Nc3ccc(-c4noc(Cn5c(=O)[nH]c(=O)c6ccccc65)n4)cc3)cc2)c2ccccc12,BRICS-01939
O=c1[nH]c(=O)n(Cc2ccc(Cn3c(=O)[nH]c4ncc(Cc5ccccc5)cc43)cc2)c2ccccc12,BRICS-01940
O=c1[nH]c(=O)n(Cc2ccc(Cn3c(=O)[nH]c4ncc(Cn5c(=O)[nH]c(=O)c6ccccc65)cc43)cc2)c2ccccc12,BRICS-01941
O=c1[nH]c(=O)n(Cc2ccc(Cn3c(=O)[nH]c4ncc(-n5c(=O)[nH]c(=O)c6ccccc65)cc43)cc2)c2ccccc12,BRICS-01942
O=c1[nH]c(=O)n(Cc2ccc(Cn3c(=O)[nH]c4ncc(-n5c(=O)[nH]c6ccccc65)cc43)cc2)c2ccccc12,BRICS-01943
O=c1[nH]c(=O)n(Cc2ccc(Cn3c(=O)[nH]c4ncc(-c5ccccc5)cc43)cc2)c2ccccc12,BRICS-01944
O=c1[nH]c(=O)n(Cc2ccc(Cn3c(=O)[nH]c4ncc(-c5ccc(O)cc5)cc43)cc2)c2ccccc12,BRICS-01945
O=C(O)c1ccc(-c2cnc3[nH]c(=O)n(Cc4ccc(Cn5c(=O)[nH]c(=O)c6ccccc65)cc4)c3c2)cc1,BRICS-01946
N#Cc1ccc(Nc2cnc3[nH]c(=O)n(Cc4ccc(Cn5c(=O)[nH]c(=O)c6ccccc65)cc4)c3c2)cc1,BRICS-01947
O=c1[nH]c(=O)n(Cc2ccc(Cn3c(=O)[nH]c4ncc(Nc5ccccc5)cc43)cc2)c2ccccc12,BRICS-01948
O=c1[nH]c(=O)n(Cc2ccc(Cn3c(=O)[nH]c4ncc(Cc5ccc(-c6ccccc6)cc5)cc43)cc2)c2ccccc12,BRICS-01949
O=c1[nH]c(=O)n(Cc2ccc(Cn3c(=O)[nH]c4ncc(Cc5ccc(-c6ccc(O)cc6)cc5)cc43)cc2)c2ccccc12,BRICS-01950
O=C(O)c1ccc(-c2ccc(Cc3cnc4[nH]c(=O)n(Cc5ccc(Cn6c(=O)[nH]c(=O)c7ccccc76)cc5)c4c3)cc2)cc1,BRICS-01951
O=c1[nH]c(=O)n(Cc2ccc(Cn3c(=O)[nH]c4ncc(Cc5ccc(Cc6ccccc6)cc5)cc43)cc2)c2ccccc12,BRICS-01952
N#Cc1ccc(Nc2ccc(Cc3cnc4[nH]c(=O)n(Cc5ccc(Cn6c(=O)[nH]c(=O)c7ccccc76)cc5)c4c3)cc2)cc1,BRICS-01953
O=c1[nH]c(=O)n(Cc2ccc(Cn3c(=O)[nH]c4ncc(Cc5ccc(Nc6ccccc6)cc5)cc43)cc2)c2ccccc12,BRICS-01954
O=c1[nH]c(=O)n(Cc2ccc(Cn3c(=O)[nH]c4ncc(Cc5ccc(-n6c(=O)[nH]c(=O)c7ccccc76)cc5)cc43)cc2)c2ccccc12,BRICS-01955
O=c1[nH]c(=O)n(Cc2ccc(Cn3c(=O)[nH]c4ncc(Cc5ccc(-n6c(=O)[nH]c7ccccc76)cc5)cc43)cc2)c2ccccc12,BRICS-01956
O=c1[nH]c(=O)n(Cc2ccc(Cn3c(=O)[nH]c4ncc(-c5ccc(Cn6c(=O)[nH]c7ccccc76)cc5)cc43)cc2)c2ccccc12,BRICS-01957
O=c1[nH]c(=O)n(Cc2ccc(Cn3c(=O)[nH]c4ncc(-c5ccc(Cc6ccccc6)cc5)cc43)cc2)c2ccccc12,BRICS-01958
O=c1[nH]c(=O)n(Cc2ccc(Cn3c(=O)[nH]c4ncc(-c5ccc(Cc6ccc(O)cc6)cc5)cc43)cc2)c2ccccc12,BRICS-01959
O=C(O)c1ccc(Cc2ccc(-c3cnc4[nH]c(=O)n(Cc5ccc(Cn6c(=O)[nH]c(=O)c7ccccc76)cc5)c4c3)cc2)cc1,BRICS-01960
O=c1[nH]c(=O)n(Cc2ccc(Cn3c(=O)[nH]c4ncc(-n5c(=O)[nH]c6ncc(-c7ccccc7)cc65)cc43)cc2)c2ccccc12,BRICS-01961
O=c1[nH]c(=O)n(Cc2ccc(Cn3c(=O)[nH]c4ncc(-n5c(=O)[nH]c6ncc(-c7ccc(O)cc7)cc65)cc43)cc2)c2ccccc12,BRICS-01962
O=c1[nH]c(=O)n(Cc2ccc(Cn3c(=O)[nH]c4ncc(-n5c(=O)[nH]c6ncc(Cc7ccccc7)cc65)cc43)cc2)c2ccccc12,BRICS-01963
N#Cc1ccc(Nc2cnc3[nH]c(=O)n(-c4cnc5[nH]c(=O)n(Cc6ccc(Cn7c(=O)[nH]c(=O)c8ccccc87)cc6)c5c4)c3c2)cc1,BRICS-01964
O=c1[nH]c(=O)n(Cc2ccc(Cn3c(=O)[nH]c4ncc(-n5c(=O)[nH]c6ncc(Nc7ccccc7)cc65)cc43)cc2)c2ccccc12,BRICS-01965
O=c1[nH]c(=O)n(Cc2ccc(Cn3c(=O)[nH]c4ncc(-c5cnc6[nH]c(=O)n(Cc7ccccc7)c6c5)cc43)cc2)c2ccccc12,BRICS-01966
O=c1[nH]c(=O)n(Cc2ccc(Cn3c(=O)[nH]c4ncc(-c5cnc6[nH]c(=O)n(Cc7ccc(O)cc7)c6c5)cc43)cc2)c2ccccc12,BRICS-01967
O=c1[nH]c(=O)n(Cc2ccc(Cn3c(=O)[nH]c4ncc(Nc5ccc6sc(Cc7ccccc7)nc6c5)cc43)cc2)c2ccccc12,BRICS-01968
O=c1[nH]c(=O)n(Cc2ccc(Cn3c(=O)[nH]c4ncc(Nc5ccc6sc(-c7ccccc7)nc6c5)cc43)cc2)c2ccccc12,BRICS-01969
O=c1[nH]c(=O)n(Cc2ccc(Cn3c(=O)[nH]c4ncc(Nc5ccc6sc(-c7ccc(O)cc7)nc6c5)cc43)cc2)c2ccccc12,BRICS-01970
O=c1[nH]c(=O)n(Cc2ccc(Cn3c(=O)[nH]c4ncc(Nc5ccc6sc(Nc7ccccc7)nc6c5)cc43)cc2)c2ccccc12,BRICS-01971
O=c1[nH]c(=O)n(Cc2ccc(Cn3c(=O)[nH]c4ncc(-c5cc(S(=O)(=O)Nc6ccccc6)n[nH]5)cc43)cc2)c2ccccc12,BRICS-01972
O=c1[nH]c(=O)n(Cc2ccc(Cn3c(=O)[nH]c4ncc(-c5cc(S(=O)(=O)Nc6ccc(O)cc6)n[nH]5)cc43)cc2)c2ccccc12,BRICS-01973
O=C(NS(=O)(=O)c1cc(-c2cnc3[nH]c(=O)n(Cc4ccc(Cn5c(=O)[nH]c(=O)c6ccccc65)cc4)c3c2)[nH]n1)c1ccco1,BRICS-01974
O=C(NS(=O)(=O)c1cc(-c2cnc3[nH]c(=O)n(Cc4ccc(Cn5c(=O)[nH]c(=O)c6ccccc65)cc4)c3c2)[nH]n1)c1ccccc1,BRICS-01975
O=c1[nH]c(=O)n(Cc2ccc(Cn3c(=O)[nH]c4ncc(-c5noc(Cc6ccccc6)n5)cc43)cc2)c2ccccc12,BRICS-01976
O=c1[nH]c(=O)n(Cc2ccc(Cn3c(=O)[nH]c4ncc(-c5noc(Cn6c(=O)[nH]c(=O)c7ccccc76)n5)cc43)cc2)c2ccccc12,BRICS-01977
O=c1[nH]c(=O)n(Cc2ccc(Cn3c(=O)[nH]c4ncc(-c5noc(-c6ccccc6)n5)cc43)cc2)c2ccccc12,BRICS-01978
O=c1[nH]c(=O)n(Cc2ccc(Cn3c(=O)[nH]c4ncc(-c5noc(-c6ccc(O)cc6)n5)cc43)cc2)c2ccccc12,BRICS-01979
O=C(O)c1ccc(-c2nc(-c3cnc4[nH]c(=O)n(Cc5ccc(Cn6c(=O)[nH]c(=O)c7ccccc76)cc5)c4c3)no2)cc1,BRICS-01980
O=c1[nH]c(=O)n(Cc2ccc(Cn3c(=O)[nH]c4ncc(-c5noc(-n6c(=O)[nH]c(=O)c7ccccc76)n5)cc43)cc2)c2ccccc12,BRICS-01981
O=c1[nH]c(=O)n(Cc2ccc(Cn3c(=O)[nH]c4ncc(-c5noc(-n6c(=O)[nH]c7ccccc76)n5)cc43)cc2)c2ccccc12,BRICS-01982
N#Cc1ccc(Nc2nc(-c3cnc4[nH]c(=O)n(Cc5ccc(Cn6c(=O)[nH]c(=O)c7ccccc76)cc5)c4c3)no2)cc1,BRICS-01983
O=c1[nH]c(=O)n(Cc2ccc(Cn3c(=O)[nH]c4ncc(-c5noc(Nc6ccccc6)n5)cc43)cc2)c2ccccc12,BRICS-01984
O=c1[nH]c(=O)n(Cc2ccc(Cn3c(=O)[nH]c4ncc(Cn5c(=O)[nH]c6ncc(-c7ccccc7)cc65)cc43)cc2)c2ccccc12,BRICS-01985
O=c1[nH]c(=O)n(Cc2ccc(Cn3c(=O)[nH]c4ncc(Cn5c(=O)[nH]c6ncc(-c7ccc(O)cc7)cc65)cc43)cc2)c2ccccc12,BRICS-01986
O=c1[nH]c(=O)n(Cc2ccc(Cn3c(=O)[nH]c4ncc(Cn5c(=O)[nH]c6ncc(Cc7ccccc7)cc65)cc43)cc2)c2ccccc12,BRICS-01987
O=c1[nH]c(=O)n(Cc2ccc(Cn3c(=O)[nH]c4ncc(Cn5c(=O)[nH]c6ncc(Nc7ccccc7)cc65)cc43)cc2)c2ccccc12,BRICS-01988
O=c1[nH]c(=O)n(Cc2ccc(Cn3c(=O)[nH]c4ncc(-c5nc(Cc6ccccc6)no5)cc43)cc2)c2ccccc12,BRICS-01989
O=c1[nH]c(=O)n(Cc2ccc(Cn3c(=O)[nH]c4ncc(-c5nc(Cn6c(=O)[nH]c(=O)c7ccccc76)no5)cc43)cc2)c2ccccc12,BRICS-01990
O=c1[nH]c(=O)n(Cc2ccc(Cn3c(=O)[nH]c4ncc(-c5nc(-c6ccccc6)no5)cc43)cc2)c2ccccc12,BRICS-01991
O=c1[nH]c(=O)n(Cc2ccc(Cn3c(=O)[nH]c4ncc(-c5nc(-c6ccc(O)cc6)no5)cc43)cc2)c2ccccc12,BRICS-01992
O=C(O)c1ccc(-c2noc(-c3cnc4[nH]c(=O)n(Cc5ccc(Cn6c(=O)[nH]c(=O)c7ccccc76)cc5)c4c3)n2)cc1,BRICS-01993
O=c1[nH]c(=O)n(Cc2ccc(Cn3c(=O)[nH]c4ncc(-c5nc(-n6c(=O)[nH]c(=O)c7ccccc76)no5)cc43)cc2)c2ccccc12,BRICS-01994
O=c1[nH]c(=O)n(Cc2ccc(Cn3c(=O)[nH]c4ncc(-c5nc(-n6c(=O)[nH]c7ccccc76)no5)cc43)cc2)c2ccccc12,BRICS-01995
N#Cc1ccc(Nc2noc(-c3cnc4[nH]c(=O)n(Cc5ccc(Cn6c(=O)[nH]c(=O)c7ccccc76)cc5)c4c3)n2)cc1,BRICS-01996
O=c1[nH]c(=O)n(Cc2ccc(Cn3c(=O)[nH]c4ncc(-c5nc(Nc6ccccc6)no5)cc43)cc2)c2ccccc12,BRICS-01997
N#Cc1ccc(NS(=O)(=O)c2cc(-c3cnc4[nH]c(=O)n(Cc5ccc(Cn6c(=O)[nH]c(=O)c7ccccc76)cc5)c4c3)[nH]n2)cc1,BRICS-01998
O=c1[nH]c(=O)n(Cc2ccc(Cn3c(=O)[nH]c4ncc(-c5cnc6[nH]c(=O)n(-c7ccccc7)c6c5)cc43)cc2)c2ccccc12,BRICS-01999
O=c1[nH]c(=O)n(Cc2ccc(Cn3c(=O)[nH]c4ncc(-c5cnc6[nH]c(=O)n(-c7ccc(O)cc7)c6c5)cc43)cc2)c2ccccc12,BRICS-02000
O=c1[nH]c(=O)n(Cc2ccc(Cn3c(=O)[nH]c4ncc(-c5ccc(Nc6ccccc6)cc5)cc43)cc2)c2ccccc12,BRICS-02001
O=c1[nH]c(=O)n(Cc2ccc(Cn3c(=O)[nH]c4ncc(-c5ccc(Nc6ccc(O)cc6)cc5)cc43)cc2)c2ccccc12,BRICS-02002
O=C(O)c1ccc(Nc2ccc(-c3cnc4[nH]c(=O)n(Cc5ccc(Cn6c(=O)[nH]c(=O)c7ccccc76)cc5)c4c3)cc2)cc1,BRICS-02003
O=C(Nc1ccc(-c2cnc3[nH]c(=O)n(Cc4ccc(Cn5c(=O)[nH]c(=O)c6ccccc65)cc4)c3c2)cc1)c1ccco1,BRICS-02004
O=C(Nc1ccccc1)Nc1ccc(-c2cnc3[nH]c(=O)n(Cc4ccc(Cn5c(=O)[nH]c(=O)c6ccccc65)cc4)c3c2)cc1,BRICS-02005
O=C(Nc1ccc(-c2cnc3[nH]c(=O)n(Cc4ccc(Cn5c(=O)[nH]c(=O)c6ccccc65)cc4)c3c2)cc1)c1ccccc1,BRICS-02006
N#Cc1ccc(NC(=O)Nc2ccc(-c3cnc4[nH]c(=O)n(Cc5ccc(Cn6c(=O)[nH]c(=O)c7ccccc76)cc5)c4c3)cc2)cc1,BRICS-02007
O=c1[nH]c(=O)n(Cc2ccc(Cn3c(=O)[nH]c4ncc(-c5ccc(-c6ccccc6)cc5)cc43)cc2)c2ccccc12,BRICS-02008
O=c1[nH]c(=O)n(Cc2ccc(Cn3c(=O)[nH]c4ncc(-c5ccc(-c6ccc(O)cc6)cc5)cc43)cc2)c2ccccc12,BRICS-02009
O=C(O)c1ccc(-c2ccc(-c3cnc4[nH]c(=O)n(Cc5ccc(Cn6c(=O)[nH]c(=O)c7ccccc76)cc5)c4c3)cc2)cc1,BRICS-02010
N#Cc1ccc(Nc2ccc(-c3cnc4[nH]c(=O)n(Cc5ccc(Cn6c(=O)[nH]c(=O)c7ccccc76)cc5)c4c3)cc2)cc1,BRICS-02011
O=c1[nH]c(=O)n(Cc2ccc(Cn3c(=O)[nH]c4ncc(-c5ccc(-n6c(=O)[nH]c(=O)c7ccccc76)cc5)cc43)cc2)c2ccccc12,BRICS-02012
O=c1[nH]c(=O)n(Cc2ccc(Cn3c(=O)[nH]c4ncc(-c5ccc(-n6c(=O)[nH]c7ccccc76)cc5)cc43)cc2)c2ccccc12,BRICS-02013
O=c1[nH]c(=O)n(Cc2ccc(Cn3c(=O)[nH]c4ncc(NS(=O)(=O)c5cc(Cc6ccccc6)[nH]n5)cc43)cc2)c2ccccc12,BRICS-02014
O=c1[nH]c(=O)n(Cc2ccc(Cn3c(=O)[nH]c4ncc(NS(=O)(=O)c5cc(-c6ccccc6)[nH]n5)cc43)cc2)c2ccccc12,BRICS-02015
O=c1[nH]c(=O)n(Cc2ccc(Cn3c(=O)[nH]c4ncc(NS(=O)(=O)c5cc(-c6ccc(O)cc6)[nH]n5)cc43)cc2)c2ccccc12,BRICS-02016
O=c1[nH]c(=O)n(Cc2ccc(Cn3c(=O)[nH]c4ncc(NS(=O)(=O)c5cc(Nc6ccccc6)[nH]n5)cc43)cc2)c2ccccc12,BRICS-02017
O=c1[nH]c(=O)n(Cc2ccc(Cn3c(=O)[nH]c4ncc(-c5nc6cc(Nc7ccccc7)ccc6s5)cc43)cc2)c2ccccc12,BRICS-02018
O=c1[nH]c(=O)n(Cc2ccc(Cn3c(=O)[nH]c4ncc(-c5nc6cc(Nc7ccc(O)cc7)ccc6s5)cc43)cc2)c2ccccc12,BRICS-02019
O=C(Nc1ccc2sc(-c3cnc4[nH]c(=O)n(Cc5ccc(Cn6c(=O)[nH]c(=O)c7ccccc76)cc5)c4c3)nc2c1)c1ccco1,BRICS-02020
N#Cc1ccc(Nc2noc(-c3ccc(Cn4c(=O)[nH]c(=O)c5ccccc54)cc3)n2)cc1,BRICS-02021
O=c1[nH]c(=O)n(Cc2ccc(-c3nc(Nc4ccccc4)no3)cc2)c2ccccc12,BRICS-02022
O=c1[nH]c(=O)n(Cc2ccc(-c3nc(-c4ccccc4)no3)cc2)c2ccccc12,BRICS-02023
O=c1[nH]c(=O)n(Cc2ccc(-c3nc(-c4ccc(O)cc4)no3)cc2)c2ccccc12,BRICS-02024
O=C(O)c1ccc(-c2noc(-c3ccc(Cn4c(=O)[nH]c(=O)c5ccccc54)cc3)n2)cc1,BRICS-02025
O=c1[nH]c(=O)n(Cc2ccc(-c3nc(Cc4ccccc4)no3)cc2)c2ccccc12,BRICS-02026
O=c1[nH]c(=O)n(Cc2ccc(-c3nc(Cn4c(=O)[nH]c(=O)c5ccccc54)no3)cc2)c2ccccc12,BRICS-02027
O=c1[nH]c(=O)n(Cc2ccc(-c3nc(-n4c(=O)[nH]c(=O)c5ccccc54)no3)cc2)c2ccccc12,BRICS-02028
O=c1[nH]c(=O)n(Cc2ccc(-c3nc(-n4c(=O)[nH]c5ccccc54)no3)cc2)c2ccccc12,BRICS-02029
O=c1[nH]c(=O)n(Cc2ccc(-c3nc(-n4c(=O)[nH]c5ncc(-c6ccccc6)cc54)no3)cc2)c2ccccc12,BRICS-02030
O=c1[nH]c(=O)n(Cc2ccc(-c3nc(-n4c(=O)[nH]c5ncc(-c6ccc(O)cc6)cc54)no3)cc2)c2ccccc12,BRICS-02031
O=C(O)c1ccc(-c2cnc3[nH]c(=O)n(-c4noc(-c5ccc(Cn6c(=O)[nH]c(=O)c7ccccc76)cc5)n4)c3c2)cc1,BRICS-02032
O=c1[nH]c(=O)n(Cc2ccc(-c3nc(-n4c(=O)[nH]c5ncc(Cc6ccccc6)cc54)no3)cc2)c2ccccc12,BRICS-02033
O=c1[nH]c(=O)n(Cc2ccc(-c3nc(-n4c(=O)[nH]c5ncc(Cn6c(=O)[nH]c(=O)c7ccccc76)cc54)no3)cc2)c2ccccc12,BRICS-02034
N#Cc1ccc(Nc2cnc3[nH]c(=O)n(-c4noc(-c5ccc(Cn6c(=O)[nH]c(=O)c7ccccc76)cc5)n4)c3c2)cc1,BRICS-02035
O=c1[nH]c(=O)n(Cc2ccc(-c3nc(-n4c(=O)[nH]c5ncc(Nc6ccccc6)cc54)no3)cc2)c2ccccc12,BRICS-02036
O=c1[nH]c(=O)n(Cc2ccc(-c3nc(-n4c(=O)[nH]c5ncc(-n6c(=O)[nH]c(=O)c7ccccc76)cc54)no3)cc2)c2ccccc12,BRICS-02037
O=c1[nH]c(=O)n(Cc2ccc(-c3nc(-n4c(=O)[nH]c5ncc(-n6c(=O)[nH]c7ccccc76)cc54)no3)cc2)c2ccccc12,BRICS-02038
N#Cc1ccc(NS(=O)(=O)c2cc(-c3noc(-c4ccc(Cn5c(=O)[nH]c(=O)c6ccccc65)cc4)n3)[nH]n2)cc1,BRICS-02039
O=c1[nH]c(=O)n(Cc2ccc(-c3nc(-c4cc(S(=O)(=O)Nc5ccccc5)n[nH]4)no3)cc2)c2ccccc12,BRICS-02040
N#Cc1ccc(NC(=O)Nc2ccc3sc(-c4noc(-c5ccc(Cn6c(=O)[nH]c(=O)c7ccccc76)cc5)n4)nc3c2)cc1,BRICS-02041
O=C(Nc1ccccc1)Nc1ccc2sc(-c3noc(-c4ccc(Cn5c(=O)[nH]c(=O)c6ccccc65)cc4)n3)nc2c1,BRICS-02042
O=c1[nH]c(=O)n(Cc2ccc(-c3nc(-c4cnc5[nH]c(=O)n(Cc6ccccc6)c5c4)no3)cc2)c2ccccc12,BRICS-02043
O=c1[nH]c(=O)n(Cc2ccc(-c3nc(-c4cnc5[nH]c(=O)n(Cn6c(=O)[nH]c(=O)c7ccccc76)c5c4)no3)cc2)c2ccccc12,BRICS-02044
O=c1[nH]c(=O)n(Cc2ccc(-c3nc(-c4cnc5[nH]c(=O)n(-c6ccccc6)c5c4)no3)cc2)c2ccccc12,BRICS-02045
O=c1[nH]c(=O)n(Cc2ccc(-c3nc(-c4cnc5[nH]c(=O)n(-c6ccc(O)cc6)c5c4)no3)cc2)c2ccccc12,BRICS-02046
O=C(O)c1ccc(-n2c(=O)[nH]c3ncc(-c4noc(-c5ccc(Cn6c(=O)[nH]c(=O)c7ccccc76)cc5)n4)cc32)cc1,BRICS-02047
O=c1[nH]c(=O)n(Cc2ccc(-c3nc(NS(=O)(=O)c4cc(-c5ccccc5)[nH]n4)no3)cc2)c2ccccc12,BRICS-02048
O=c1[nH]c(=O)n(Cc2ccc(-c3nc(NS(=O)(=O)c4cc(-c5ccc(O)cc5)[nH]n4)no3)cc2)c2ccccc12,BRICS-02049
O=C(O)c1ccc(-c2cc(S(=O)(=O)Nc3noc(-c4ccc(Cn5c(=O)[nH]c(=O)c6ccccc65)cc4)n3)n[nH]2)cc1,BRICS-02050
O=c1[nH]c(=O)n(Cc2ccc(-c3nc(NS(=O)(=O)c4cc(Cc5ccccc5)[nH]n4)no3)cc2)c2ccccc12,BRICS-02051
O=c1[nH]c(=O)n(Cc2ccc(-c3nc(NS(=O)(=O)c4cc(Cn5c(=O)[nH]c(=O)c6ccccc65)[nH]n4)no3)cc2)c2ccccc12,BRICS-02052
N#Cc1ccc(Nc2cc(S(=O)(=O)Nc3noc(-c4ccc(Cn5c(=O)[nH]c(=O)c6ccccc65)cc4)n3)n[nH]2)cc1,BRICS-02053
O=c1[nH]c(=O)n(Cc2ccc(-c3nc(NS(=O)(=O)c4cc(Nc5ccccc5)[nH]n4)no3)cc2)c2ccccc12,BRICS-02054
O=c1[nH]c(=O)n(Cc2ccc(-c3nc(NS(=O)(=O)c4cc(-n5c(=O)[nH]c(=O)c6ccccc65)[nH]n4)no3)cc2)c2ccccc12,BRICS-02055
O=c1[nH]c(=O)n(Cc2ccc(-c3nc(NS(=O)(=O)c4cc(-n5c(=O)[nH]c6ccccc65)[nH]n4)no3)cc2)c2ccccc12,BRICS-02056
O=C(Nc1ccc(-c2noc(-c3ccc(Cn4c(=O)[nH]c(=O)c5ccccc54)cc3)n2)cc1)c1ccco1,BRICS-02057
O=C(Nc1ccccc1)Nc1ccc(-c2noc(-c3ccc(Cn4c(=O)[nH]c(=O)c5ccccc54)cc3)n2)cc1,BRICS-02058
O=C(Nc1ccc(-c2noc(-c3ccc(Cn4c(=O)[nH]c(=O)c5ccccc54)cc3)n2)cc1)c1ccccc1,BRICS-02059
N#Cc1ccc(NC(=O)Nc2ccc(-c3noc(-c4ccc(Cn5c(=O)[nH]c(=O)c6ccccc65)cc4)n3)cc2)cc1,BRICS-02060
O=c1[nH]c(=O)n(Cc2ccc(-c3nc(-c4ccc(Nc5ccccc5)cc4)no3)cc2)c2ccccc12,BRICS-02061
O=c1[nH]c(=O)n(Cc2ccc(-c3nc(-c4ccc(Nc5ccc(O)cc5)cc4)no3)cc2)c2ccccc12,BRICS-02062
O=C(O)c1ccc(Nc2ccc(-c3noc(-c4ccc(Cn5c(=O)[nH]c(=O)c6ccccc65)cc4)n3)cc2)cc1,BRICS-02063
O=c1[nH]c(=O)n(Cc2ccc(-c3nc(-c4cnc5[nH]c(=O)n(Cn6c(=O)[nH]c7ccccc76)c5c4)no3)cc2)c2ccccc12,BRICS-02064
O=c1[nH]c(=O)n(Cc2ccc(-c3nc(-c4cnc5[nH]c(=O)n(Cc6ccc(O)cc6)c5c4)no3)cc2)c2ccccc12,BRICS-02065
O=C(O)c1ccc(Cn2c(=O)[nH]c3ncc(-c4noc(-c5ccc(Cn6c(=O)[nH]c(=O)c7ccccc76)cc5)n4)cc32)cc1,BRICS-02066
O=c1[nH]c(=O)n(Cc2ccc(-c3nc(Nc4ccc5sc(-c6ccccc6)nc5c4)no3)cc2)c2ccccc12,BRICS-02067
O=c1[nH]c(=O)n(Cc2ccc(-c3nc(Nc4ccc5sc(-c6ccc(O)cc6)nc5c4)no3)cc2)c2ccccc12,BRICS-02068
O=C(O)c1ccc(-c2nc3cc(Nc4noc(-c5ccc(Cn6c(=O)[nH]c(=O)c7ccccc76)cc5)n4)ccc3s2)cc1,BRICS-02069
O=c1[nH]c(=O)n(Cc2ccc(-c3nc(Nc4ccc5sc(Cc6ccccc6)nc5c4)no3)cc2)c2ccccc12,BRICS-02070
O=c1[nH]c(=O)n(Cc2ccc(-c3nc(Nc4ccc5sc(Cn6c(=O)[nH]c(=O)c7ccccc76)nc5c4)no3)cc2)c2ccccc12,BRICS-02071
N#Cc1ccc(Nc2nc3cc(Nc4noc(-c5ccc(Cn6c(=O)[nH]c(=O)c7ccccc76)cc5)n4)ccc3s2)cc1,BRICS-02072
O=c1[nH]c(=O)n(Cc2ccc(-c3nc(Nc4ccc5sc(Nc6ccccc6)nc5c4)no3)cc2)c2ccccc12,BRICS-02073
O=c1[nH]c(=O)n(Cc2ccc(-c3nc(Nc4ccc5sc(-n6c(=O)[nH]c(=O)c7ccccc76)nc5c4)no3)cc2)c2ccccc12,BRICS-02074
O=c1[nH]c(=O)n(Cc2ccc(-c3nc(Nc4ccc5sc(-n6c(=O)[nH]c7ccccc76)nc5c4)no3)cc2)c2ccccc12,BRICS-02075
O=c1[nH]c(=O)n(Cc2ccc(-c3nc(Cn4c(=O)[nH]c5ncc(-c6ccccc6)cc54)no3)cc2)c2ccccc12,BRICS-02076
O=c1[nH]c(=O)n(Cc2ccc(-c3nc(Cn4c(=O)[nH]c5ncc(-c6ccc(O)cc6)cc54)no3)cc2)c2ccccc12,BRICS-02077
O=C(O)c1ccc(-c2cnc3[nH]c(=O)n(Cc4noc(-c5ccc(Cn6c(=O)[nH]c(=O)c7ccccc76)cc5)n4)c3c2)cc1,BRICS-02078
O=c1[nH]c(=O)n(Cc2ccc(-c3nc(Cn4c(=O)[nH]c5ncc(Cc6ccccc6)cc54)no3)cc2)c2ccccc12,BRICS-02079
O=c1[nH]c(=O)n(Cc2ccc(-c3nc(Cn4c(=O)[nH]c5ncc(Cn6c(=O)[nH]c(=O)c7ccccc76)cc54)no3)cc2)c2ccccc12,BRICS-02080
N#Cc1ccc(Nc2cnc3[nH]c(=O)n(Cc4noc(-c5ccc(Cn6c(=O)[nH]c(=O)c7ccccc76)cc5)n4)c3c2)cc1,BRICS-02081
O=c1[nH]c(=O)n(Cc2ccc(-c3nc(Cn4c(=O)[nH]c5ncc(Nc6ccccc6)cc54)no3)cc2)c2ccccc12,BRICS-02082
O=c1[nH]c(=O)n(Cc2ccc(-c3nc(Cn4c(=O)[nH]c5ncc(-n6c(=O)[nH]c(=O)c7ccccc76)cc54)no3)cc2)c2ccccc12,BRICS-02083
O=c1[nH]c(=O)n(Cc2ccc(-c3nc(Cn4c(=O)[nH]c5ncc(-n6c(=O)[nH]c7ccccc76)cc54)no3)cc2)c2ccccc12,BRICS-02084
O=c1[nH]c(=O)n(Cc2ccc(-c3nc(Cc4ccc(-c5ccccc5)cc4)no3)cc2)c2ccccc12,BRICS-02085
O=c1[nH]c(=O)n(Cc2ccc(-c3nc(Cc4ccc(-c5ccc(O)cc5)cc4)no3)cc2)c2ccccc12,BRICS-02086
O=C(O)c1ccc(-c2ccc(Cc3noc(-c4ccc(Cn5c(=O)[nH]c(=O)c6ccccc65)cc4)n3)cc2)cc1,BRICS-02087
O=c1[nH]c(=O)n(Cc2ccc(-c3nc(Cc4ccc(Cc5ccccc5)cc4)no3)cc2)c2ccccc12,BRICS-02088
O=c1[nH]c(=O)n(Cc2ccc(Cc3noc(-c4ccc(Cn5c(=O)[nH]c(=O)c6ccccc65)cc4)n3)cc2)c2ccccc12,BRICS-02089
N#Cc1ccc(Nc2ccc(Cc3noc(-c4ccc(Cn5c(=O)[nH]c(=O)c6ccccc65)cc4)n3)cc2)cc1,BRICS-02090
O=c1[nH]c(=O)n(Cc2ccc(-c3nc(Cc4ccc(Nc5ccccc5)cc4)no3)cc2)c2ccccc12,BRICS-02091
O=c1[nH]c(=O)n(Cc2ccc(-c3nc(Cc4ccc(-n5c(=O)[nH]c(=O)c6ccccc65)cc4)no3)cc2)c2ccccc12,BRICS-02092
O=c1[nH]c(=O)n(Cc2ccc(-c3nc(Cc4ccc(-n5c(=O)[nH]c6ccccc65)cc4)no3)cc2)c2ccccc12,BRICS-02093
O=c1[nH]c(=O)n(Cc2ccc(-c3noc(-c4ccc(Cn5c(=O)[nH]c(=O)c6ccccc65)cc4)n3)cc2)c2ccccc12,BRICS-02094
O=c1[nH]c(=O)n(Cc2ccc(-c3nc(-c4ccc(Cn5c(=O)[nH]c6ccccc65)cc4)no3)cc2)c2ccccc12,BRICS-02095
O=c1[nH]c(=O)n(Cc2ccc(-c3nc(-c4ccc(Cc5ccccc5)cc4)no3)cc2)c2ccccc12,BRICS-02096
O=c1[nH]c(=O)n(Cc2ccc(-c3nc(-c4ccc(Cc5ccc(O)cc5)cc4)no3)cc2)c2ccccc12,BRICS-02097
O=C(O)c1ccc(Cc2ccc(-c3noc(-c4ccc(Cn5c(=O)[nH]c(=O)c6ccccc65)cc4)n3)cc2)cc1,BRICS-02098
O=c1[nH]c(=O)n(Cc2ccc(-c3nc(Nc4ccc(-c5ccccc5)cc4)no3)cc2)c2ccccc12,BRICS-02099
O=c1[nH]c(=O)n(Cc2ccc(-c3nc(Nc4ccc(-c5ccc(O)cc5)cc4)no3)cc2)c2ccccc12,BRICS-02100
O=C(O)c1ccc(-c2ccc(Nc3noc(-c4ccc(Cn5c(=O)[nH]c(=O)c6ccccc65)cc4)n3)cc2)cc1,BRICS-02101
O=c1[nH]c(=O)n(Cc2ccc(-c3nc(Nc4ccc(Cc5ccccc5)cc4)no3)cc2)c2ccccc12,BRICS-02102
O=c1[nH]c(=O)n(Cc2ccc(Nc3noc(-c4ccc(Cn5c(=O)[nH]c(=O)c6ccccc65)cc4)n3)cc2)c2ccccc12,BRICS-02103
N#Cc1ccc(Nc2ccc(Nc3noc(-c4ccc(Cn5c(=O)[nH]c(=O)c6ccccc65)cc4)n3)cc2)cc1,BRICS-02104
O=c1[nH]c(=O)n(Cc2ccc(-c3nc(Nc4ccc(Nc5ccccc5)cc4)no3)cc2)c2ccccc12,BRICS-02105
O=c1[nH]c(=O)n(Cc2ccc(-c3nc(Nc4ccc(-n5c(=O)[nH]c(=O)c6ccccc65)cc4)no3)cc2)c2ccccc12,BRICS-02106
O=c1[nH]c(=O)n(Cc2ccc(-c3nc(Nc4ccc(-n5c(=O)[nH]c6ccccc65)cc4)no3)cc2)c2ccccc12,BRICS-02107
O=C(Nc1ccc2sc(-c3noc(-c4ccc(Cn5c(=O)[nH]c(=O)c6ccccc65)cc4)n3)nc2c1)c1ccco1,BRICS-02108
O=C(Nc1ccc2sc(-c3noc(-c4ccc(Cn5c(=O)[nH]c(=O)c6ccccc65)cc4)n3)nc2c1)c1ccccc1,BRICS-02109
O=c1[nH]c(=O)n(Cc2ccc(-c3nc(-c4nc5cc(Nc6ccccc6)ccc5s4)no3)cc2)c2ccccc12,BRICS-02110
O=c1[nH]c(=O)n(Cc2ccc(-c3nc(-c4nc5cc(Nc6ccc(O)cc6)ccc5s4)no3)cc2)c2ccccc12,BRICS-02111
O=C(O)c1ccc(Nc2ccc3sc(-c4noc(-c5ccc(Cn6c(=O)[nH]c(=O)c7ccccc76)cc5)n4)nc3c2)cc1,BRICS-02112
O=c1[nH]c(=O)n(Cc2ccc(-c3nc(-c4nc(-c5ccccc5)no4)no3)cc2)c2ccccc12,BRICS-02113
O=c1[nH]c(=O)n(Cc2ccc(-c3nc(-c4nc(-c5ccc(O)cc5)no4)no3)cc2)c2ccccc12,BRICS-02114
O=C(O)c1ccc(-c2noc(-c3noc(-c4ccc(Cn5c(=O)[nH]c(=O)c6ccccc65)cc4)n3)n2)cc1,BRICS-02115
O=c1[nH]c(=O)n(Cc2ccc(-c3nc(-c4nc(Cc5ccccc5)no4)no3)cc2)c2ccccc12,BRICS-02116
O=c1[nH]c(=O)n(Cc2ccc(-c3nc(-c4nc(Cn5c(=O)[nH]c(=O)c6ccccc65)no4)no3)cc2)c2ccccc12,BRICS-02117
N#Cc1ccc(Nc2noc(-c3noc(-c4ccc(Cn5c(=O)[nH]c(=O)c6ccccc65)cc4)n3)n2)cc1,BRICS-02118
O=c1[nH]c(=O)n(Cc2ccc(-c3nc(-c4nc(Nc5ccccc5)no4)no3)cc2)c2ccccc12,BRICS-02119
O=c1[nH]c(=O)n(Cc2ccc(-c3nc(-c4nc(-n5c(=O)[nH]c(=O)c6ccccc65)no4)no3)cc2)c2ccccc12,BRICS-02120
O=c1[nH]c(=O)n(Cc2ccc(-c3nc(-c4nc(-n5c(=O)[nH]c6ccccc65)no4)no3)cc2)c2ccccc12,BRICS-02121
O=c1[nH]c(=O)n(Cc2ccc(-c3nc(-c4noc(-c5ccccc5)n4)no3)cc2)c2ccccc12,BRICS-02122
O=c1[nH]c(=O)n(Cc2ccc(-c3nc(-c4noc(-c5ccc(O)cc5)n4)no3)cc2)c2ccccc12,BRICS-02123
O=C(O)c1ccc(-c2nc(-c3noc(-c4ccc(Cn5c(=O)[nH]c(=O)c6ccccc65)cc4)n3)no2)cc1,BRICS-02124
O=c1[nH]c(=O)n(Cc2ccc(-c3nc(-c4noc(Cc5ccccc5)n4)no3)cc2)c2ccccc12,BRICS-02125
O=c1[nH]c(=O)n(Cc2ccc(-c3nc(-c4noc(Cn5c(=O)[nH]c(=O)c6ccccc65)n4)no3)cc2)c2ccccc12,BRICS-02126
N#Cc1ccc(Nc2nc(-c3noc(-c4ccc(Cn5c(=O)[nH]c(=O)c6ccccc65)cc4)n3)no2)cc1,BRICS-02127
O=c1[nH]c(=O)n(Cc2ccc(-c3nc(-c4noc(Nc5ccccc5)n4)no3)cc2)c2ccccc12,BRICS-02128
O=c1[nH]c(=O)n(Cc2ccc(-c3nc(-c4noc(-n5c(=O)[nH]c(=O)c6ccccc65)n4)no3)cc2)c2ccccc12,BRICS-02129
O=c1[nH]c(=O)n(Cc2ccc(-c3nc(-c4noc(-n5c(=O)[nH]c6ccccc65)n4)no3)cc2)c2ccccc12,BRICS-02130
O=c1[nH]c(=O)n(Cc2ccc(-c3nc(-c4ccc(-c5ccccc5)cc4)no3)cc2)c2ccccc12,BRICS-02131
O=c1[nH]c(=O)n(Cc2ccc(-c3nc(-c4ccc(-c5ccc(O)cc5)cc4)no3)cc2)c2ccccc12,BRICS-02132
O=C(O)c1ccc(-c2ccc(-c3noc(-c4ccc(Cn5c(=O)[nH]c(=O)c6ccccc65)cc4)n3)cc2)cc1,BRICS-02133
N#Cc1ccc(Nc2ccc(-c3noc(-c4ccc(Cn5c(=O)[nH]c(=O)c6ccccc65)cc4)n3)cc2)cc1,BRICS-02134
O=c1[nH]c(=O)n(Cc2ccc(-c3nc(-c4ccc(-n5c(=O)[nH]c(=O)c6ccccc65)cc4)no3)cc2)c2ccccc12,BRICS-02135
O=c1[nH]c(=O)n(Cc2ccc(-c3nc(-c4ccc(-n5c(=O)[nH]c6ccccc65)cc4)no3)cc2)c2ccccc12,BRICS-02136
O=C(NS(=O)(=O)c1cc(-c2noc(-c3ccc(Cn4c(=O)[nH]c(=O)c5ccccc54)cc3)n2)[nH]n1)c1ccco1,BRICS-02137
O=C(Nc1ccccc1)NS(=O)(=O)c1cc(-c2noc(-c3ccc(Cn4c(=O)[nH]c(=O)c5ccccc54)cc3)n2)[nH]n1,BRICS-02138
O=C(NS(=O)(=O)c1cc(-c2noc(-c3ccc(Cn4c(=O)[nH]c(=O)c5ccccc54)cc3)n2)[nH]n1)c1ccccc1,BRICS-02139
N#Cc1ccc(NC(=O)NS(=O)(=O)c2cc(-c3noc(-c4ccc(Cn5c(=O)[nH]c(=O)c6ccccc65)cc4)n3)[nH]n2)cc1,BRICS-02140
O=c1[nH]c(=O)n(Cc2ccc(-c3nc(-c4cc(S(=O)(=O)Nc5ccc(O)cc5)n[nH]4)no3)cc2)c2ccccc12,BRICS-02141
O=C(O)c1ccc(NS(=O)(=O)c2cc(-c3noc(-c4ccc(Cn5c(=O)[nH]c(=O)c6ccccc65)cc4)n3)[nH]n2)cc1,BRICS-02142
N#Cc1ccc(NS(=O)(=O)c2cc(-c3ccc(Cn4c(=O)[nH]c(=O)c5ccccc54)cc3)[nH]n2)cc1,BRICS-02143
N#Cc1ccc(Nc2nc3cc(NS(=O)(=O)c4cc(-c5ccc(Cn6c(=O)[nH]c(=O)c7ccccc76)cc5)[nH]n4)ccc3s2)cc1,BRICS-02144
O=c1[nH]c(=O)n(Cc2ccc(-c3cc(S(=O)(=O)Nc4ccc5sc(Nc6ccccc6)nc5c4)n[nH]3)cc2)c2ccccc12,BRICS-02145
O=c1[nH]c(=O)n(Cc2ccc(-c3cc(S(=O)(=O)Nc4ccc5sc(-c6ccccc6)nc5c4)n[nH]3)cc2)c2ccccc12,BRICS-02146
O=c1[nH]c(=O)n(Cc2ccc(-c3cc(S(=O)(=O)Nc4ccc5sc(-c6ccc(O)cc6)nc5c4)n[nH]3)cc2)c2ccccc12,BRICS-02147
O=c1[nH]c(=O)n(Cc2ccc(-c3cc(S(=O)(=O)Nc4ccc5sc(Cc6ccccc6)nc5c4)n[nH]3)cc2)c2ccccc12,BRICS-02148
N#Cc1ccc(Nc2cc(S(=O)(=O)Nc3ccc(Cn4c(=O)[nH]c(=O)c5ccccc54)cc3)n[nH]2)cc1,BRICS-02149
O=c1[nH]c(=O)n(Cc2ccc(NS(=O)(=O)c3cc(Nc4ccccc4)[nH]n3)cc2)c2ccccc12,BRICS-02150
O=c1[nH]c(=O)n(Cc2ccc(NS(=O)(=O)c3cc(-c4ccccc4)[nH]n3)cc2)c2ccccc12,BRICS-02151
O=c1[nH]c(=O)n(Cc2ccc(NS(=O)(=O)c3cc(-c4ccc(O)cc4)[nH]n3)cc2)c2ccccc12,BRICS-02152
O=C(O)c1ccc(-c2cc(S(=O)(=O)Nc3ccc(Cn4c(=O)[nH]c(=O)c5ccccc54)cc3)n[nH]2)cc1,BRICS-02153
O=c1[nH]c(=O)n(Cc2ccc(NS(=O)(=O)c3cc(Cc4ccccc4)[nH]n3)cc2)c2ccccc12,BRICS-02154
O=c1[nH]c(=O)n(Cc2ccc(NS(=O)(=O)c3cc(Cn4c(=O)[nH]c(=O)c5ccccc54)[nH]n3)cc2)c2ccccc12,BRICS-02155
O=c1[nH]c(=O)n(Cc2ccc(NS(=O)(=O)c3cc(-n4c(=O)[nH]c(=O)c5ccccc54)[nH]n3)cc2)c2ccccc12,BRICS-02156
O=c1[nH]c(=O)n(Cc2ccc(NS(=O)(=O)c3cc(-n4c(=O)[nH]c5ccccc54)[nH]n3)cc2)c2ccccc12,BRICS-02157
O=c1[nH]c(=O)n(Cc2ccc(NS(=O)(=O)c3cc(-c4ccc(-n5c(=O)[nH]c(=O)c6ccccc65)cc4)[nH]n3)cc2)c2ccccc12,BRICS-02158
O=c1[nH]c(=O)n(Cc2ccc(NS(=O)(=O)c3cc(-c4ccc(-n5c(=O)[nH]c6ccccc65)cc4)[nH]n3)cc2)c2ccccc12,BRICS-02159
N#Cc1ccc(Nc2ccc(-c3cc(S(=O)(=O)Nc4ccc(Cn5c(=O)[nH]c(=O)c6ccccc65)cc4)n[nH]3)cc2)cc1,BRICS-02160
O=c1[nH]c(=O)n(Cc2ccc(NS(=O)(=O)c3cc(-c4ccc(Nc5ccccc5)cc4)[nH]n3)cc2)c2ccccc12,BRICS-02161
O=c1[nH]c(=O)n(Cc2ccc(NS(=O)(=O)c3cc(-c4ccc(-c5ccccc5)cc4)[nH]n3)cc2)c2ccccc12,BRICS-02162
O=c1[nH]c(=O)n(Cc2ccc(NS(=O)(=O)c3cc(-c4ccc(-c5ccc(O)cc5)cc4)[nH]n3)cc2)c2ccccc12,BRICS-02163
O=C(O)c1ccc(-c2ccc(-c3cc(S(=O)(=O)Nc4ccc(Cn5c(=O)[nH]c(=O)c6ccccc65)cc4)n[nH]3)cc2)cc1,BRICS-02164
O=c1[nH]c(=O)n(Cc2ccc(NS(=O)(=O)c3cc(-c4ccc(Cc5ccccc5)cc4)[nH]n3)cc2)c2ccccc12,BRICS-02165
O=c1[nH]c(=O)n(Cc2ccc(NS(=O)(=O)c3cc(Cc4ccc(-n5c(=O)[nH]c(=O)c6ccccc65)cc4)[nH]n3)cc2)c2ccccc12,BRICS-02166
O=c1[nH]c(=O)n(Cc2ccc(NS(=O)(=O)c3cc(Cc4ccc(-n5c(=O)[nH]c6ccccc65)cc4)[nH]n3)cc2)c2ccccc12,BRICS-02167
N#Cc1ccc(Nc2ccc(Cc3cc(S(=O)(=O)Nc4ccc(Cn5c(=O)[nH]c(=O)c6ccccc65)cc4)n[nH]3)cc2)cc1,BRICS-02168
O=c1[nH]c(=O)n(Cc2ccc(NS(=O)(=O)c3cc(Cc4ccc(Nc5ccccc5)cc4)[nH]n3)cc2)c2ccccc12,BRICS-02169
O=c1[nH]c(=O)n(Cc2ccc(NS(=O)(=O)c3cc(Cc4ccc(-c5ccccc5)cc4)[nH]n3)cc2)c2ccccc12,BRICS-02170
O=c1[nH]c(=O)n(Cc2ccc(NS(=O)(=O)c3cc(Cc4ccc(-c5ccc(O)cc5)cc4)[nH]n3)cc2)c2ccccc12,BRICS-02171
O=C(O)c1ccc(-c2ccc(Cc3cc(S(=O)(=O)Nc4ccc(Cn5c(=O)[nH]c(=O)c6ccccc65)cc4)n[nH]3)cc2)cc1,BRICS-02172
O=c1[nH]c(=O)n(Cc2ccc(NS(=O)(=O)c3cc(Cc4ccc(Cc5ccccc5)cc4)[nH]n3)cc2)c2ccccc12,BRICS-02173
N#Cc1ccc(Nc2cnc3[nH]c(=O)n(-c4cc(S(=O)(=O)Nc5ccc(Cn6c(=O)[nH]c(=O)c7ccccc76)cc5)n[nH]4)c3c2)cc1,BRICS-02174
O=c1[nH]c(=O)n(Cc2ccc(NS(=O)(=O)c3cc(-n4c(=O)[nH]c5ncc(Nc6ccccc6)cc54)[nH]n3)cc2)c2ccccc12,BRICS-02175
O=c1[nH]c(=O)n(Cc2ccc(NS(=O)(=O)c3cc(-n4c(=O)[nH]c5ncc(-c6ccccc6)cc54)[nH]n3)cc2)c2ccccc12,BRICS-02176
O=c1[nH]c(=O)n(Cc2ccc(NS(=O)(=O)c3cc(-n4c(=O)[nH]c5ncc(-c6ccc(O)cc6)cc54)[nH]n3)cc2)c2ccccc12,BRICS-02177
O=c1[nH]c(=O)n(Cc2ccc(NS(=O)(=O)c3cc(-n4c(=O)[nH]c5ncc(Cc6ccccc6)cc54)[nH]n3)cc2)c2ccccc12,BRICS-02178
O=c1[nH]c(=O)n(Cc2ccc(NS(=O)(=O)c3cc(-c4ccc(Nc5ccc(O)cc5)cc4)[nH]n3)cc2)c2ccccc12,BRICS-02179
O=C(O)c1ccc(Nc2ccc(-c3cc(S(=O)(=O)Nc4ccc(Cn5c(=O)[nH]c(=O)c6ccccc65)cc4)n[nH]3)cc2)cc1,BRICS-02180
O=C(Nc1ccc(-c2cc(S(=O)(=O)Nc3ccc(Cn4c(=O)[nH]c(=O)c5ccccc54)cc3)n[nH]2)cc1)c1ccco1,BRICS-02181
O=C(Nc1ccccc1)Nc1ccc(-c2cc(S(=O)(=O)Nc3ccc(Cn4c(=O)[nH]c(=O)c5ccccc54)cc3)n[nH]2)cc1,BRICS-02182
O=C(Nc1ccc(-c2cc(S(=O)(=O)Nc3ccc(Cn4c(=O)[nH]c(=O)c5ccccc54)cc3)n[nH]2)cc1)c1ccccc1,BRICS-02183
N#Cc1ccc(NC(=O)Nc2ccc(-c3cc(S(=O)(=O)Nc4ccc(Cn5c(=O)[nH]c(=O)c6ccccc65)cc4)n[nH]3)cc2)cc1,BRICS-02184
O=c1[nH]c(=O)n(Cc2ccc(NS(=O)(=O)c3cc(-c4ccc(Cn5c(=O)[nH]c6ccccc65)cc4)[nH]n3)cc2)c2ccccc12,BRICS-02185
O=c1[nH]c(=O)n(Cc2ccc(NS(=O)(=O)c3cc(-c4ccc(Cc5ccc(O)cc5)cc4)[nH]n3)cc2)c2ccccc12,BRICS-02186
O=C(O)c1ccc(Cc2ccc(-c3cc(S(=O)(=O)Nc4ccc(Cn5c(=O)[nH]c(=O)c6ccccc65)cc4)n[nH]3)cc2)cc1,BRICS-02187
O=c1[nH]c(=O)n(Cc2ccc(NS(=O)(=O)c3cc(-c4cc(S(=O)(=O)Nc5ccccc5)n[nH]4)[nH]n3)cc2)c2ccccc12,BRICS-02188
O=c1[nH]c(=O)n(Cc2ccc(NS(=O)(=O)c3cc(-c4cc(S(=O)(=O)Nc5ccc(O)cc5)n[nH]4)[nH]n3)cc2)c2ccccc12,BRICS-02189
O=C(NS(=O)(=O)c1cc(-c2cc(S(=O)(=O)Nc3ccc(Cn4c(=O)[nH]c(=O)c5ccccc54)cc3)n[nH]2)[nH]n1)c1ccco1,BRICS-02190
O=C(NS(=O)(=O)c1cc(-c2cc(S(=O)(=O)Nc3ccc(Cn4c(=O)[nH]c(=O)c5ccccc54)cc3)n[nH]2)[nH]n1)c1ccccc1,BRICS-02191
O=c1[nH]c(=O)n(Cc2ccc(NS(=O)(=O)c3cc(-c4nc5cc(Nc6ccccc6)ccc5s4)[nH]n3)cc2)c2ccccc12,BRICS-02192
O=c1[nH]c(=O)n(Cc2ccc(NS(=O)(=O)c3cc(-c4nc5cc(Nc6ccc(O)cc6)ccc5s4)[nH]n3)cc2)c2ccccc12,BRICS-02193
O=C(Nc1ccc2sc(-c3cc(S(=O)(=O)Nc4ccc(Cn5c(=O)[nH]c(=O)c6ccccc65)cc4)n[nH]3)nc2c1)c1ccco1,BRICS-02194
O=C(Nc1ccc2sc(-c3cc(S(=O)(=O)Nc4ccc(Cn5c(=O)[nH]c(=O)c6ccccc65)cc4)n[nH]3)nc2c1)c1ccccc1,BRICS-02195
O=c1[nH]c(=O)n(Cc2ccc(NS(=O)(=O)c3cc(-c4cnc5[nH]c(=O)n(Cc6ccccc6)c5c4)[nH]n3)cc2)c2ccccc12,BRICS-02196
O=c1[nH]c(=O)n(Cc2ccc(NS(=O)(=O)c3cc(-c4cnc5[nH]c(=O)n(Cc6ccc(O)cc6)c5c4)[nH]n3)cc2)c2ccccc12,BRICS-02197
O=c1[nH]c(=O)n(Cc2ccc(NS(=O)(=O)c3cc(NS(=O)(=O)c4cc(Cc5ccccc5)[nH]n4)[nH]n3)cc2)c2ccccc12,BRICS-02198
O=c1[nH]c(=O)n(Cc2ccc(NS(=O)(=O)c3cc(NS(=O)(=O)c4cc(Nc5ccccc5)[nH]n4)[nH]n3)cc2)c2ccccc12,BRICS-02199
O=c1[nH]c(=O)n(Cc2ccc(NS(=O)(=O)c3cc(NS(=O)(=O)c4cc(-c5ccccc5)[nH]n4)[nH]n3)cc2)c2ccccc12,BRICS-02200
O=c1[nH]c(=O)n(Cc2ccc(NS(=O)(=O)c3cc(NS(=O)(=O)c4cc(-c5ccc(O)cc5)[nH]n4)[nH]n3)cc2)c2ccccc12,BRICS-02201
O=c1[nH]c(=O)n(Cc2ccc(NS(=O)(=O)c3cc(Nc4ccc5sc(Cc6ccccc6)nc5c4)[nH]n3)cc2)c2ccccc12,BRICS-02202
O=c1[nH]c(=O)n(Cc2ccc(NS(=O)(=O)c3cc(Nc4ccc5sc(Nc6ccccc6)nc5c4)[nH]n3)cc2)c2ccccc12,BRICS-02203
O=c1[nH]c(=O)n(Cc2ccc(NS(=O)(=O)c3cc(Nc4ccc5sc(-c6ccccc6)nc5c4)[nH]n3)cc2)c2ccccc12,BRICS-02204
O=c1[nH]c(=O)n(Cc2ccc(NS(=O)(=O)c3cc(Nc4ccc5sc(-c6ccc(O)cc6)nc5c4)[nH]n3)cc2)c2ccccc12,BRICS-02205
O=c1[nH]c(=O)n(Cc2ccc(NS(=O)(=O)c3cc(Cn4c(=O)[nH]c5ncc(Nc6ccccc6)cc54)[nH]n3)cc2)c2ccccc12,BRICS-02206
O=c1[nH]c(=O)n(Cc2ccc(NS(=O)(=O)c3cc(Cn4c(=O)[nH]c5ncc(-c6ccccc6)cc54)[nH]n3)cc2)c2ccccc12,BRICS-02207
O=c1[nH]c(=O)n(Cc2ccc(NS(=O)(=O)c3cc(Cn4c(=O)[nH]c5ncc(-c6ccc(O)cc6)cc54)[nH]n3)cc2)c2ccccc12,BRICS-02208
O=c1[nH]c(=O)n(Cc2ccc(NS(=O)(=O)c3cc(Cn4c(=O)[nH]c5ncc(Cc6ccccc6)cc54)[nH]n3)cc2)c2ccccc12,BRICS-02209
O=c1[nH]c(=O)n(Cc2ccc(NS(=O)(=O)c3cc(Nc4ccc(-n5c(=O)[nH]c(=O)c6ccccc65)cc4)[nH]n3)cc2)c2ccccc12,BRICS-02210
O=c1[nH]c(=O)n(Cc2ccc(NS(=O)(=O)c3cc(Nc4ccc(-n5c(=O)[nH]c6ccccc65)cc4)[nH]n3)cc2)c2ccccc12,BRICS-02211
N#Cc1ccc(Nc2ccc(Nc3cc(S(=O)(=O)Nc4ccc(Cn5c(=O)[nH]c(=O)c6ccccc65)cc4)n[nH]3)cc2)cc1,BRICS-02212
O=c1[nH]c(=O)n(Cc2ccc(NS(=O)(=O)c3cc(Nc4ccc(Nc5ccccc5)cc4)[nH]n3)cc2)c2ccccc12,BRICS-02213
O=c1[nH]c(=O)n(Cc2ccc(NS(=O)(=O)c3cc(Nc4ccc(-c5ccccc5)cc4)[nH]n3)cc2)c2ccccc12,BRICS-02214
O=c1[nH]c(=O)n(Cc2ccc(NS(=O)(=O)c3cc(Nc4ccc(-c5ccc(O)cc5)cc4)[nH]n3)cc2)c2ccccc12,BRICS-02215
O=C(O)c1ccc(-c2ccc(Nc3cc(S(=O)(=O)Nc4ccc(Cn5c(=O)[nH]c(=O)c6ccccc65)cc4)n[nH]3)cc2)cc1,BRICS-02216
O=c1[nH]c(=O)n(Cc2ccc(NS(=O)(=O)c3cc(Nc4ccc(Cc5ccccc5)cc4)[nH]n3)cc2)c2ccccc12,BRICS-02217
O=c1[nH]c(=O)n(Cc2ccc(NS(=O)(=O)c3cc(-c4noc(Cc5ccccc5)n4)[nH]n3)cc2)c2ccccc12,BRICS-02218
O=c1[nH]c(=O)n(Cc2ccc(NS(=O)(=O)c3cc(-c4noc(Cn5c(=O)[nH]c(=O)c6ccccc65)n4)[nH]n3)cc2)c2ccccc12,BRICS-02219
O=c1[nH]c(=O)n(Cc2ccc(NS(=O)(=O)c3cc(-c4noc(-n5c(=O)[nH]c(=O)c6ccccc65)n4)[nH]n3)cc2)c2ccccc12,BRICS-02220
O=c1[nH]c(=O)n(Cc2ccc(NS(=O)(=O)c3cc(-c4noc(-n5c(=O)[nH]c6ccccc65)n4)[nH]n3)cc2)c2ccccc12,BRICS-02221
N#Cc1ccc(Nc2nc(-c3cc(S(=O)(=O)Nc4ccc(Cn5c(=O)[nH]c(=O)c6ccccc65)cc4)n[nH]3)no2)cc1,BRICS-02222
O=c1[nH]c(=O)n(Cc2ccc(NS(=O)(=O)c3cc(-c4noc(Nc5ccccc5)n4)[nH]n3)cc2)c2ccccc12,BRICS-02223
O=c1[nH]c(=O)n(Cc2ccc(NS(=O)(=O)c3cc(-c4noc(-c5ccccc5)n4)[nH]n3)cc2)c2ccccc12,BRICS-02224
O=c1[nH]c(=O)n(Cc2ccc(NS(=O)(=O)c3cc(-c4noc(-c5ccc(O)cc5)n4)[nH]n3)cc2)c2ccccc12,BRICS-02225
O=C(O)c1ccc(-c2nc(-c3cc(S(=O)(=O)Nc4ccc(Cn5c(=O)[nH]c(=O)c6ccccc65)cc4)n[nH]3)no2)cc1,BRICS-02226
O=c1[nH]c(=O)n(Cc2ccc(NS(=O)(=O)c3cc(-c4nc(Cc5ccccc5)no4)[nH]n3)cc2)c2ccccc12,BRICS-02227
O=c1[nH]c(=O)n(Cc2ccc(NS(=O)(=O)c3cc(-c4nc(Cn5c(=O)[nH]c(=O)c6ccccc65)no4)[nH]n3)cc2)c2ccccc12,BRICS-02228
O=c1[nH]c(=O)n(Cc2ccc(NS(=O)(=O)c3cc(-c4nc(-n5c(=O)[nH]c(=O)c6ccccc65)no4)[nH]n3)cc2)c2ccccc12,BRICS-02229
O=c1[nH]c(=O)n(Cc2ccc(NS(=O)(=O)c3cc(-c4nc(-n5c(=O)[nH]c6ccccc65)no4)[nH]n3)cc2)c2ccccc12,BRICS-02230
N#Cc1ccc(Nc2noc(-c3cc(S(=O)(=O)Nc4ccc(Cn5c(=O)[nH]c(=O)c6ccccc65)cc4)n[nH]3)n2)cc1,BRICS-02231
O=c1[nH]c(=O)n(Cc2ccc(NS(=O)(=O)c3cc(-c4nc(Nc5ccccc5)no4)[nH]n3)cc2)c2ccccc12,BRICS-02232
O=c1[nH]c(=O)n(Cc2ccc(NS(=O)(=O)c3cc(-c4nc(-c5ccccc5)no4)[nH]n3)cc2)c2ccccc12,BRICS-02233
O=c1[nH]c(=O)n(Cc2ccc(NS(=O)(=O)c3cc(-c4nc(-c5ccc(O)cc5)no4)[nH]n3)cc2)c2ccccc12,BRICS-02234
O=C(O)c1ccc(-c2noc(-c3cc(S(=O)(=O)Nc4ccc(Cn5c(=O)[nH]c(=O)c6ccccc65)cc4)n[nH]3)n2)cc1,BRICS-02235
N#Cc1ccc(NS(=O)(=O)c2cc(-c3cc(S(=O)(=O)Nc4ccc(Cn5c(=O)[nH]c(=O)c6ccccc65)cc4)n[nH]3)[nH]n2)cc1,BRICS-02236
O=c1[nH]c(=O)n(Cc2ccc(NS(=O)(=O)c3cc(-c4cnc5[nH]c(=O)n(-c6ccccc6)c5c4)[nH]n3)cc2)c2ccccc12,BRICS-02237
O=c1[nH]c(=O)n(Cc2ccc(NS(=O)(=O)c3cc(-c4cnc5[nH]c(=O)n(-c6ccc(O)cc6)c5c4)[nH]n3)cc2)c2ccccc12,BRICS-02238
N#Cc1ccc(Nc2nc(-c3ccc(Cn4c(=O)[nH]c(=O)c5ccccc54)cc3)no2)cc1,BRICS-02239
O=c1[nH]c(=O)n(Cc2ccc(-c3noc(Nc4ccccc4)n3)cc2)c2ccccc12,BRICS-02240
O=c1[nH]c(=O)n(Cc2ccc(-c3noc(-c4ccccc4)n3)cc2)c2ccccc12,BRICS-02241
O=c1[nH]c(=O)n(Cc2ccc(-c3noc(-c4ccc(O)cc4)n3)cc2)c2ccccc12,BRICS-02242
O=C(O)c1ccc(-c2nc(-c3ccc(Cn4c(=O)[nH]c(=O)c5ccccc54)cc3)no2)cc1,BRICS-02243
O=c1[nH]c(=O)n(Cc2ccc(-c3noc(Cc4ccccc4)n3)cc2)c2ccccc12,BRICS-02244
O=c1[nH]c(=O)n(Cc2ccc(-c3noc(Cn4c(=O)[nH]c(=O)c5ccccc54)n3)cc2)c2ccccc12,BRICS-02245
O=c1[nH]c(=O)n(Cc2ccc(-c3noc(-n4c(=O)[nH]c(=O)c5ccccc54)n3)cc2)c2ccccc12,BRICS-02246
O=c1[nH]c(=O)n(Cc2ccc(-c3noc(-n4c(=O)[nH]c5ccccc54)n3)cc2)c2ccccc12,BRICS-02247
O=c1[nH]c(=O)n(Cc2ccc(-c3noc(Nc4ccc5sc(-c6ccccc6)nc5c4)n3)cc2)c2ccccc12,BRICS-02248
O=c1[nH]c(=O)n(Cc2ccc(-c3noc(Nc4ccc5sc(-c6ccc(O)cc6)nc5c4)n3)cc2)c2ccccc12,BRICS-02249
O=C(O)c1ccc(-c2nc3cc(Nc4nc(-c5ccc(Cn6c(=O)[nH]c(=O)c7ccccc76)cc5)no4)ccc3s2)cc1,BRICS-02250
N#Cc1ccc(Nc2nc3cc(Nc4nc(-c5ccc(Cn6c(=O)[nH]c(=O)c7ccccc76)cc5)no4)ccc3s2)cc1,BRICS-02251
O=c1[nH]c(=O)n(Cc2ccc(-c3noc(Nc4ccc5sc(Nc6ccccc6)nc5c4)n3)cc2)c2ccccc12,BRICS-02252
O=c1[nH]c(=O)n(Cc2ccc(-c3noc(Nc4ccc5sc(Cc6ccccc6)nc5c4)n3)cc2)c2ccccc12,BRICS-02253
O=c1[nH]c(=O)n(Cc2ccc(-c3noc(Nc4ccc5sc(Cn6c(=O)[nH]c(=O)c7ccccc76)nc5c4)n3)cc2)c2ccccc12,BRICS-02254
O=c1[nH]c(=O)n(Cc2ccc(-c3noc(Nc4ccc5sc(-n6c(=O)[nH]c(=O)c7ccccc76)nc5c4)n3)cc2)c2ccccc12,BRICS-02255
O=c1[nH]c(=O)n(Cc2ccc(-c3noc(Nc4ccc5sc(-n6c(=O)[nH]c7ccccc76)nc5c4)n3)cc2)c2ccccc12,BRICS-02256
O=c1[nH]c(=O)n(Cc2ccc(-c3noc(Nc4ccc(Cc5ccccc5)cc4)n3)cc2)c2ccccc12,BRICS-02257
O=c1[nH]c(=O)n(Cc2ccc(Nc3nc(-c4ccc(Cn5c(=O)[nH]c(=O)c6ccccc65)cc4)no3)cc2)c2ccccc12,BRICS-02258
N#Cc1ccc(Nc2ccc(Nc3nc(-c4ccc(Cn5c(=O)[nH]c(=O)c6ccccc65)cc4)no3)cc2)cc1,BRICS-02259
O=c1[nH]c(=O)n(Cc2ccc(-c3noc(Nc4ccc(Nc5ccccc5)cc4)n3)cc2)c2ccccc12,BRICS-02260
O=c1[nH]c(=O)n(Cc2ccc(-c3noc(Nc4ccc(-c5ccccc5)cc4)n3)cc2)c2ccccc12,BRICS-02261
O=c1[nH]c(=O)n(Cc2ccc(-c3noc(Nc4ccc(-c5ccc(O)cc5)cc4)n3)cc2)c2ccccc12,BRICS-02262
O=C(O)c1ccc(-c2ccc(Nc3nc(-c4ccc(Cn5c(=O)[nH]c(=O)c6ccccc65)cc4)no3)cc2)cc1,BRICS-02263
O=c1[nH]c(=O)n(Cc2ccc(-c3noc(Nc4ccc(-n5c(=O)[nH]c(=O)c6ccccc65)cc4)n3)cc2)c2ccccc12,BRICS-02264
O=c1[nH]c(=O)n(Cc2ccc(-c3noc(Nc4ccc(-n5c(=O)[nH]c6ccccc65)cc4)n3)cc2)c2ccccc12,BRICS-02265
O=c1[nH]c(=O)n(Cc2ccc(-c3noc(-c4noc(-c5ccccc5)n4)n3)cc2)c2ccccc12,BRICS-02266
O=c1[nH]c(=O)n(Cc2ccc(-c3noc(-c4noc(-c5ccc(O)cc5)n4)n3)cc2)c2ccccc12,BRICS-02267
O=C(O)c1ccc(-c2nc(-c3nc(-c4ccc(Cn5c(=O)[nH]c(=O)c6ccccc65)cc4)no3)no2)cc1,BRICS-02268
N#Cc1ccc(Nc2nc(-c3nc(-c4ccc(Cn5c(=O)[nH]c(=O)c6ccccc65)cc4)no3)no2)cc1,BRICS-02269
O=c1[nH]c(=O)n(Cc2ccc(-c3noc(-c4noc(Nc5ccccc5)n4)n3)cc2)c2ccccc12,BRICS-02270
O=c1[nH]c(=O)n(Cc2ccc(-c3noc(-c4noc(Cc5ccccc5)n4)n3)cc2)c2ccccc12,BRICS-02271
O=c1[nH]c(=O)n(Cc2ccc(-c3noc(-c4noc(Cn5c(=O)[nH]c(=O)c6ccccc65)n4)n3)cc2)c2ccccc12,BRICS-02272
O=c1[nH]c(=O)n(Cc2ccc(-c3noc(-c4noc(-n5c(=O)[nH]c(=O)c6ccccc65)n4)n3)cc2)c2ccccc12,BRICS-02273
O=c1[nH]c(=O)n(Cc2ccc(-c3noc(-c4noc(-n5c(=O)[nH]c6ccccc65)n4)n3)cc2)c2ccccc12,BRICS-02274
O=c1[nH]c(=O)n(Cc2ccc(-c3noc(-c4ccc(Cc5ccccc5)cc4)n3)cc2)c2ccccc12,BRICS-02275
N#Cc1ccc(Nc2ccc(-c3nc(-c4ccc(Cn5c(=O)[nH]c(=O)c6ccccc65)cc4)no3)cc2)cc1,BRICS-02276
O=c1[nH]c(=O)n(Cc2ccc(-c3noc(-c4ccc(Nc5ccccc5)cc4)n3)cc2)c2ccccc12,BRICS-02277
O=c1[nH]c(=O)n(Cc2ccc(-c3noc(-c4ccc(-c5ccccc5)cc4)n3)cc2)c2ccccc12,BRICS-02278
O=c1[nH]c(=O)n(Cc2ccc(-c3noc(-c4ccc(-c5ccc(O)cc5)cc4)n3)cc2)c2ccccc12,BRICS-02279
O=C(O)c1ccc(-c2ccc(-c3nc(-c4ccc(Cn5c(=O)[nH]c(=O)c6ccccc65)cc4)no3)cc2)cc1,BRICS-02280
O=c1[nH]c(=O)n(Cc2ccc(-c3noc(-c4ccc(-n5c(=O)[nH]c(=O)c6ccccc65)cc4)n3)cc2)c2ccccc12,BRICS-02281
O=c1[nH]c(=O)n(Cc2ccc(-c3noc(-c4ccc(-n5c(=O)[nH]c6ccccc65)cc4)n3)cc2)c2ccccc12,BRICS-02282
O=c1[nH]c(=O)n(Cc2ccc(-c3noc(-c4cnc5[nH]c(=O)n(Cc6ccccc6)c5c4)n3)cc2)c2ccccc12,BRICS-02283
O=c1[nH]c(=O)n(Cc2ccc(-c3noc(-c4cnc5[nH]c(=O)n(Cc6ccc(O)cc6)c5c4)n3)cc2)c2ccccc12,BRICS-02284
O=C(O)c1ccc(Cn2c(=O)[nH]c3ncc(-c4nc(-c5ccc(Cn6c(=O)[nH]c(=O)c7ccccc76)cc5)no4)cc32)cc1,BRICS-02285
O=c1[nH]c(=O)n(Cc2ccc(-c3noc(-c4cnc5[nH]c(=O)n(Cn6c(=O)[nH]c(=O)c7ccccc76)c5c4)n3)cc2)c2ccccc12,BRICS-02286
O=c1[nH]c(=O)n(Cc2ccc(-c3noc(-c4cnc5[nH]c(=O)n(Cn6c(=O)[nH]c7ccccc76)c5c4)n3)cc2)c2ccccc12,BRICS-02287
N#Cc1ccc(NC(=O)Nc2ccc3sc(-c4nc(-c5ccc(Cn6c(=O)[nH]c(=O)c7ccccc76)cc5)no4)nc3c2)cc1,BRICS-02288
O=C(Nc1ccccc1)Nc1ccc2sc(-c3nc(-c4ccc(Cn5c(=O)[nH]c(=O)c6ccccc65)cc4)no3)nc2c1,BRICS-02289
O=C(Nc1ccc(-c2nc(-c3ccc(Cn4c(=O)[nH]c(=O)c5ccccc54)cc3)no2)cc1)c1ccco1,BRICS-02290
O=C(Nc1ccccc1)Nc1ccc(-c2nc(-c3ccc(Cn4c(=O)[nH]c(=O)c5ccccc54)cc3)no2)cc1,BRICS-02291
O=C(Nc1ccc(-c2nc(-c3ccc(Cn4c(=O)[nH]c(=O)c5ccccc54)cc3)no2)cc1)c1ccccc1,BRICS-02292
N#Cc1ccc(NC(=O)Nc2ccc(-c3nc(-c4ccc(Cn5c(=O)[nH]c(=O)c6ccccc65)cc4)no3)cc2)cc1,BRICS-02293
O=c1[nH]c(=O)n(Cc2ccc(-c3noc(-c4ccc(Nc5ccc(O)cc5)cc4)n3)cc2)c2ccccc12,BRICS-02294
O=C(O)c1ccc(Nc2ccc(-c3nc(-c4ccc(Cn5c(=O)[nH]c(=O)c6ccccc65)cc4)no3)cc2)cc1,BRICS-02295
O=C(Nc1ccc2sc(-c3nc(-c4ccc(Cn5c(=O)[nH]c(=O)c6ccccc65)cc4)no3)nc2c1)c1ccco1,BRICS-02296
O=C(Nc1ccc2sc(-c3nc(-c4ccc(Cn5c(=O)[nH]c(=O)c6ccccc65)cc4)no3)nc2c1)c1ccccc1,BRICS-02297
O=c1[nH]c(=O)n(Cc2ccc(-c3noc(-c4nc5cc(Nc6ccccc6)ccc5s4)n3)cc2)c2ccccc12,BRICS-02298
O=c1[nH]c(=O)n(Cc2ccc(-c3noc(-c4nc5cc(Nc6ccc(O)cc6)ccc5s4)n3)cc2)c2ccccc12,BRICS-02299
O=C(O)c1ccc(Nc2ccc3sc(-c4nc(-c5ccc(Cn6c(=O)[nH]c(=O)c7ccccc76)cc5)no4)nc3c2)cc1,BRICS-02300
O=c1[nH]c(=O)n(Cc2ccc(-c3noc(-c4ccc(Cc5ccc(O)cc5)cc4)n3)cc2)c2ccccc12,BRICS-02301
O=C(O)c1ccc(Cc2ccc(-c3nc(-c4ccc(Cn5c(=O)[nH]c(=O)c6ccccc65)cc4)no3)cc2)cc1,BRICS-02302
O=c1[nH]c(=O)n(Cc2ccc(-c3noc(-c4ccc(Cn5c(=O)[nH]c6ccccc65)cc4)n3)cc2)c2ccccc12,BRICS-02303
O=C(NS(=O)(=O)c1cc(-c2nc(-c3ccc(Cn4c(=O)[nH]c(=O)c5ccccc54)cc3)no2)[nH]n1)c1ccco1,BRICS-02304
O=C(Nc1ccccc1)NS(=O)(=O)c1cc(-c2nc(-c3ccc(Cn4c(=O)[nH]c(=O)c5ccccc54)cc3)no2)[nH]n1,BRICS-02305
O=C(NS(=O)(=O)c1cc(-c2nc(-c3ccc(Cn4c(=O)[nH]c(=O)c5ccccc54)cc3)no2)[nH]n1)c1ccccc1,BRICS-02306
N#Cc1ccc(NC(=O)NS(=O)(=O)c2cc(-c3nc(-c4ccc(Cn5c(=O)[nH]c(=O)c6ccccc65)cc4)no3)[nH]n2)cc1,BRICS-02307
O=c1[nH]c(=O)n(Cc2ccc(-c3noc(-c4cc(S(=O)(=O)Nc5ccccc5)n[nH]4)n3)cc2)c2ccccc12,BRICS-02308
O=c1[nH]c(=O)n(Cc2ccc(-c3noc(-c4cc(S(=O)(=O)Nc5ccc(O)cc5)n[nH]4)n3)cc2)c2ccccc12,BRICS-02309
O=C(O)c1ccc(NS(=O)(=O)c2cc(-c3nc(-c4ccc(Cn5c(=O)[nH]c(=O)c6ccccc65)cc4)no3)[nH]n2)cc1,BRICS-02310
O=c1[nH]c(=O)n(Cc2ccc(-c3noc(Cc4ccc(Cc5ccccc5)cc4)n3)cc2)c2ccccc12,BRICS-02311
O=c1[nH]c(=O)n(Cc2ccc(Cc3nc(-c4ccc(Cn5c(=O)[nH]c(=O)c6ccccc65)cc4)no3)cc2)c2ccccc12,BRICS-02312
N#Cc1ccc(Nc2ccc(Cc3nc(-c4ccc(Cn5c(=O)[nH]c(=O)c6ccccc65)cc4)no3)cc2)cc1,BRICS-02313
O=c1[nH]c(=O)n(Cc2ccc(-c3noc(Cc4ccc(Nc5ccccc5)cc4)n3)cc2)c2ccccc12,BRICS-02314
O=c1[nH]c(=O)n(Cc2ccc(-c3noc(Cc4ccc(-c5ccccc5)cc4)n3)cc2)c2ccccc12,BRICS-02315
O=c1[nH]c(=O)n(Cc2ccc(-c3noc(Cc4ccc(-c5ccc(O)cc5)cc4)n3)cc2)c2ccccc12,BRICS-02316
O=C(O)c1ccc(-c2ccc(Cc3nc(-c4ccc(Cn5c(=O)[nH]c(=O)c6ccccc65)cc4)no3)cc2)cc1,BRICS-02317
O=c1[nH]c(=O)n(Cc2ccc(-c3noc(Cc4ccc(-n5c(=O)[nH]c(=O)c6ccccc65)cc4)n3)cc2)c2ccccc12,BRICS-02318
O=c1[nH]c(=O)n(Cc2ccc(-c3noc(Cc4ccc(-n5c(=O)[nH]c6ccccc65)cc4)n3)cc2)c2ccccc12,BRICS-02319
N#Cc1ccc(NS(=O)(=O)c2cc(-c3nc(-c4ccc(Cn5c(=O)[nH]c(=O)c6ccccc65)cc4)no3)[nH]n2)cc1,BRICS-02320
O=c1[nH]c(=O)n(Cc2ccc(-c3noc(Cn4c(=O)[nH]c5ncc(Cc6ccccc6)cc54)n3)cc2)c2ccccc12,BRICS-02321
O=c1[nH]c(=O)n(Cc2ccc(-c3noc(Cn4c(=O)[nH]c5ncc(Cn6c(=O)[nH]c(=O)c7ccccc76)cc54)n3)cc2)c2ccccc12,BRICS-02322
N#Cc1ccc(Nc2cnc3[nH]c(=O)n(Cc4nc(-c5ccc(Cn6c(=O)[nH]c(=O)c7ccccc76)cc5)no4)c3c2)cc1,BRICS-02323
O=c1[nH]c(=O)n(Cc2ccc(-c3noc(Cn4c(=O)[nH]c5ncc(Nc6ccccc6)cc54)n3)cc2)c2ccccc12,BRICS-02324
O=c1[nH]c(=O)n(Cc2ccc(-c3noc(Cn4c(=O)[nH]c5ncc(-c6ccccc6)cc54)n3)cc2)c2ccccc12,BRICS-02325
O=c1[nH]c(=O)n(Cc2ccc(-c3noc(Cn4c(=O)[nH]c5ncc(-c6ccc(O)cc6)cc54)n3)cc2)c2ccccc12,BRICS-02326
O=C(O)c1ccc(-c2cnc3[nH]c(=O)n(Cc4nc(-c5ccc(Cn6c(=O)[nH]c(=O)c7ccccc76)cc5)no4)c3c2)cc1,BRICS-02327
O=c1[nH]c(=O)n(Cc2ccc(-c3noc(Cn4c(=O)[nH]c5ncc(-n6c(=O)[nH]c(=O)c7ccccc76)cc54)n3)cc2)c2ccccc12,BRICS-02328
O=c1[nH]c(=O)n(Cc2ccc(-c3noc(Cn4c(=O)[nH]c5ncc(-n6c(=O)[nH]c7ccccc76)cc54)n3)cc2)c2ccccc12,BRICS-02329
O=c1[nH]c(=O)n(Cc2ccc(-c3noc(NS(=O)(=O)c4cc(-c5ccccc5)[nH]n4)n3)cc2)c2ccccc12,BRICS-02330
O=c1[nH]c(=O)n(Cc2ccc(-c3noc(NS(=O)(=O)c4cc(-c5ccc(O)cc5)[nH]n4)n3)cc2)c2ccccc12,BRICS-02331
O=C(O)c1ccc(-c2cc(S(=O)(=O)Nc3nc(-c4ccc(Cn5c(=O)[nH]c(=O)c6ccccc65)cc4)no3)n[nH]2)cc1,BRICS-02332
N#Cc1ccc(Nc2cc(S(=O)(=O)Nc3nc(-c4ccc(Cn5c(=O)[nH]c(=O)c6ccccc65)cc4)no3)n[nH]2)cc1,BRICS-02333
O=c1[nH]c(=O)n(Cc2ccc(-c3noc(NS(=O)(=O)c4cc(Nc5ccccc5)[nH]n4)n3)cc2)c2ccccc12,BRICS-02334
O=c1[nH]c(=O)n(Cc2ccc(-c3noc(NS(=O)(=O)c4cc(Cc5ccccc5)[nH]n4)n3)cc2)c2ccccc12,BRICS-02335
O=c1[nH]c(=O)n(Cc2ccc(-c3noc(NS(=O)(=O)c4cc(Cn5c(=O)[nH]c(=O)c6ccccc65)[nH]n4)n3)cc2)c2ccccc12,BRICS-02336
O=c1[nH]c(=O)n(Cc2ccc(-c3noc(NS(=O)(=O)c4cc(-n5c(=O)[nH]c(=O)c6ccccc65)[nH]n4)n3)cc2)c2ccccc12,BRICS-02337
O=c1[nH]c(=O)n(Cc2ccc(-c3noc(NS(=O)(=O)c4cc(-n5c(=O)[nH]c6ccccc65)[nH]n4)n3)cc2)c2ccccc12,BRICS-02338
O=c1[nH]c(=O)n(Cc2ccc(-c3noc(-n4c(=O)[nH]c5ncc(Cc6ccccc6)cc54)n3)cc2)c2ccccc12,BRICS-02339
O=c1[nH]c(=O)n(Cc2ccc(-c3noc(-n4c(=O)[nH]c5ncc(Cn6c(=O)[nH]c(=O)c7ccccc76)cc54)n3)cc2)c2ccccc12,BRICS-02340
N#Cc1ccc(Nc2cnc3[nH]c(=O)n(-c4nc(-c5ccc(Cn6c(=O)[nH]c(=O)c7ccccc76)cc5)no4)c3c2)cc1,BRICS-02341
O=c1[nH]c(=O)n(Cc2ccc(-c3noc(-n4c(=O)[nH]c5ncc(Nc6ccccc6)cc54)n3)cc2)c2ccccc12,BRICS-02342
O=c1[nH]c(=O)n(Cc2ccc(-c3noc(-n4c(=O)[nH]c5ncc(-c6ccccc6)cc54)n3)cc2)c2ccccc12,BRICS-02343
O=c1[nH]c(=O)n(Cc2ccc(-c3noc(-n4c(=O)[nH]c5ncc(-c6ccc(O)cc6)cc54)n3)cc2)c2ccccc12,BRICS-02344
O=C(O)c1ccc(-c2cnc3[nH]c(=O)n(-c4nc(-c5ccc(Cn6c(=O)[nH]c(=O)c7ccccc76)cc5)no4)c3c2)cc1,BRICS-02345
O=c1[nH]c(=O)n(Cc2ccc(-c3noc(-n4c(=O)[nH]c5ncc(-n6c(=O)[nH]c(=O)c7ccccc76)cc54)n3)cc2)c2ccccc12,BRICS-02346
O=c1[nH]c(=O)n(Cc2ccc(-c3noc(-n4c(=O)[nH]c5ncc(-n6c(=O)[nH]c7ccccc76)cc54)n3)cc2)c2ccccc12,BRICS-02347
O=c1[nH]c(=O)n(Cc2ccc(-c3noc(-c4cnc5[nH]c(=O)n(-c6ccccc6)c5c4)n3)cc2)c2ccccc12,BRICS-02348
O=c1[nH]c(=O)n(Cc2ccc(-c3noc(-c4cnc5[nH]c(=O)n(-c6ccc(O)cc6)c5c4)n3)cc2)c2ccccc12,BRICS-02349
O=C(O)c1ccc(-n2c(=O)[nH]c3ncc(-c4nc(-c5ccc(Cn6c(=O)[nH]c(=O)c7ccccc76)cc5)no4)cc32)cc1,BRICS-02350
O=c1[nH]c(=O)n(Cc2ccc(-c3noc(-c4nc(-c5ccccc5)no4)n3)cc2)c2ccccc12,BRICS-02351
O=c1[nH]c(=O)n(Cc2ccc(-c3noc(-c4nc(-c5ccc(O)cc5)no4)n3)cc2)c2ccccc12,BRICS-02352
O=C(O)c1ccc(-c2noc(-c3nc(-c4ccc(Cn5c(=O)[nH]c(=O)c6ccccc65)cc4)no3)n2)cc1,BRICS-02353
N#Cc1ccc(Nc2noc(-c3nc(-c4ccc(Cn5c(=O)[nH]c(=O)c6ccccc65)cc4)no3)n2)cc1,BRICS-02354
O=c1[nH]c(=O)n(Cc2ccc(-c3noc(-c4nc(Nc5ccccc5)no4)n3)cc2)c2ccccc12,BRICS-02355
O=c1[nH]c(=O)n(Cc2ccc(-c3noc(-c4nc(Cc5ccccc5)no4)n3)cc2)c2ccccc12,BRICS-02356
O=c1[nH]c(=O)n(Cc2ccc(-c3noc(-c4nc(Cn5c(=O)[nH]c(=O)c6ccccc65)no4)n3)cc2)c2ccccc12,BRICS-02357
O=c1[nH]c(=O)n(Cc2ccc(-c3noc(-c4nc(-n5c(=O)[nH]c(=O)c6ccccc65)no4)n3)cc2)c2ccccc12,BRICS-02358
O=c1[nH]c(=O)n(Cc2ccc(-c3noc(-c4nc(-n5c(=O)[nH]c6ccccc65)no4)n3)cc2)c2ccccc12,BRICS-02359
O=c1[nH]c(=O)n(-c2nc3cc(Nc4ccccc4)ccc3s2)c2ccccc12,BRICS-02360
O=c1[nH]c(=O)n(-c2nc3cc(Nc4ccc(O)cc4)ccc3s2)c2ccccc12,BRICS-02361
O=C(O)c1ccc(Nc2ccc3sc(-n4c(=O)[nH]c(=O)c5ccccc54)nc3c2)cc1,BRICS-02362
O=C(Nc1ccc2sc(-n3c(=O)[nH]c(=O)c4ccccc43)nc2c1)c1ccco1,BRICS-02363
O=C(Nc1ccccc1)Nc1ccc2sc(-n3c(=O)[nH]c(=O)c4ccccc43)nc2c1,BRICS-02364
O=C(Nc1ccc2sc(-n3c(=O)[nH]c(=O)c4ccccc43)nc2c1)c1ccccc1,BRICS-02365
N#Cc1ccc(NC(=O)Nc2ccc3sc(-n4c(=O)[nH]c(=O)c5ccccc54)nc3c2)cc1,BRICS-02366
O=c1[nH]c(=O)n(-c2ccc(Nc3ccc4sc(-n5c(=O)[nH]c(=O)c6ccccc65)nc4c3)cc2)c2ccccc12,BRICS-02367
O=c1[nH]c(=O)n(-c2nc3cc(Nc4ccc(-n5c(=O)[nH]c6ccccc65)cc4)ccc3s2)c2ccccc12,BRICS-02368
O=c1[nH]c(=O)n(-c2nc3cc(Nc4ccc(Cc5ccccc5)cc4)ccc3s2)c2ccccc12,BRICS-02369
O=c1[nH]c(=O)n(-c2nc3cc(Nc4ccc(-c5ccccc5)cc4)ccc3s2)c2ccccc12,BRICS-02370
O=c1[nH]c(=O)n(-c2nc3cc(Nc4ccc(-c5ccc(O)cc5)cc4)ccc3s2)c2ccccc12,BRICS-02371
O=C(O)c1ccc(-c2ccc(Nc3ccc4sc(-n5c(=O)[nH]c(=O)c6ccccc65)nc4c3)cc2)cc1,BRICS-02372
N#Cc1ccc(Nc2ccc(Nc3ccc4sc(-n5c(=O)[nH]c(=O)c6ccccc65)nc4c3)cc2)cc1,BRICS-02373
O=c1[nH]c(=O)n(-c2nc3cc(Nc4ccc(Nc5ccccc5)cc4)ccc3s2)c2ccccc12,BRICS-02374
O=c1[nH]c(=O)n(-c2ccc(Cc3ccc(Nc4ccc5sc(-n6c(=O)[nH]c(=O)c7ccccc76)nc5c4)cc3)cc2)c2ccccc12,BRICS-02375
O=c1[nH]c(=O)n(-c2nc3cc(Nc4ccc(Cc5ccc(-n6c(=O)[nH]c7ccccc76)cc5)cc4)ccc3s2)c2ccccc12,BRICS-02376
O=c1[nH]c(=O)n(-c2nc3cc(Nc4ccc(Cc5ccc(-c6ccccc6)cc5)cc4)ccc3s2)c2ccccc12,BRICS-02377
O=c1[nH]c(=O)n(-c2nc3cc(Nc4ccc(Cc5ccc(-c6ccc(O)cc6)cc5)cc4)ccc3s2)c2ccccc12,BRICS-02378
O=C(O)c1ccc(-c2ccc(Cc3ccc(Nc4ccc5sc(-n6c(=O)[nH]c(=O)c7ccccc76)nc5c4)cc3)cc2)cc1,BRICS-02379
O=c1[nH]c(=O)n(-c2nc3cc(Nc4ccc(Cc5ccc(Cc6ccccc6)cc5)cc4)ccc3s2)c2ccccc12,BRICS-02380
N#Cc1ccc(Nc2ccc(Cc3ccc(Nc4ccc5sc(-n6c(=O)[nH]c(=O)c7ccccc76)nc5c4)cc3)cc2)cc1,BRICS-02381
O=c1[nH]c(=O)n(-c2nc3cc(Nc4ccc(Cc5ccc(Nc6ccccc6)cc5)cc4)ccc3s2)c2ccccc12,BRICS-02382
O=c1[nH]c(=O)n(-c2nc3cc(Nc4ccc(-c5cnc6[nH]c(=O)n(Cc7ccccc7)c6c5)cc4)ccc3s2)c2ccccc12,BRICS-02383
O=c1[nH]c(=O)n(-c2nc3cc(Nc4ccc(-c5cnc6[nH]c(=O)n(Cc7ccc(O)cc7)c6c5)cc4)ccc3s2)c2ccccc12,BRICS-02384
O=c1[nH]c(=O)n(-c2nc3cc(Nc4ccc(NS(=O)(=O)c5cc(Cc6ccccc6)[nH]n5)cc4)ccc3s2)c2ccccc12,BRICS-02385
N#Cc1ccc(Nc2cc(S(=O)(=O)Nc3ccc(Nc4ccc5sc(-n6c(=O)[nH]c(=O)c7ccccc76)nc5c4)cc3)n[nH]2)cc1,BRICS-02386
O=c1[nH]c(=O)n(-c2nc3cc(Nc4ccc(NS(=O)(=O)c5cc(Nc6ccccc6)[nH]n5)cc4)ccc3s2)c2ccccc12,BRICS-02387
O=c1[nH]c(=O)n(-c2nc3cc(Nc4ccc(NS(=O)(=O)c5cc(-c6ccccc6)[nH]n5)cc4)ccc3s2)c2ccccc12,BRICS-02388
O=c1[nH]c(=O)n(-c2nc3cc(Nc4ccc(NS(=O)(=O)c5cc(-c6ccc(O)cc6)[nH]n5)cc4)ccc3s2)c2ccccc12,BRICS-02389
O=c1[nH]c(=O)n(-c2nc3cc(Nc4ccc(-c5cnc6[nH]c(=O)n(-c7ccccc7)c6c5)cc4)ccc3s2)c2ccccc12,BRICS-02390
O=c1[nH]c(=O)n(-c2nc3cc(Nc4ccc(-c5cnc6[nH]c(=O)n(-c7ccc(O)cc7)c6c5)cc4)ccc3s2)c2ccccc12,BRICS-02391
O=C(O)c1ccc(-n2c(=O)[nH]c3ncc(-c4ccc(Nc5ccc6sc(-n7c(=O)[nH]c(=O)c8ccccc87)nc6c5)cc4)cc32)cc1,BRICS-02392
O=c1[nH]c(=O)n(-c2ccc(-c3ccc(Nc4ccc5sc(-n6c(=O)[nH]c(=O)c7ccccc76)nc5c4)cc3)cc2)c2ccccc12,BRICS-02393
O=c1[nH]c(=O)n(-c2nc3cc(Nc4ccc(-c5ccc(-n6c(=O)[nH]c7ccccc76)cc5)cc4)ccc3s2)c2ccccc12,BRICS-02394
O=c1[nH]c(=O)n(-c2nc3cc(Nc4ccc(-c5ccc(-c6ccccc6)cc5)cc4)ccc3s2)c2ccccc12,BRICS-02395
O=c1[nH]c(=O)n(-c2nc3cc(Nc4ccc(-c5ccc(-c6ccc(O)cc6)cc5)cc4)ccc3s2)c2ccccc12,BRICS-02396
O=C(O)c1ccc(-c2ccc(-c3ccc(Nc4ccc5sc(-n6c(=O)[nH]c(=O)c7ccccc76)nc5c4)cc3)cc2)cc1,BRICS-02397
O=c1[nH]c(=O)n(-c2nc3cc(Nc4ccc(-c5ccc(Cc6ccccc6)cc5)cc4)ccc3s2)c2ccccc12,BRICS-02398
N#Cc1ccc(Nc2ccc(-c3ccc(Nc4ccc5sc(-n6c(=O)[nH]c(=O)c7ccccc76)nc5c4)cc3)cc2)cc1,BRICS-02399
O=c1[nH]c(=O)n(-c2nc3cc(Nc4ccc(-c5ccc(Nc6ccccc6)cc5)cc4)ccc3s2)c2ccccc12,BRICS-02400
O=C(NS(=O)(=O)c1cc(-c2ccc(Nc3ccc4sc(-n5c(=O)[nH]c(=O)c6ccccc65)nc4c3)cc2)[nH]n1)c1ccco1,BRICS-02401
O=C(NS(=O)(=O)c1cc(-c2ccc(Nc3ccc4sc(-n5c(=O)[nH]c(=O)c6ccccc65)nc4c3)cc2)[nH]n1)c1ccccc1,BRICS-02402
O=c1[nH]c(=O)n(-c2nc3cc(Nc4ccc(-c5cc(S(=O)(=O)Nc6ccccc6)n[nH]5)cc4)ccc3s2)c2ccccc12,BRICS-02403
O=c1[nH]c(=O)n(-c2nc3cc(Nc4ccc(-c5cc(S(=O)(=O)Nc6ccc(O)cc6)n[nH]5)cc4)ccc3s2)c2ccccc12,BRICS-02404
O=c1[nH]c(=O)n(-c2nc3cc(Nc4ccc(-c5ccc(Cc6ccc(O)cc6)cc5)cc4)ccc3s2)c2ccccc12,BRICS-02405
O=C(O)c1ccc(Cc2ccc(-c3ccc(Nc4ccc5sc(-n6c(=O)[nH]c(=O)c7ccccc76)nc5c4)cc3)cc2)cc1,BRICS-02406
O=c1[nH]c(=O)n(-c2nc3cc(Nc4ccc(-c5ccc(Cn6c(=O)[nH]c7ccccc76)cc5)cc4)ccc3s2)c2ccccc12,BRICS-02407
O=c1[nH]c(=O)n(-c2nc3cc(Nc4ccc(-c5nc(Cc6ccccc6)no5)cc4)ccc3s2)c2ccccc12,BRICS-02408
O=c1[nH]c(=O)n(Cc2noc(-c3ccc(Nc4ccc5sc(-n6c(=O)[nH]c(=O)c7ccccc76)nc5c4)cc3)n2)c2ccccc12,BRICS-02409
N#Cc1ccc(Nc2noc(-c3ccc(Nc4ccc5sc(-n6c(=O)[nH]c(=O)c7ccccc76)nc5c4)cc3)n2)cc1,BRICS-02410
O=c1[nH]c(=O)n(-c2nc3cc(Nc4ccc(-c5nc(Nc6ccccc6)no5)cc4)ccc3s2)c2ccccc12,BRICS-02411
O=c1[nH]c(=O)n(-c2noc(-c3ccc(Nc4ccc5sc(-n6c(=O)[nH]c(=O)c7ccccc76)nc5c4)cc3)n2)c2ccccc12,BRICS-02412
O=c1[nH]c(=O)n(-c2nc3cc(Nc4ccc(-c5nc(-n6c(=O)[nH]c7ccccc76)no5)cc4)ccc3s2)c2ccccc12,BRICS-02413
O=c1[nH]c(=O)n(-c2nc3cc(Nc4ccc(-c5nc(-c6ccccc6)no5)cc4)ccc3s2)c2ccccc12,BRICS-02414
O=c1[nH]c(=O)n(-c2nc3cc(Nc4ccc(-c5nc(-c6ccc(O)cc6)no5)cc4)ccc3s2)c2ccccc12,BRICS-02415
O=C(O)c1ccc(-c2noc(-c3ccc(Nc4ccc5sc(-n6c(=O)[nH]c(=O)c7ccccc76)nc5c4)cc3)n2)cc1,BRICS-02416
O=c1[nH]c(=O)n(-c2nc3cc(Nc4ccc(-c5noc(Cc6ccccc6)n5)cc4)ccc3s2)c2ccccc12,BRICS-02417
O=c1[nH]c(=O)n(Cc2nc(-c3ccc(Nc4ccc5sc(-n6c(=O)[nH]c(=O)c7ccccc76)nc5c4)cc3)no2)c2ccccc12,BRICS-02418
N#Cc1ccc(Nc2nc(-c3ccc(Nc4ccc5sc(-n6c(=O)[nH]c(=O)c7ccccc76)nc5c4)cc3)no2)cc1,BRICS-02419
O=c1[nH]c(=O)n(-c2nc3cc(Nc4ccc(-c5noc(Nc6ccccc6)n5)cc4)ccc3s2)c2ccccc12,BRICS-02420
O=c1[nH]c(=O)n(-c2nc(-c3ccc(Nc4ccc5sc(-n6c(=O)[nH]c(=O)c7ccccc76)nc5c4)cc3)no2)c2ccccc12,BRICS-02421
O=c1[nH]c(=O)n(-c2nc3cc(Nc4ccc(-c5noc(-n6c(=O)[nH]c7ccccc76)n5)cc4)ccc3s2)c2ccccc12,BRICS-02422
O=c1[nH]c(=O)n(-c2nc3cc(Nc4ccc(-c5noc(-c6ccccc6)n5)cc4)ccc3s2)c2ccccc12,BRICS-02423
O=c1[nH]c(=O)n(-c2nc3cc(Nc4ccc(-c5noc(-c6ccc(O)cc6)n5)cc4)ccc3s2)c2ccccc12,BRICS-02424
O=C(O)c1ccc(-c2nc(-c3ccc(Nc4ccc5sc(-n6c(=O)[nH]c(=O)c7ccccc76)nc5c4)cc3)no2)cc1,BRICS-02425
O=c1[nH]c(=O)n(-c2nc3cc(Nc4ccc(-n5c(=O)[nH]c6ncc(-c7ccccc7)cc65)cc4)ccc3s2)c2ccccc12,BRICS-02426
O=c1[nH]c(=O)n(-c2nc3cc(Nc4ccc(-n5c(=O)[nH]c6ncc(-c7ccc(O)cc7)cc65)cc4)ccc3s2)c2ccccc12,BRICS-02427
O=C(O)c1ccc(-c2cnc3[nH]c(=O)n(-c4ccc(Nc5ccc6sc(-n7c(=O)[nH]c(=O)c8ccccc87)nc6c5)cc4)c3c2)cc1,BRICS-02428
O=c1[nH]c(=O)n(-c2nc3cc(Nc4ccc(-n5c(=O)[nH]c6ncc(Cc7ccccc7)cc65)cc4)ccc3s2)c2ccccc12,BRICS-02429
N#Cc1ccc(Nc2cnc3[nH]c(=O)n(-c4ccc(Nc5ccc6sc(-n7c(=O)[nH]c(=O)c8ccccc87)nc6c5)cc4)c3c2)cc1,BRICS-02430
O=c1[nH]c(=O)n(-c2nc3cc(Nc4ccc(-n5c(=O)[nH]c6ncc(Nc7ccccc7)cc65)cc4)ccc3s2)c2ccccc12,BRICS-02431
O=c1[nH]c(=O)n(-c2nc3cc(Nc4ccc(Cn5c(=O)[nH]c6ncc(-c7ccccc7)cc65)cc4)ccc3s2)c2ccccc12,BRICS-02432
O=c1[nH]c(=O)n(-c2nc3cc(Nc4ccc(Cn5c(=O)[nH]c6ncc(-c7ccc(O)cc7)cc65)cc4)ccc3s2)c2ccccc12,BRICS-02433
O=c1[nH]c(=O)n(-c2nc3cc(Nc4ccc(Cn5c(=O)[nH]c6ncc(Cc7ccccc7)cc65)cc4)ccc3s2)c2ccccc12,BRICS-02434
N#Cc1ccc(Nc2cnc3[nH]c(=O)n(Cc4ccc(Nc5ccc6sc(-n7c(=O)[nH]c(=O)c8ccccc87)nc6c5)cc4)c3c2)cc1,BRICS-02435
O=c1[nH]c(=O)n(-c2nc3cc(Nc4ccc(Cn5c(=O)[nH]c6ncc(Nc7ccccc7)cc65)cc4)ccc3s2)c2ccccc12,BRICS-02436
N#Cc1ccc(NS(=O)(=O)c2cc(-c3ccc(Nc4ccc5sc(-n6c(=O)[nH]c(=O)c7ccccc76)nc5c4)cc3)[nH]n2)cc1,BRICS-02437
O=c1[nH]c(=O)n(-c2nc3cc(Nc4ccc(Nc5ccc6sc(Cc7ccccc7)nc6c5)cc4)ccc3s2)c2ccccc12,BRICS-02438
O=c1[nH]c(=O)n(-c2nc3cc(Nc4ccc(Nc5ccc6sc(Nc7ccccc7)nc6c5)cc4)ccc3s2)c2ccccc12,BRICS-02439
O=c1[nH]c(=O)n(-c2nc3cc(Nc4ccc(Nc5ccc6sc(-c7ccccc7)nc6c5)cc4)ccc3s2)c2ccccc12,BRICS-02440
O=c1[nH]c(=O)n(-c2nc3cc(Nc4ccc(Nc5ccc6sc(-c7ccc(O)cc7)nc6c5)cc4)ccc3s2)c2ccccc12,BRICS-02441
O=C(Nc1ccc2sc(-c3ccc(Nc4ccc5sc(-n6c(=O)[nH]c(=O)c7ccccc76)nc5c4)cc3)nc2c1)c1ccco1,BRICS-02442
O=C(Nc1ccc2sc(-c3ccc(Nc4ccc5sc(-n6c(=O)[nH]c(=O)c7ccccc76)nc5c4)cc3)nc2c1)c1ccccc1,BRICS-02443
O=c1[nH]c(=O)n(-c2nc3cc(Nc4ccc(-c5nc6cc(Nc7ccccc7)ccc6s5)cc4)ccc3s2)c2ccccc12,BRICS-02444
O=c1[nH]c(=O)n(-c2nc3cc(Nc4ccc(-c5nc6cc(Nc7ccc(O)cc7)ccc6s5)cc4)ccc3s2)c2ccccc12,BRICS-02445
O=C(Nc1ccc(-c2ccc(Nc3ccc4sc(-n5c(=O)[nH]c(=O)c6ccccc65)nc4c3)cc2)cc1)c1ccco1,BRICS-02446
O=C(Nc1ccccc1)Nc1ccc(-c2ccc(Nc3ccc4sc(-n5c(=O)[nH]c(=O)c6ccccc65)nc4c3)cc2)cc1,BRICS-02447
O=C(Nc1ccc(-c2ccc(Nc3ccc4sc(-n5c(=O)[nH]c(=O)c6ccccc65)nc4c3)cc2)cc1)c1ccccc1,BRICS-02448
N#Cc1ccc(NC(=O)Nc2ccc(-c3ccc(Nc4ccc5sc(-n6c(=O)[nH]c(=O)c7ccccc76)nc5c4)cc3)cc2)cc1,BRICS-02449
O=c1[nH]c(=O)n(-c2nc3cc(Nc4ccc(-c5ccc(Nc6ccc(O)cc6)cc5)cc4)ccc3s2)c2ccccc12,BRICS-02450
O=C(O)c1ccc(Nc2ccc(-c3ccc(Nc4ccc5sc(-n6c(=O)[nH]c(=O)c7ccccc76)nc5c4)cc3)cc2)cc1,BRICS-02451
N#Cc1ccc(NS(=O)(=O)c2cc(Nc3ccc4sc(-n5c(=O)[nH]c(=O)c6ccccc65)nc4c3)[nH]n2)cc1,BRICS-02452
O=c1[nH]c(=O)n(-c2nc3cc(Nc4cc(S(=O)(=O)Nc5ccccc5)n[nH]4)ccc3s2)c2ccccc12,BRICS-02453
O=c1[nH]c(=O)n(-c2nc3cc(Nc4cc(S(=O)(=O)Nc5ccc(-c6ccccc6)cc5)n[nH]4)ccc3s2)c2ccccc12,BRICS-02454
O=c1[nH]c(=O)n(-c2nc3cc(Nc4cc(S(=O)(=O)Nc5ccc(-c6ccc(O)cc6)cc5)n[nH]4)ccc3s2)c2ccccc12,BRICS-02455
N#Cc1ccc(Nc2ccc(NS(=O)(=O)c3cc(Nc4ccc5sc(-n6c(=O)[nH]c(=O)c7ccccc76)nc5c4)[nH]n3)cc2)cc1,BRICS-02456
O=c1[nH]c(=O)n(-c2nc3cc(Nc4cc(S(=O)(=O)Nc5ccc(Nc6ccccc6)cc5)n[nH]4)ccc3s2)c2ccccc12,BRICS-02457
O=c1[nH]c(=O)n(-c2nc3cc(Nc4cc(S(=O)(=O)Nc5ccc(Cc6ccccc6)cc5)n[nH]4)ccc3s2)c2ccccc12,BRICS-02458
N#Cc1ccc(NC(=O)Nc2ccc3sc(Nc4ccc5sc(-n6c(=O)[nH]c(=O)c7ccccc76)nc5c4)nc3c2)cc1,BRICS-02459
O=C(Nc1ccccc1)Nc1ccc2sc(Nc3ccc4sc(-n5c(=O)[nH]c(=O)c6ccccc65)nc4c3)nc2c1,BRICS-02460
O=c1[nH]c(=O)n(-c2nc3cc(Nc4cnc5[nH]c(=O)n(Cc6ccccc6)c5c4)ccc3s2)c2ccccc12,BRICS-02461
O=c1[nH]c(=O)n(-c2nc3cc(Nc4cnc5[nH]c(=O)n(Cc6ccc(O)cc6)c5c4)ccc3s2)c2ccccc12,BRICS-02462
O=C(O)c1ccc(Cn2c(=O)[nH]c3ncc(Nc4ccc5sc(-n6c(=O)[nH]c(=O)c7ccccc76)nc5c4)cc32)cc1,BRICS-02463
O=c1[nH]c(=O)n(Cn2c(=O)[nH]c3ncc(Nc4ccc5sc(-n6c(=O)[nH]c(=O)c7ccccc76)nc5c4)cc32)c2ccccc12,BRICS-02464
O=c1[nH]c(=O)n(-c2nc3cc(Nc4cnc5[nH]c(=O)n(Cn6c(=O)[nH]c7ccccc76)c5c4)ccc3s2)c2ccccc12,BRICS-02465
O=C(Nc1ccc(Cn2c(=O)[nH]c3ncc(Nc4ccc5sc(-n6c(=O)[nH]c(=O)c7ccccc76)nc5c4)cc32)cc1)c1ccco1,BRICS-02466
O=c1[nH]c(=O)n(-c2nc3cc(Nc4cnc5[nH]c(=O)n(Cc6ccc(Nc7ccccc7)cc6)c5c4)ccc3s2)c2ccccc12,BRICS-02467
O=c1[nH]c(=O)n(-c2nc3cc(Nc4cnc5[nH]c(=O)n(Cc6ccc(Nc7ccc(O)cc7)cc6)c5c4)ccc3s2)c2ccccc12,BRICS-02468
O=c1[nH]c(=O)n(-c2nc3cc(Nc4cnc5[nH]c(=O)n(Cc6ccc(-c7ccccc7)cc6)c5c4)ccc3s2)c2ccccc12,BRICS-02469
O=c1[nH]c(=O)n(-c2nc3cc(Nc4cnc5[nH]c(=O)n(Cc6ccc(-c7ccc(O)cc7)cc6)c5c4)ccc3s2)c2ccccc12,BRICS-02470
O=c1[nH]c(=O)n(-c2nc3cc(Nc4cnc5[nH]c(=O)n(Cc6ccc(Cc7ccccc7)cc6)c5c4)ccc3s2)c2ccccc12,BRICS-02471
N#Cc1ccc(Nc2ccc(Cn3c(=O)[nH]c4ncc(Nc5ccc6sc(-n7c(=O)[nH]c(=O)c8ccccc87)nc6c5)cc43)cc2)cc1,BRICS-02472
O=c1[nH]c(=O)n(-c2nc3cc(Nc4cnc5[nH]c(=O)n(Cc6noc(Cc7ccccc7)n6)c5c4)ccc3s2)c2ccccc12,BRICS-02473
N#Cc1ccc(Nc2nc(Cn3c(=O)[nH]c4ncc(Nc5ccc6sc(-n7c(=O)[nH]c(=O)c8ccccc87)nc6c5)cc43)no2)cc1,BRICS-02474
O=c1[nH]c(=O)n(-c2nc3cc(Nc4cnc5[nH]c(=O)n(Cc6noc(Nc7ccccc7)n6)c5c4)ccc3s2)c2ccccc12,BRICS-02475
O=c1[nH]c(=O)n(-c2nc3cc(Nc4cnc5[nH]c(=O)n(Cc6noc(-c7ccccc7)n6)c5c4)ccc3s2)c2ccccc12,BRICS-02476
O=c1[nH]c(=O)n(-c2nc3cc(Nc4cnc5[nH]c(=O)n(Cc6noc(-c7ccc(O)cc7)n6)c5c4)ccc3s2)c2ccccc12,BRICS-02477
O=C(O)c1ccc(-c2nc(Cn3c(=O)[nH]c4ncc(Nc5ccc6sc(-n7c(=O)[nH]c(=O)c8ccccc87)nc6c5)cc43)no2)cc1,BRICS-02478
O=c1[nH]c(=O)n(-c2nc3cc(Nc4cnc5[nH]c(=O)n(Cc6nc(Cc7ccccc7)no6)c5c4)ccc3s2)c2ccccc12,BRICS-02479
N#Cc1ccc(Nc2noc(Cn3c(=O)[nH]c4ncc(Nc5ccc6sc(-n7c(=O)[nH]c(=O)c8ccccc87)nc6c5)cc43)n2)cc1,BRICS-02480
O=c1[nH]c(=O)n(-c2nc3cc(Nc4cnc5[nH]c(=O)n(Cc6nc(Nc7ccccc7)no6)c5c4)ccc3s2)c2ccccc12,BRICS-02481
O=c1[nH]c(=O)n(-c2nc3cc(Nc4cnc5[nH]c(=O)n(Cc6nc(-c7ccccc7)no6)c5c4)ccc3s2)c2ccccc12,BRICS-02482
O=c1[nH]c(=O)n(-c2nc3cc(Nc4cnc5[nH]c(=O)n(Cc6nc(-c7ccc(O)cc7)no6)c5c4)ccc3s2)c2ccccc12,BRICS-02483
O=C(O)c1ccc(-c2noc(Cn3c(=O)[nH]c4ncc(Nc5ccc6sc(-n7c(=O)[nH]c(=O)c8ccccc87)nc6c5)cc43)n2)cc1,BRICS-02484
O=c1[nH]c(=O)n(-c2nc3cc(Nc4cnc5[nH]c(=O)n(Cc6ccc(Cc7ccc(O)cc7)cc6)c5c4)ccc3s2)c2ccccc12,BRICS-02485
N#Cc1ccc(Nc2nc3cc(NC(=O)Nc4ccc5sc(-n6c(=O)[nH]c(=O)c7ccccc76)nc5c4)ccc3s2)cc1,BRICS-02486
O=C(Nc1ccc2sc(Nc3ccccc3)nc2c1)Nc1ccc2sc(-n3c(=O)[nH]c(=O)c4ccccc43)nc2c1,BRICS-02487
O=C(Nc1ccc2sc(-c3ccccc3)nc2c1)Nc1ccc2sc(-n3c(=O)[nH]c(=O)c4ccccc43)nc2c1,BRICS-02488
O=C(Nc1ccc2sc(-c3ccc(O)cc3)nc2c1)Nc1ccc2sc(-n3c(=O)[nH]c(=O)c4ccccc43)nc2c1,BRICS-02489
O=C(Nc1ccc2sc(-c3ccc(C(=O)O)cc3)nc2c1)Nc1ccc2sc(-n3c(=O)[nH]c(=O)c4ccccc43)nc2c1,BRICS-02490
O=C(Nc1ccc2sc(-n3c(=O)[nH]c(=O)c4ccccc43)nc2c1)Nc1ccc2sc(-n3c(=O)[nH]c(=O)c4ccccc43)nc2c1,BRICS-02491
O=C(Nc1ccc2sc(-n3c(=O)[nH]c4ccccc43)nc2c1)Nc1ccc2sc(-n3c(=O)[nH]c(=O)c4ccccc43)nc2c1,BRICS-02492
O=C(Nc1ccc2sc(Cc3ccccc3)nc2c1)Nc1ccc2sc(-n3c(=O)[nH]c(=O)c4ccccc43)nc2c1,BRICS-02493
O=C(Nc1ccc2sc(-c3nc(-c4ccccc4)no3)nc2c1)Nc1ccc2sc(-n3c(=O)[nH]c(=O)c4ccccc43)nc2c1,BRICS-02494
O=C(Nc1ccc2sc(-c3nc(-c4ccc(O)cc4)no3)nc2c1)Nc1ccc2sc(-n3c(=O)[nH]c(=O)c4ccccc43)nc2c1,BRICS-02495
O=C(Nc1ccc2sc(-c3nc(Cc4ccccc4)no3)nc2c1)Nc1ccc2sc(-n3c(=O)[nH]c(=O)c4ccccc43)nc2c1,BRICS-02496
O=C(Nc1ccc2sc(-c3nc(Nc4ccccc4)no3)nc2c1)Nc1ccc2sc(-n3c(=O)[nH]c(=O)c4ccccc43)nc2c1,BRICS-02497
O=C(Nc1ccc2sc(-c3noc(-c4ccccc4)n3)nc2c1)Nc1ccc2sc(-n3c(=O)[nH]c(=O)c4ccccc43)nc2c1,BRICS-02498
O=C(Nc1ccc2sc(-c3noc(-c4ccc(O)cc4)n3)nc2c1)Nc1ccc2sc(-n3c(=O)[nH]c(=O)c4ccccc43)nc2c1,BRICS-02499
O=C(Nc1ccc2sc(-c3noc(Cc4ccccc4)n3)nc2c1)Nc1ccc2sc(-n3c(=O)[nH]c(=O)c4ccccc43)nc2c1,BRICS-02500
O=C(Nc1ccc2sc(-c3noc(Nc4ccccc4)n3)nc2c1)Nc1ccc2sc(-n3c(=O)[nH]c(=O)c4ccccc43)nc2c1,BRICS-02501
O=C(Nc1ccc2sc(-c3ccc(-c4ccccc4)cc3)nc2c1)Nc1ccc2sc(-n3c(=O)[nH]c(=O)c4ccccc43)nc2c1,BRICS-02502
N#Cc1ccc(Nc2nc(Nc3ccc4sc(-n5c(=O)[nH]c(=O)c6ccccc65)nc4c3)no2)cc1,BRICS-02503
O=c1[nH]c(=O)n(-c2nc3cc(Nc4noc(Nc5ccccc5)n4)ccc3s2)c2ccccc12,BRICS-02504
O=c1[nH]c(=O)n(-c2nc3cc(Nc4noc(-c5ccccc5)n4)ccc3s2)c2ccccc12,BRICS-02505
O=c1[nH]c(=O)n(-c2nc3cc(Nc4noc(-c5ccc(O)cc5)n4)ccc3s2)c2ccccc12,BRICS-02506
O=C(O)c1ccc(-c2nc(Nc3ccc4sc(-n5c(=O)[nH]c(=O)c6ccccc65)nc4c3)no2)cc1,BRICS-02507
O=c1[nH]c(=O)n(-c2nc(Nc3ccc4sc(-n5c(=O)[nH]c(=O)c6ccccc65)nc4c3)no2)c2ccccc12,BRICS-02508
O=c1[nH]c(=O)n(-c2nc3cc(Nc4noc(-n5c(=O)[nH]c6ccccc65)n4)ccc3s2)c2ccccc12,BRICS-02509
O=c1[nH]c(=O)n(-c2nc3cc(Nc4noc(Cc5ccccc5)n4)ccc3s2)c2ccccc12,BRICS-02510
O=c1[nH]c(=O)n(Cc2nc(Nc3ccc4sc(-n5c(=O)[nH]c(=O)c6ccccc65)nc4c3)no2)c2ccccc12,BRICS-02511
O=c1[nH]c(=O)n(-c2ccc(Nc3nc(Nc4ccc5sc(-n6c(=O)[nH]c(=O)c7ccccc76)nc5c4)no3)cc2)c2ccccc12,BRICS-02512
O=c1[nH]c(=O)n(-c2nc3cc(Nc4noc(Nc5ccc(-n6c(=O)[nH]c7ccccc76)cc5)n4)ccc3s2)c2ccccc12,BRICS-02513
O=c1[nH]c(=O)n(-c2nc3cc(Nc4noc(Nc5ccc(-c6ccccc6)cc5)n4)ccc3s2)c2ccccc12,BRICS-02514
O=c1[nH]c(=O)n(-c2nc3cc(Nc4noc(Nc5ccc(-c6ccc(O)cc6)cc5)n4)ccc3s2)c2ccccc12,BRICS-02515
O=C(O)c1ccc(-c2ccc(Nc3nc(Nc4ccc5sc(-n6c(=O)[nH]c(=O)c7ccccc76)nc5c4)no3)cc2)cc1,BRICS-02516
N#Cc1ccc(Nc2ccc(Nc3nc(Nc4ccc5sc(-n6c(=O)[nH]c(=O)c7ccccc76)nc5c4)no3)cc2)cc1,BRICS-02517
O=c1[nH]c(=O)n(-c2nc3cc(Nc4noc(Nc5ccc(Nc6ccccc6)cc5)n4)ccc3s2)c2ccccc12,BRICS-02518
O=c1[nH]c(=O)n(-c2nc3cc(Nc4noc(Nc5ccc(Cc6ccccc6)cc5)n4)ccc3s2)c2ccccc12,BRICS-02519
O=c1[nH]c(=O)n(Cc2ccc(Nc3nc(Nc4ccc5sc(-n6c(=O)[nH]c(=O)c7ccccc76)nc5c4)no3)cc2)c2ccccc12,BRICS-02520
O=c1[nH]c(=O)n(-c2ccc(Cc3nc(Nc4ccc5sc(-n6c(=O)[nH]c(=O)c7ccccc76)nc5c4)no3)cc2)c2ccccc12,BRICS-02521
O=c1[nH]c(=O)n(-c2nc3cc(Nc4noc(Cc5ccc(-n6c(=O)[nH]c7ccccc76)cc5)n4)ccc3s2)c2ccccc12,BRICS-02522
O=c1[nH]c(=O)n(-c2nc3cc(Nc4noc(Cc5ccc(-c6ccccc6)cc5)n4)ccc3s2)c2ccccc12,BRICS-02523
O=c1[nH]c(=O)n(-c2nc3cc(Nc4noc(Cc5ccc(-c6ccc(O)cc6)cc5)n4)ccc3s2)c2ccccc12,BRICS-02524
O=C(O)c1ccc(-c2ccc(Cc3nc(Nc4ccc5sc(-n6c(=O)[nH]c(=O)c7ccccc76)nc5c4)no3)cc2)cc1,BRICS-02525
N#Cc1ccc(Nc2ccc(Cc3nc(Nc4ccc5sc(-n6c(=O)[nH]c(=O)c7ccccc76)nc5c4)no3)cc2)cc1,BRICS-02526
O=c1[nH]c(=O)n(-c2nc3cc(Nc4noc(Cc5ccc(Nc6ccccc6)cc5)n4)ccc3s2)c2ccccc12,BRICS-02527
O=c1[nH]c(=O)n(-c2nc3cc(Nc4noc(Cc5ccc(Cc6ccccc6)cc5)n4)ccc3s2)c2ccccc12,BRICS-02528
O=c1[nH]c(=O)n(Cc2ccc(Cc3nc(Nc4ccc5sc(-n6c(=O)[nH]c(=O)c7ccccc76)nc5c4)no3)cc2)c2ccccc12,BRICS-02529
O=c1[nH]c(=O)n(-c2noc(-c3nc(Nc4ccc5sc(-n6c(=O)[nH]c(=O)c7ccccc76)nc5c4)no3)n2)c2ccccc12,BRICS-02530
O=c1[nH]c(=O)n(-c2nc3cc(Nc4noc(-c5nc(-n6c(=O)[nH]c7ccccc76)no5)n4)ccc3s2)c2ccccc12,BRICS-02531
O=c1[nH]c(=O)n(-c2nc3cc(Nc4noc(-c5nc(Cc6ccccc6)no5)n4)ccc3s2)c2ccccc12,BRICS-02532
O=c1[nH]c(=O)n(Cc2noc(-c3nc(Nc4ccc5sc(-n6c(=O)[nH]c(=O)c7ccccc76)nc5c4)no3)n2)c2ccccc12,BRICS-02533
N#Cc1ccc(Nc2noc(-c3nc(Nc4ccc5sc(-n6c(=O)[nH]c(=O)c7ccccc76)nc5c4)no3)n2)cc1,BRICS-02534
O=c1[nH]c(=O)n(-c2nc3cc(Nc4noc(-c5nc(Nc6ccccc6)no5)n4)ccc3s2)c2ccccc12,BRICS-02535
O=c1[nH]c(=O)n(-c2nc3cc(Nc4noc(-c5nc(-c6ccccc6)no5)n4)ccc3s2)c2ccccc12,BRICS-02536
O=c1[nH]c(=O)n(-c2nc3cc(Nc4noc(-c5nc(-c6ccc(O)cc6)no5)n4)ccc3s2)c2ccccc12,BRICS-02537
O=C(O)c1ccc(-c2noc(-c3nc(Nc4ccc5sc(-n6c(=O)[nH]c(=O)c7ccccc76)nc5c4)no3)n2)cc1,BRICS-02538
O=C(Nc1ccc2sc(-c3nc(Nc4ccc5sc(-n6c(=O)[nH]c(=O)c7ccccc76)nc5c4)no3)nc2c1)c1ccco1,BRICS-02539
O=C(Nc1ccccc1)Nc1ccc2sc(-c3nc(Nc4ccc5sc(-n6c(=O)[nH]c(=O)c7ccccc76)nc5c4)no3)nc2c1,BRICS-02540
O=C(Nc1ccc2sc(-c3nc(Nc4ccc5sc(-n6c(=O)[nH]c(=O)c7ccccc76)nc5c4)no3)nc2c1)c1ccccc1,BRICS-02541
O=c1[nH]c(=O)n(-c2nc3cc(Nc4noc(-c5nc6cc(Nc7ccccc7)ccc6s5)n4)ccc3s2)c2ccccc12,BRICS-02542
O=c1[nH]c(=O)n(-c2nc3cc(Nc4noc(-c5nc6cc(Nc7ccc(O)cc7)ccc6s5)n4)ccc3s2)c2ccccc12,BRICS-02543
O=C(O)c1ccc(Nc2ccc3sc(-c4nc(Nc5ccc6sc(-n7c(=O)[nH]c(=O)c8ccccc87)nc6c5)no4)nc3c2)cc1,BRICS-02544
O=c1[nH]c(=O)n(-c2nc(-c3nc(Nc4ccc5sc(-n6c(=O)[nH]c(=O)c7ccccc76)nc5c4)no3)no2)c2ccccc12,BRICS-02545
O=c1[nH]c(=O)n(-c2nc3cc(Nc4noc(-c5noc(-n6c(=O)[nH]c7ccccc76)n5)n4)ccc3s2)c2ccccc12,BRICS-02546
O=c1[nH]c(=O)n(-c2nc3cc(Nc4noc(-c5noc(Cc6ccccc6)n5)n4)ccc3s2)c2ccccc12,BRICS-02547
O=c1[nH]c(=O)n(Cc2nc(-c3nc(Nc4ccc5sc(-n6c(=O)[nH]c(=O)c7ccccc76)nc5c4)no3)no2)c2ccccc12,BRICS-02548
N#Cc1ccc(Nc2nc(-c3nc(Nc4ccc5sc(-n6c(=O)[nH]c(=O)c7ccccc76)nc5c4)no3)no2)cc1,BRICS-02549
O=c1[nH]c(=O)n(-c2nc3cc(Nc4noc(-c5noc(Nc6ccccc6)n5)n4)ccc3s2)c2ccccc12,BRICS-02550
O=c1[nH]c(=O)n(-c2nc3cc(Nc4noc(-c5noc(-c6ccccc6)n5)n4)ccc3s2)c2ccccc12,BRICS-02551
O=c1[nH]c(=O)n(-c2nc3cc(Nc4noc(-c5noc(-c6ccc(O)cc6)n5)n4)ccc3s2)c2ccccc12,BRICS-02552
O=C(O)c1ccc(-c2nc(-c3nc(Nc4ccc5sc(-n6c(=O)[nH]c(=O)c7ccccc76)nc5c4)no3)no2)cc1,BRICS-02553
O=c1[nH]c(=O)n(-c2nc3cc(Nc4noc(Cn5c(=O)[nH]c6ncc(-c7ccccc7)cc65)n4)ccc3s2)c2ccccc12,BRICS-02554
O=c1[nH]c(=O)n(-c2nc3cc(Nc4noc(Cn5c(=O)[nH]c6ncc(-c7ccc(O)cc7)cc65)n4)ccc3s2)c2ccccc12,BRICS-02555
O=C(O)c1ccc(-c2cnc3[nH]c(=O)n(Cc4nc(Nc5ccc6sc(-n7c(=O)[nH]c(=O)c8ccccc87)nc6c5)no4)c3c2)cc1,BRICS-02556
N#Cc1ccc(Nc2cnc3[nH]c(=O)n(Cc4nc(Nc5ccc6sc(-n7c(=O)[nH]c(=O)c8ccccc87)nc6c5)no4)c3c2)cc1,BRICS-02557
O=c1[nH]c(=O)n(-c2nc3cc(Nc4noc(Cn5c(=O)[nH]c6ncc(Nc7ccccc7)cc65)n4)ccc3s2)c2ccccc12,BRICS-02558
O=c1[nH]c(=O)n(-c2nc3cc(Nc4noc(Cn5c(=O)[nH]c6ncc(Cc7ccccc7)cc65)n4)ccc3s2)c2ccccc12,BRICS-02559
O=c1[nH]c(=O)n(-c2nc3cc(Nc4noc(Nc5ccc6sc(Cc7ccccc7)nc6c5)n4)ccc3s2)c2ccccc12,BRICS-02560
N#Cc1ccc(Nc2nc3cc(Nc4nc(Nc5ccc6sc(-n7c(=O)[nH]c(=O)c8ccccc87)nc6c5)no4)ccc3s2)cc1,BRICS-02561
O=c1[nH]c(=O)n(-c2nc3cc(Nc4noc(Nc5ccc6sc(Nc7ccccc7)nc6c5)n4)ccc3s2)c2ccccc12,BRICS-02562
O=c1[nH]c(=O)n(-c2nc3cc(Nc4noc(Nc5ccc6sc(-c7ccccc7)nc6c5)n4)ccc3s2)c2ccccc12,BRICS-02563
O=c1[nH]c(=O)n(-c2nc3cc(Nc4noc(Nc5ccc6sc(-c7ccc(O)cc7)nc6c5)n4)ccc3s2)c2ccccc12,BRICS-02564
O=C(O)c1ccc(-c2nc3cc(Nc4nc(Nc5ccc6sc(-n7c(=O)[nH]c(=O)c8ccccc87)nc6c5)no4)ccc3s2)cc1,BRICS-02565
O=c1[nH]c(=O)n(-c2nc3cc(Nc4noc(-c5cnc6[nH]c(=O)n(Cc7ccccc7)c6c5)n4)ccc3s2)c2ccccc12,BRICS-02566
O=c1[nH]c(=O)n(-c2nc3cc(Nc4noc(-c5cnc6[nH]c(=O)n(-c7ccccc7)c6c5)n4)ccc3s2)c2ccccc12,BRICS-02567
O=c1[nH]c(=O)n(-c2nc3cc(Nc4noc(-c5cnc6[nH]c(=O)n(-c7ccc(O)cc7)c6c5)n4)ccc3s2)c2ccccc12,BRICS-02568
O=C(O)c1ccc(-n2c(=O)[nH]c3ncc(-c4nc(Nc5ccc6sc(-n7c(=O)[nH]c(=O)c8ccccc87)nc6c5)no4)cc32)cc1,BRICS-02569
O=c1[nH]c(=O)n(-c2nc3cc(Nc4noc(-c5ccc(Cn6c(=O)[nH]c7ccccc76)cc5)n4)ccc3s2)c2ccccc12,BRICS-02570
O=c1[nH]c(=O)n(-c2nc3cc(Nc4noc(-c5ccc(Cc6ccccc6)cc5)n4)ccc3s2)c2ccccc12,BRICS-02571
O=c1[nH]c(=O)n(-c2nc3cc(Nc4noc(-c5ccc(Cc6ccc(O)cc6)cc5)n4)ccc3s2)c2ccccc12,BRICS-02572
O=C(O)c1ccc(Cc2ccc(-c3nc(Nc4ccc5sc(-n6c(=O)[nH]c(=O)c7ccccc76)nc5c4)no3)cc2)cc1,BRICS-02573
O=c1[nH]c(=O)n(-c2nc3cc(Nc4noc(-n5c(=O)[nH]c6ncc(-n7c(=O)[nH]c8ccccc87)cc65)n4)ccc3s2)c2ccccc12,BRICS-02574
O=c1[nH]c(=O)n(-c2nc3cc(Nc4noc(-n5c(=O)[nH]c6ncc(-c7ccccc7)cc65)n4)ccc3s2)c2ccccc12,BRICS-02575
O=c1[nH]c(=O)n(-c2nc3cc(Nc4noc(-n5c(=O)[nH]c6ncc(-c7ccc(O)cc7)cc65)n4)ccc3s2)c2ccccc12,BRICS-02576
O=C(O)c1ccc(-c2cnc3[nH]c(=O)n(-c4nc(Nc5ccc6sc(-n7c(=O)[nH]c(=O)c8ccccc87)nc6c5)no4)c3c2)cc1,BRICS-02577
N#Cc1ccc(Nc2cnc3[nH]c(=O)n(-c4nc(Nc5ccc6sc(-n7c(=O)[nH]c(=O)c8ccccc87)nc6c5)no4)c3c2)cc1,BRICS-02578
O=c1[nH]c(=O)n(-c2nc3cc(Nc4noc(-n5c(=O)[nH]c6ncc(Nc7ccccc7)cc65)n4)ccc3s2)c2ccccc12,BRICS-02579
O=c1[nH]c(=O)n(-c2nc3cc(Nc4noc(-n5c(=O)[nH]c6ncc(Cc7ccccc7)cc65)n4)ccc3s2)c2ccccc12,BRICS-02580
O=c1[nH]c(=O)n(-c2nc3cc(Nc4noc(NS(=O)(=O)c5cc(Cc6ccccc6)[nH]n5)n4)ccc3s2)c2ccccc12,BRICS-02581
N#Cc1ccc(Nc2cc(S(=O)(=O)Nc3nc(Nc4ccc5sc(-n6c(=O)[nH]c(=O)c7ccccc76)nc5c4)no3)n[nH]2)cc1,BRICS-02582
O=c1[nH]c(=O)n(-c2nc3cc(Nc4noc(NS(=O)(=O)c5cc(Nc6ccccc6)[nH]n5)n4)ccc3s2)c2ccccc12,BRICS-02583
O=c1[nH]c(=O)n(-c2nc3cc(Nc4noc(NS(=O)(=O)c5cc(-c6ccccc6)[nH]n5)n4)ccc3s2)c2ccccc12,BRICS-02584
O=c1[nH]c(=O)n(-c2nc3cc(Nc4noc(NS(=O)(=O)c5cc(-c6ccc(O)cc6)[nH]n5)n4)ccc3s2)c2ccccc12,BRICS-02585
O=C(O)c1ccc(-c2cc(S(=O)(=O)Nc3nc(Nc4ccc5sc(-n6c(=O)[nH]c(=O)c7ccccc76)nc5c4)no3)n[nH]2)cc1,BRICS-02586
O=c1[nH]c(=O)n(-c2ccc(-c3nc(Nc4ccc5sc(-n6c(=O)[nH]c(=O)c7ccccc76)nc5c4)no3)cc2)c2ccccc12,BRICS-02587
O=c1[nH]c(=O)n(-c2nc3cc(Nc4noc(-c5ccc(-n6c(=O)[nH]c7ccccc76)cc5)n4)ccc3s2)c2ccccc12,BRICS-02588
O=c1[nH]c(=O)n(-c2nc3cc(Nc4noc(-c5ccc(-c6ccccc6)cc5)n4)ccc3s2)c2ccccc12,BRICS-02589
O=c1[nH]c(=O)n(-c2nc3cc(Nc4noc(-c5ccc(-c6ccc(O)cc6)cc5)n4)ccc3s2)c2ccccc12,BRICS-02590
O=C(O)c1ccc(-c2ccc(-c3nc(Nc4ccc5sc(-n6c(=O)[nH]c(=O)c7ccccc76)nc5c4)no3)cc2)cc1,BRICS-02591
N#Cc1ccc(Nc2ccc(-c3nc(Nc4ccc5sc(-n6c(=O)[nH]c(=O)c7ccccc76)nc5c4)no3)cc2)cc1,BRICS-02592
O=c1[nH]c(=O)n(-c2nc3cc(Nc4noc(-c5ccc(Nc6ccccc6)cc5)n4)ccc3s2)c2ccccc12,BRICS-02593
O=C(NS(=O)(=O)c1cc(-c2nc(Nc3ccc4sc(-n5c(=O)[nH]c(=O)c6ccccc65)nc4c3)no2)[nH]n1)c1ccco1,BRICS-02594
O=C(Nc1ccccc1)NS(=O)(=O)c1cc(-c2nc(Nc3ccc4sc(-n5c(=O)[nH]c(=O)c6ccccc65)nc4c3)no2)[nH]n1,BRICS-02595
O=C(NS(=O)(=O)c1cc(-c2nc(Nc3ccc4sc(-n5c(=O)[nH]c(=O)c6ccccc65)nc4c3)no2)[nH]n1)c1ccccc1,BRICS-02596
O=c1[nH]c(=O)n(-c2nc3cc(Nc4noc(-c5cc(S(=O)(=O)Nc6ccccc6)n[nH]5)n4)ccc3s2)c2ccccc12,BRICS-02597
O=c1[nH]c(=O)n(-c2nc3cc(Nc4noc(-c5cc(S(=O)(=O)Nc6ccc(O)cc6)n[nH]5)n4)ccc3s2)c2ccccc12,BRICS-02598
O=C(O)c1ccc(NS(=O)(=O)c2cc(-c3nc(Nc4ccc5sc(-n6c(=O)[nH]c(=O)c7ccccc76)nc5c4)no3)[nH]n2)cc1,BRICS-02599
N#Cc1ccc(NS(=O)(=O)c2cc(-c3nc(Nc4ccc5sc(-n6c(=O)[nH]c(=O)c7ccccc76)nc5c4)no3)[nH]n2)cc1,BRICS-02600
O=c1[nH]c(=O)n(-c2nc3cc(Nc4noc(-c5cnc6[nH]c(=O)n(Cc7ccc(O)cc7)c6c5)n4)ccc3s2)c2ccccc12,BRICS-02601
O=C(O)c1ccc(Cn2c(=O)[nH]c3ncc(-c4nc(Nc5ccc6sc(-n7c(=O)[nH]c(=O)c8ccccc87)nc6c5)no4)cc32)cc1,BRICS-02602
O=C(Nc1ccc(-c2nc(Nc3ccc4sc(-n5c(=O)[nH]c(=O)c6ccccc65)nc4c3)no2)cc1)c1ccco1,BRICS-02603
O=C(Nc1ccccc1)Nc1ccc(-c2nc(Nc3ccc4sc(-n5c(=O)[nH]c(=O)c6ccccc65)nc4c3)no2)cc1,BRICS-02604
O=C(Nc1ccc(-c2nc(Nc3ccc4sc(-n5c(=O)[nH]c(=O)c6ccccc65)nc4c3)no2)cc1)c1ccccc1,BRICS-02605
N#Cc1ccc(NC(=O)Nc2ccc(-c3nc(Nc4ccc5sc(-n6c(=O)[nH]c(=O)c7ccccc76)nc5c4)no3)cc2)cc1,BRICS-02606
O=c1[nH]c(=O)n(-c2nc3cc(Nc4noc(-c5ccc(Nc6ccc(O)cc6)cc5)n4)ccc3s2)c2ccccc12,BRICS-02607
O=C(O)c1ccc(Nc2ccc(-c3nc(Nc4ccc5sc(-n6c(=O)[nH]c(=O)c7ccccc76)nc5c4)no3)cc2)cc1,BRICS-02608
O=C(NS(=O)(=O)c1cc(Nc2ccc3sc(-n4c(=O)[nH]c(=O)c5ccccc54)nc3c2)[nH]n1)c1ccco1,BRICS-02609
O=C(Nc1ccccc1)NS(=O)(=O)c1cc(Nc2ccc3sc(-n4c(=O)[nH]c(=O)c5ccccc54)nc3c2)[nH]n1,BRICS-02610
O=C(NS(=O)(=O)c1cc(Nc2ccc3sc(-n4c(=O)[nH]c(=O)c5ccccc54)nc3c2)[nH]n1)c1ccccc1,BRICS-02611
N#Cc1ccc(NC(=O)NS(=O)(=O)c2cc(Nc3ccc4sc(-n5c(=O)[nH]c(=O)c6ccccc65)nc4c3)[nH]n2)cc1,BRICS-02612
O=c1[nH]c(=O)n(-c2nc3cc(Nc4cc(S(=O)(=O)Nc5ccc(O)cc5)n[nH]4)ccc3s2)c2ccccc12,BRICS-02613
O=C(O)c1ccc(NS(=O)(=O)c2cc(Nc3ccc4sc(-n5c(=O)[nH]c(=O)c6ccccc65)nc4c3)[nH]n2)cc1,BRICS-02614
O=c1[nH]c(=O)n(-c2nc3cc(Nc4cc(S(=O)(=O)Nc5noc(Cc6ccccc6)n5)n[nH]4)ccc3s2)c2ccccc12,BRICS-02615
O=c1[nH]c(=O)n(-c2nc3cc(Nc4cc(S(=O)(=O)Nc5noc(-c6ccccc6)n5)n[nH]4)ccc3s2)c2ccccc12,BRICS-02616
O=c1[nH]c(=O)n(-c2nc3cc(Nc4cc(S(=O)(=O)Nc5noc(-c6ccc(O)cc6)n5)n[nH]4)ccc3s2)c2ccccc12,BRICS-02617
O=C(O)c1ccc(-c2nc(NS(=O)(=O)c3cc(Nc4ccc5sc(-n6c(=O)[nH]c(=O)c7ccccc76)nc5c4)[nH]n3)no2)cc1,BRICS-02618
N#Cc1ccc(Nc2nc(NS(=O)(=O)c3cc(Nc4ccc5sc(-n6c(=O)[nH]c(=O)c7ccccc76)nc5c4)[nH]n3)no2)cc1,BRICS-02619
O=c1[nH]c(=O)n(-c2nc3cc(Nc4cc(S(=O)(=O)Nc5noc(Nc6ccccc6)n5)n[nH]4)ccc3s2)c2ccccc12,BRICS-02620
O=c1[nH]c(=O)n(-c2nc3cc(Nc4cc(S(=O)(=O)Nc5ccc(Cc6ccc(O)cc6)cc5)n[nH]4)ccc3s2)c2ccccc12,BRICS-02621
O=C(Nc1ccc(NS(=O)(=O)c2cc(Nc3ccc4sc(-n5c(=O)[nH]c(=O)c6ccccc65)nc4c3)[nH]n2)cc1)c1ccco1,BRICS-02622
O=c1[nH]c(=O)n(-c2nc3cc(Nc4cc(S(=O)(=O)Nc5ccc(Nc6ccc(O)cc6)cc5)n[nH]4)ccc3s2)c2ccccc12,BRICS-02623
O=c1[nH]c(=O)n(-c2nc3cc(Nc4cc(S(=O)(=O)Nc5nc(Cc6ccccc6)no5)n[nH]4)ccc3s2)c2ccccc12,BRICS-02624
O=c1[nH]c(=O)n(-c2nc3cc(Nc4cc(S(=O)(=O)Nc5nc(-c6ccccc6)no5)n[nH]4)ccc3s2)c2ccccc12,BRICS-02625
O=c1[nH]c(=O)n(-c2nc3cc(Nc4cc(S(=O)(=O)Nc5nc(-c6ccc(O)cc6)no5)n[nH]4)ccc3s2)c2ccccc12,BRICS-02626
O=C(O)c1ccc(-c2noc(NS(=O)(=O)c3cc(Nc4ccc5sc(-n6c(=O)[nH]c(=O)c7ccccc76)nc5c4)[nH]n3)n2)cc1,BRICS-02627
N#Cc1ccc(Nc2noc(NS(=O)(=O)c3cc(Nc4ccc5sc(-n6c(=O)[nH]c(=O)c7ccccc76)nc5c4)[nH]n3)n2)cc1,BRICS-02628
O=c1[nH]c(=O)n(-c2nc3cc(Nc4cc(S(=O)(=O)Nc5nc(Nc6ccccc6)no5)n[nH]4)ccc3s2)c2ccccc12,BRICS-02629
O=c1[nH]c(=O)n(-c2nc3cc(Nc4ccc(Cc5ccc(O)cc5)cc4)ccc3s2)c2ccccc12,BRICS-02630
O=C(O)c1ccc(Cc2ccc(Nc3ccc4sc(-n5c(=O)[nH]c(=O)c6ccccc65)nc4c3)cc2)cc1,BRICS-02631
O=c1[nH]c(=O)n(-c2nc3cc(Nc4ccc(Cn5c(=O)[nH]c6ccccc65)cc4)ccc3s2)c2ccccc12,BRICS-02632
N#Cc1ccc(NS(=O)(=O)c2cc(Cc3ccc(Nc4ccc5sc(-n6c(=O)[nH]c(=O)c7ccccc76)nc5c4)cc3)[nH]n2)cc1,BRICS-02633
O=c1[nH]c(=O)n(-c2nc3cc(Nc4ccc(Cc5cc(S(=O)(=O)Nc6ccccc6)n[nH]5)cc4)ccc3s2)c2ccccc12,BRICS-02634
N#Cc1ccc(Nc2nc(Cc3ccc(Nc4ccc5sc(-n6c(=O)[nH]c(=O)c7ccccc76)nc5c4)cc3)no2)cc1,BRICS-02635
O=c1[nH]c(=O)n(-c2nc3cc(Nc4ccc(Cc5noc(Nc6ccccc6)n5)cc4)ccc3s2)c2ccccc12,BRICS-02636
O=c1[nH]c(=O)n(-c2nc(Cc3ccc(Nc4ccc5sc(-n6c(=O)[nH]c(=O)c7ccccc76)nc5c4)cc3)no2)c2ccccc12,BRICS-02637
O=c1[nH]c(=O)n(-c2nc3cc(Nc4ccc(Cc5noc(-n6c(=O)[nH]c7ccccc76)n5)cc4)ccc3s2)c2ccccc12,BRICS-02638
O=c1[nH]c(=O)n(-c2nc3cc(Nc4ccc(Cc5noc(Cc6ccccc6)n5)cc4)ccc3s2)c2ccccc12,BRICS-02639
O=c1[nH]c(=O)n(Cc2nc(Cc3ccc(Nc4ccc5sc(-n6c(=O)[nH]c(=O)c7ccccc76)nc5c4)cc3)no2)c2ccccc12,BRICS-02640
O=c1[nH]c(=O)n(-c2nc3cc(Nc4ccc(Cc5noc(-c6ccccc6)n5)cc4)ccc3s2)c2ccccc12,BRICS-02641
O=c1[nH]c(=O)n(-c2nc3cc(Nc4ccc(Cc5noc(-c6ccc(O)cc6)n5)cc4)ccc3s2)c2ccccc12,BRICS-02642
O=C(O)c1ccc(-c2nc(Cc3ccc(Nc4ccc5sc(-n6c(=O)[nH]c(=O)c7ccccc76)nc5c4)cc3)no2)cc1,BRICS-02643
O=C(Nc1ccc(Cc2ccc(Nc3ccc4sc(-n5c(=O)[nH]c(=O)c6ccccc65)nc4c3)cc2)cc1)c1ccco1,BRICS-02644
O=C(Nc1ccccc1)Nc1ccc(Cc2ccc(Nc3ccc4sc(-n5c(=O)[nH]c(=O)c6ccccc65)nc4c3)cc2)cc1,BRICS-02645
O=C(Nc1ccc(Cc2ccc(Nc3ccc4sc(-n5c(=O)[nH]c(=O)c6ccccc65)nc4c3)cc2)cc1)c1ccccc1,BRICS-02646
N#Cc1ccc(NC(=O)Nc2ccc(Cc3ccc(Nc4ccc5sc(-n6c(=O)[nH]c(=O)c7ccccc76)nc5c4)cc3)cc2)cc1,BRICS-02647
O=c1[nH]c(=O)n(-c2nc3cc(Nc4ccc(Cc5ccc(Nc6ccc(O)cc6)cc5)cc4)ccc3s2)c2ccccc12,BRICS-02648
O=C(O)c1ccc(Nc2ccc(Cc3ccc(Nc4ccc5sc(-n6c(=O)[nH]c(=O)c7ccccc76)nc5c4)cc3)cc2)cc1,BRICS-02649
O=c1[nH]c(=O)n(-c2nc3cc(Nc4ccc(Cc5cnc6[nH]c(=O)n(Cc7ccccc7)c6c5)cc4)ccc3s2)c2ccccc12,BRICS-02650
O=c1[nH]c(=O)n(-c2nc3cc(Nc4ccc(Cc5cnc6[nH]c(=O)n(-c7ccccc7)c6c5)cc4)ccc3s2)c2ccccc12,BRICS-02651
O=c1[nH]c(=O)n(-c2nc3cc(Nc4ccc(Cc5cnc6[nH]c(=O)n(-c7ccc(O)cc7)c6c5)cc4)ccc3s2)c2ccccc12,BRICS-02652
O=c1[nH]c(=O)n(-c2nc3cc(Nc4ccc(Cc5ccc(Cn6c(=O)[nH]c7ccccc76)cc5)cc4)ccc3s2)c2ccccc12,BRICS-02653
O=c1[nH]c(=O)n(-c2nc3cc(Nc4ccc(Cc5ccc(Cc6ccc(O)cc6)cc5)cc4)ccc3s2)c2ccccc12,BRICS-02654
O=C(O)c1ccc(Cc2ccc(Cc3ccc(Nc4ccc5sc(-n6c(=O)[nH]c(=O)c7ccccc76)nc5c4)cc3)cc2)cc1,BRICS-02655
O=C(Nc1ccc2sc(Cc3ccc(Nc4ccc5sc(-n6c(=O)[nH]c(=O)c7ccccc76)nc5c4)cc3)nc2c1)c1ccco1,BRICS-02656
O=c1[nH]c(=O)n(-c2nc3cc(Nc4ccc(Cc5nc6cc(Nc7ccccc7)ccc6s5)cc4)ccc3s2)c2ccccc12,BRICS-02657
O=c1[nH]c(=O)n(-c2nc3cc(Nc4ccc(Cc5nc6cc(Nc7ccc(O)cc7)ccc6s5)cc4)ccc3s2)c2ccccc12,BRICS-02658
O=c1[nH]c(=O)n(-c2nc3cc(Nc4ccc(Cc5cnc6[nH]c(=O)n(Cc7ccc(O)cc7)c6c5)cc4)ccc3s2)c2ccccc12,BRICS-02659
N#Cc1ccc(Nc2noc(Cc3ccc(Nc4ccc5sc(-n6c(=O)[nH]c(=O)c7ccccc76)nc5c4)cc3)n2)cc1,BRICS-02660
O=c1[nH]c(=O)n(-c2nc3cc(Nc4ccc(Cc5nc(Nc6ccccc6)no5)cc4)ccc3s2)c2ccccc12,BRICS-02661
O=c1[nH]c(=O)n(-c2noc(Cc3ccc(Nc4ccc5sc(-n6c(=O)[nH]c(=O)c7ccccc76)nc5c4)cc3)n2)c2ccccc12,BRICS-02662
O=c1[nH]c(=O)n(-c2nc3cc(Nc4ccc(Cc5nc(-n6c(=O)[nH]c7ccccc76)no5)cc4)ccc3s2)c2ccccc12,BRICS-02663
O=c1[nH]c(=O)n(-c2nc3cc(Nc4ccc(Cc5nc(Cc6ccccc6)no5)cc4)ccc3s2)c2ccccc12,BRICS-02664
O=c1[nH]c(=O)n(Cc2noc(Cc3ccc(Nc4ccc5sc(-n6c(=O)[nH]c(=O)c7ccccc76)nc5c4)cc3)n2)c2ccccc12,BRICS-02665
O=c1[nH]c(=O)n(-c2nc3cc(Nc4ccc(Cc5nc(-c6ccccc6)no5)cc4)ccc3s2)c2ccccc12,BRICS-02666
O=c1[nH]c(=O)n(-c2nc3cc(Nc4ccc(Cc5nc(-c6ccc(O)cc6)no5)cc4)ccc3s2)c2ccccc12,BRICS-02667
O=C(O)c1ccc(-c2noc(Cc3ccc(Nc4ccc5sc(-n6c(=O)[nH]c(=O)c7ccccc76)nc5c4)cc3)n2)cc1,BRICS-02668
O=C(NS(=O)(=O)c1cc(Cc2ccc(Nc3ccc4sc(-n5c(=O)[nH]c(=O)c6ccccc65)nc4c3)cc2)[nH]n1)c1ccco1,BRICS-02669
O=C(NS(=O)(=O)c1cc(Cc2ccc(Nc3ccc4sc(-n5c(=O)[nH]c(=O)c6ccccc65)nc4c3)cc2)[nH]n1)c1ccccc1,BRICS-02670
O=c1[nH]c(=O)n(-c2nc3cc(Nc4ccc(Cc5cc(S(=O)(=O)Nc6ccc(O)cc6)n[nH]5)cc4)ccc3s2)c2ccccc12,BRICS-02671
N#Cc1ccc(Nc2cc(S(=O)(=O)Nc3ccc4sc(-n5c(=O)[nH]c(=O)c6ccccc65)nc4c3)n[nH]2)cc1,BRICS-02672
O=c1[nH]c(=O)n(-c2nc3cc(NS(=O)(=O)c4cc(Nc5ccccc5)[nH]n4)ccc3s2)c2ccccc12,BRICS-02673
O=c1[nH]c(=O)n(-c2nc3cc(NS(=O)(=O)c4cc(-c5ccccc5)[nH]n4)ccc3s2)c2ccccc12,BRICS-02674
O=c1[nH]c(=O)n(-c2nc3cc(NS(=O)(=O)c4cc(-c5ccc(O)cc5)[nH]n4)ccc3s2)c2ccccc12,BRICS-02675
O=C(O)c1ccc(-c2cc(S(=O)(=O)Nc3ccc4sc(-n5c(=O)[nH]c(=O)c6ccccc65)nc4c3)n[nH]2)cc1,BRICS-02676
O=c1[nH]c(=O)n(-c2cc(S(=O)(=O)Nc3ccc4sc(-n5c(=O)[nH]c(=O)c6ccccc65)nc4c3)n[nH]2)c2ccccc12,BRICS-02677
O=c1[nH]c(=O)n(-c2nc3cc(NS(=O)(=O)c4cc(-n5c(=O)[nH]c6ccccc65)[nH]n4)ccc3s2)c2ccccc12,BRICS-02678
O=c1[nH]c(=O)n(-c2nc3cc(NS(=O)(=O)c4cc(Cc5ccccc5)[nH]n4)ccc3s2)c2ccccc12,BRICS-02679
O=c1[nH]c(=O)n(Cc2cc(S(=O)(=O)Nc3ccc4sc(-n5c(=O)[nH]c(=O)c6ccccc65)nc4c3)n[nH]2)c2ccccc12,BRICS-02680
O=c1[nH]c(=O)n(-c2nc3cc(NS(=O)(=O)c4cc(-c5ccc(-c6ccccc6)cc5)[nH]n4)ccc3s2)c2ccccc12,BRICS-02681
O=c1[nH]c(=O)n(-c2nc3cc(NS(=O)(=O)c4cc(-c5ccc(-c6ccc(O)cc6)cc5)[nH]n4)ccc3s2)c2ccccc12,BRICS-02682
O=C(O)c1ccc(-c2ccc(-c3cc(S(=O)(=O)Nc4ccc5sc(-n6c(=O)[nH]c(=O)c7ccccc76)nc5c4)n[nH]3)cc2)cc1,BRICS-02683
O=c1[nH]c(=O)n(-c2nc3cc(NS(=O)(=O)c4cc(-c5ccc(Cc6ccccc6)cc5)[nH]n4)ccc3s2)c2ccccc12,BRICS-02684
O=c1[nH]c(=O)n(-c2nc3cc(NS(=O)(=O)c4cc(-c5ccc(-n6c(=O)[nH]c7ccccc76)cc5)[nH]n4)ccc3s2)c2ccccc12,BRICS-02685
N#Cc1ccc(Nc2ccc(-c3cc(S(=O)(=O)Nc4ccc5sc(-n6c(=O)[nH]c(=O)c7ccccc76)nc5c4)n[nH]3)cc2)cc1,BRICS-02686
O=c1[nH]c(=O)n(-c2nc3cc(NS(=O)(=O)c4cc(-c5ccc(Nc6ccccc6)cc5)[nH]n4)ccc3s2)c2ccccc12,BRICS-02687
O=c1[nH]c(=O)n(-c2nc3cc(NS(=O)(=O)c4cc(-c5cnc6[nH]c(=O)n(-c7ccccc7)c6c5)[nH]n4)ccc3s2)c2ccccc12,BRICS-02688
O=c1[nH]c(=O)n(-c2nc3cc(NS(=O)(=O)c4cc(-c5ccc(Cc6ccc(O)cc6)cc5)[nH]n4)ccc3s2)c2ccccc12,BRICS-02689
O=c1[nH]c(=O)n(-c2nc3cc(NS(=O)(=O)c4cc(Nc5ccc(-c6ccccc6)cc5)[nH]n4)ccc3s2)c2ccccc12,BRICS-02690
O=c1[nH]c(=O)n(-c2nc3cc(NS(=O)(=O)c4cc(Nc5ccc(-c6ccc(O)cc6)cc5)[nH]n4)ccc3s2)c2ccccc12,BRICS-02691
O=c1[nH]c(=O)n(-c2nc3cc(NS(=O)(=O)c4cc(Nc5ccc(Cc6ccccc6)cc5)[nH]n4)ccc3s2)c2ccccc12,BRICS-02692
N#Cc1ccc(Nc2ccc(Nc3cc(S(=O)(=O)Nc4ccc5sc(-n6c(=O)[nH]c(=O)c7ccccc76)nc5c4)n[nH]3)cc2)cc1,BRICS-02693
O=c1[nH]c(=O)n(-c2nc3cc(NS(=O)(=O)c4cc(Nc5ccc(Nc6ccccc6)cc5)[nH]n4)ccc3s2)c2ccccc12,BRICS-02694
O=c1[nH]c(=O)n(-c2nc3cc(NS(=O)(=O)c4cc(-n5c(=O)[nH]c6ncc(-c7ccccc7)cc65)[nH]n4)ccc3s2)c2ccccc12,BRICS-02695
O=c1[nH]c(=O)n(-c2nc3cc(NS(=O)(=O)c4cc(-c5noc(-n6c(=O)[nH]c7ccccc76)n5)[nH]n4)ccc3s2)c2ccccc12,BRICS-02696
O=c1[nH]c(=O)n(-c2nc3cc(NS(=O)(=O)c4cc(-c5noc(-c6ccccc6)n5)[nH]n4)ccc3s2)c2ccccc12,BRICS-02697
O=c1[nH]c(=O)n(-c2nc3cc(NS(=O)(=O)c4cc(-c5noc(-c6ccc(O)cc6)n5)[nH]n4)ccc3s2)c2ccccc12,BRICS-02698
O=C(O)c1ccc(-c2nc(-c3cc(S(=O)(=O)Nc4ccc5sc(-n6c(=O)[nH]c(=O)c7ccccc76)nc5c4)n[nH]3)no2)cc1,BRICS-02699
O=c1[nH]c(=O)n(-c2nc3cc(NS(=O)(=O)c4cc(-c5noc(Cc6ccccc6)n5)[nH]n4)ccc3s2)c2ccccc12,BRICS-02700
N#Cc1ccc(Nc2nc(-c3cc(S(=O)(=O)Nc4ccc5sc(-n6c(=O)[nH]c(=O)c7ccccc76)nc5c4)n[nH]3)no2)cc1,BRICS-02701
O=c1[nH]c(=O)n(-c2nc3cc(NS(=O)(=O)c4cc(-c5noc(Nc6ccccc6)n5)[nH]n4)ccc3s2)c2ccccc12,BRICS-02702
O=C(Nc1ccc(-c2cc(S(=O)(=O)Nc3ccc4sc(-n5c(=O)[nH]c(=O)c6ccccc65)nc4c3)n[nH]2)cc1)c1ccco1,BRICS-02703
O=C(Nc1ccc(-c2cc(S(=O)(=O)Nc3ccc4sc(-n5c(=O)[nH]c(=O)c6ccccc65)nc4c3)n[nH]2)cc1)c1ccccc1,BRICS-02704
O=c1[nH]c(=O)n(-c2nc3cc(NS(=O)(=O)c4cc(-c5ccc(Nc6ccc(O)cc6)cc5)[nH]n4)ccc3s2)c2ccccc12,BRICS-02705
O=c1[nH]c(=O)n(-c2nc3cc(NS(=O)(=O)c4cc(Cc5ccc(-c6ccccc6)cc5)[nH]n4)ccc3s2)c2ccccc12,BRICS-02706
O=c1[nH]c(=O)n(-c2nc3cc(NS(=O)(=O)c4cc(Cc5ccc(-c6ccc(O)cc6)cc5)[nH]n4)ccc3s2)c2ccccc12,BRICS-02707
O=c1[nH]c(=O)n(-c2nc3cc(NS(=O)(=O)c4cc(Cc5ccc(Cc6ccccc6)cc5)[nH]n4)ccc3s2)c2ccccc12,BRICS-02708
N#Cc1ccc(Nc2ccc(Cc3cc(S(=O)(=O)Nc4ccc5sc(-n6c(=O)[nH]c(=O)c7ccccc76)nc5c4)n[nH]3)cc2)cc1,BRICS-02709
O=c1[nH]c(=O)n(-c2nc3cc(NS(=O)(=O)c4cc(Cc5ccc(Nc6ccccc6)cc5)[nH]n4)ccc3s2)c2ccccc12,BRICS-02710
O=c1[nH]c(=O)n(-c2nc3cc(NS(=O)(=O)c4cc(-c5nc(-n6c(=O)[nH]c7ccccc76)no5)[nH]n4)ccc3s2)c2ccccc12,BRICS-02711
O=c1[nH]c(=O)n(-c2nc3cc(NS(=O)(=O)c4cc(-c5nc(-c6ccccc6)no5)[nH]n4)ccc3s2)c2ccccc12,BRICS-02712
O=c1[nH]c(=O)n(-c2nc3cc(NS(=O)(=O)c4cc(-c5nc(-c6ccc(O)cc6)no5)[nH]n4)ccc3s2)c2ccccc12,BRICS-02713
O=C(O)c1ccc(-c2noc(-c3cc(S(=O)(=O)Nc4ccc5sc(-n6c(=O)[nH]c(=O)c7ccccc76)nc5c4)n[nH]3)n2)cc1,BRICS-02714
O=c1[nH]c(=O)n(-c2nc3cc(NS(=O)(=O)c4cc(-c5nc(Cc6ccccc6)no5)[nH]n4)ccc3s2)c2ccccc12,BRICS-02715
N#Cc1ccc(Nc2noc(-c3cc(S(=O)(=O)Nc4ccc5sc(-n6c(=O)[nH]c(=O)c7ccccc76)nc5c4)n[nH]3)n2)cc1,BRICS-02716
O=c1[nH]c(=O)n(-c2nc3cc(NS(=O)(=O)c4cc(-c5nc(Nc6ccccc6)no5)[nH]n4)ccc3s2)c2ccccc12,BRICS-02717
N#Cc1ccc(Nc2noc(Nc3ccc4sc(-n5c(=O)[nH]c(=O)c6ccccc65)nc4c3)n2)cc1,BRICS-02718
O=c1[nH]c(=O)n(-c2nc3cc(Nc4nc(Nc5ccccc5)no4)ccc3s2)c2ccccc12,BRICS-02719
O=c1[nH]c(=O)n(-c2nc3cc(Nc4nc(-c5ccccc5)no4)ccc3s2)c2ccccc12,BRICS-02720
O=c1[nH]c(=O)n(-c2nc3cc(Nc4nc(-c5ccc(O)cc5)no4)ccc3s2)c2ccccc12,BRICS-02721
O=C(O)c1ccc(-c2noc(Nc3ccc4sc(-n5c(=O)[nH]c(=O)c6ccccc65)nc4c3)n2)cc1,BRICS-02722
O=c1[nH]c(=O)n(-c2noc(Nc3ccc4sc(-n5c(=O)[nH]c(=O)c6ccccc65)nc4c3)n2)c2ccccc12,BRICS-02723
O=c1[nH]c(=O)n(-c2nc3cc(Nc4nc(-n5c(=O)[nH]c6ccccc65)no4)ccc3s2)c2ccccc12,BRICS-02724
O=c1[nH]c(=O)n(-c2nc3cc(Nc4nc(Cc5ccccc5)no4)ccc3s2)c2ccccc12,BRICS-02725
O=c1[nH]c(=O)n(Cc2noc(Nc3ccc4sc(-n5c(=O)[nH]c(=O)c6ccccc65)nc4c3)n2)c2ccccc12,BRICS-02726
O=c1[nH]c(=O)n(-c2nc3cc(Nc4nc(-c5cnc6[nH]c(=O)n(Cc7ccccc7)c6c5)no4)ccc3s2)c2ccccc12,BRICS-02727
O=c1[nH]c(=O)n(-c2nc3cc(Nc4nc(-c5cnc6[nH]c(=O)n(Cc7ccc(O)cc7)c6c5)no4)ccc3s2)c2ccccc12,BRICS-02728
O=C(O)c1ccc(Cn2c(=O)[nH]c3ncc(-c4noc(Nc5ccc6sc(-n7c(=O)[nH]c(=O)c8ccccc87)nc6c5)n4)cc32)cc1,BRICS-02729
O=c1[nH]c(=O)n(-c2nc3cc(Nc4nc(Cc5ccc(Cc6ccccc6)cc5)no4)ccc3s2)c2ccccc12,BRICS-02730
O=c1[nH]c(=O)n(Cc2ccc(Cc3noc(Nc4ccc5sc(-n6c(=O)[nH]c(=O)c7ccccc76)nc5c4)n3)cc2)c2ccccc12,BRICS-02731
N#Cc1ccc(Nc2ccc(Cc3noc(Nc4ccc5sc(-n6c(=O)[nH]c(=O)c7ccccc76)nc5c4)n3)cc2)cc1,BRICS-02732
O=c1[nH]c(=O)n(-c2nc3cc(Nc4nc(Cc5ccc(Nc6ccccc6)cc5)no4)ccc3s2)c2ccccc12,BRICS-02733
O=c1[nH]c(=O)n(-c2nc3cc(Nc4nc(Cc5ccc(-c6ccccc6)cc5)no4)ccc3s2)c2ccccc12,BRICS-02734
O=c1[nH]c(=O)n(-c2nc3cc(Nc4nc(Cc5ccc(-c6ccc(O)cc6)cc5)no4)ccc3s2)c2ccccc12,BRICS-02735
O=C(O)c1ccc(-c2ccc(Cc3noc(Nc4ccc5sc(-n6c(=O)[nH]c(=O)c7ccccc76)nc5c4)n3)cc2)cc1,BRICS-02736
O=c1[nH]c(=O)n(-c2ccc(Cc3noc(Nc4ccc5sc(-n6c(=O)[nH]c(=O)c7ccccc76)nc5c4)n3)cc2)c2ccccc12,BRICS-02737
O=c1[nH]c(=O)n(-c2nc3cc(Nc4nc(Cc5ccc(-n6c(=O)[nH]c7ccccc76)cc5)no4)ccc3s2)c2ccccc12,BRICS-02738
N#Cc1ccc(NS(=O)(=O)c2cc(-c3noc(Nc4ccc5sc(-n6c(=O)[nH]c(=O)c7ccccc76)nc5c4)n3)[nH]n2)cc1,BRICS-02739
O=c1[nH]c(=O)n(-c2nc3cc(Nc4nc(-c5cc(S(=O)(=O)Nc6ccccc6)n[nH]5)no4)ccc3s2)c2ccccc12,BRICS-02740
O=C(Nc1ccc2sc(-c3noc(Nc4ccc5sc(-n6c(=O)[nH]c(=O)c7ccccc76)nc5c4)n3)nc2c1)c1ccco1,BRICS-02741
O=C(Nc1ccccc1)Nc1ccc2sc(-c3noc(Nc4ccc5sc(-n6c(=O)[nH]c(=O)c7ccccc76)nc5c4)n3)nc2c1,BRICS-02742
O=C(Nc1ccc2sc(-c3noc(Nc4ccc5sc(-n6c(=O)[nH]c(=O)c7ccccc76)nc5c4)n3)nc2c1)c1ccccc1,BRICS-02743
O=c1[nH]c(=O)n(-c2nc3cc(Nc4nc(-c5nc6cc(Nc7ccccc7)ccc6s5)no4)ccc3s2)c2ccccc12,BRICS-02744
O=c1[nH]c(=O)n(-c2nc3cc(Nc4nc(-c5nc6cc(Nc7ccc(O)cc7)ccc6s5)no4)ccc3s2)c2ccccc12,BRICS-02745
O=C(O)c1ccc(Nc2ccc3sc(-c4noc(Nc5ccc6sc(-n7c(=O)[nH]c(=O)c8ccccc87)nc6c5)n4)nc3c2)cc1,BRICS-02746
O=c1[nH]c(=O)n(-c2nc3cc(Nc4nc(-c5nc(-c6ccccc6)no5)no4)ccc3s2)c2ccccc12,BRICS-02747
O=c1[nH]c(=O)n(-c2nc3cc(Nc4nc(-c5nc(-c6ccc(O)cc6)no5)no4)ccc3s2)c2ccccc12,BRICS-02748
O=C(O)c1ccc(-c2noc(-c3noc(Nc4ccc5sc(-n6c(=O)[nH]c(=O)c7ccccc76)nc5c4)n3)n2)cc1,BRICS-02749
O=c1[nH]c(=O)n(-c2nc3cc(Nc4nc(-c5nc(Cc6ccccc6)no5)no4)ccc3s2)c2ccccc12,BRICS-02750
O=c1[nH]c(=O)n(Cc2noc(-c3noc(Nc4ccc5sc(-n6c(=O)[nH]c(=O)c7ccccc76)nc5c4)n3)n2)c2ccccc12,BRICS-02751
O=c1[nH]c(=O)n(-c2noc(-c3noc(Nc4ccc5sc(-n6c(=O)[nH]c(=O)c7ccccc76)nc5c4)n3)n2)c2ccccc12,BRICS-02752
O=c1[nH]c(=O)n(-c2nc3cc(Nc4nc(-c5nc(-n6c(=O)[nH]c7ccccc76)no5)no4)ccc3s2)c2ccccc12,BRICS-02753
N#Cc1ccc(Nc2noc(-c3noc(Nc4ccc5sc(-n6c(=O)[nH]c(=O)c7ccccc76)nc5c4)n3)n2)cc1,BRICS-02754
O=c1[nH]c(=O)n(-c2nc3cc(Nc4nc(-c5nc(Nc6ccccc6)no5)no4)ccc3s2)c2ccccc12,BRICS-02755
O=c1[nH]c(=O)n(-c2nc3cc(Nc4nc(-n5c(=O)[nH]c6ncc(Cc7ccccc7)cc65)no4)ccc3s2)c2ccccc12,BRICS-02756
N#Cc1ccc(Nc2cnc3[nH]c(=O)n(-c4noc(Nc5ccc6sc(-n7c(=O)[nH]c(=O)c8ccccc87)nc6c5)n4)c3c2)cc1,BRICS-02757
O=c1[nH]c(=O)n(-c2nc3cc(Nc4nc(-n5c(=O)[nH]c6ncc(Nc7ccccc7)cc65)no4)ccc3s2)c2ccccc12,BRICS-02758
O=c1[nH]c(=O)n(-c2nc3cc(Nc4nc(-n5c(=O)[nH]c6ncc(-c7ccccc7)cc65)no4)ccc3s2)c2ccccc12,BRICS-02759
O=c1[nH]c(=O)n(-c2nc3cc(Nc4nc(-n5c(=O)[nH]c6ncc(-c7ccc(O)cc7)cc65)no4)ccc3s2)c2ccccc12,BRICS-02760
O=C(O)c1ccc(-c2cnc3[nH]c(=O)n(-c4noc(Nc5ccc6sc(-n7c(=O)[nH]c(=O)c8ccccc87)nc6c5)n4)c3c2)cc1,BRICS-02761
O=c1[nH]c(=O)n(-c2nc3cc(Nc4nc(-n5c(=O)[nH]c6ncc(-n7c(=O)[nH]c8ccccc87)cc65)no4)ccc3s2)c2ccccc12,BRICS-02762
O=c1[nH]c(=O)n(-c2nc3cc(Nc4nc(-c5noc(-c6ccccc6)n5)no4)ccc3s2)c2ccccc12,BRICS-02763
O=c1[nH]c(=O)n(-c2nc3cc(Nc4nc(-c5noc(-c6ccc(O)cc6)n5)no4)ccc3s2)c2ccccc12,BRICS-02764
O=C(O)c1ccc(-c2nc(-c3noc(Nc4ccc5sc(-n6c(=O)[nH]c(=O)c7ccccc76)nc5c4)n3)no2)cc1,BRICS-02765
O=c1[nH]c(=O)n(-c2nc3cc(Nc4nc(-c5noc(Cc6ccccc6)n5)no4)ccc3s2)c2ccccc12,BRICS-02766
O=c1[nH]c(=O)n(Cc2nc(-c3noc(Nc4ccc5sc(-n6c(=O)[nH]c(=O)c7ccccc76)nc5c4)n3)no2)c2ccccc12,BRICS-02767
O=c1[nH]c(=O)n(-c2nc(-c3noc(Nc4ccc5sc(-n6c(=O)[nH]c(=O)c7ccccc76)nc5c4)n3)no2)c2ccccc12,BRICS-02768
O=c1[nH]c(=O)n(-c2nc3cc(Nc4nc(-c5noc(-n6c(=O)[nH]c7ccccc76)n5)no4)ccc3s2)c2ccccc12,BRICS-02769
N#Cc1ccc(Nc2nc(-c3noc(Nc4ccc5sc(-n6c(=O)[nH]c(=O)c7ccccc76)nc5c4)n3)no2)cc1,BRICS-02770
O=c1[nH]c(=O)n(-c2nc3cc(Nc4nc(-c5noc(Nc6ccccc6)n5)no4)ccc3s2)c2ccccc12,BRICS-02771
O=c1[nH]c(=O)n(-c2nc3cc(Nc4nc(-c5ccc(Cc6ccccc6)cc5)no4)ccc3s2)c2ccccc12,BRICS-02772
N#Cc1ccc(Nc2ccc(-c3noc(Nc4ccc5sc(-n6c(=O)[nH]c(=O)c7ccccc76)nc5c4)n3)cc2)cc1,BRICS-02773
O=c1[nH]c(=O)n(-c2nc3cc(Nc4nc(-c5ccc(Nc6ccccc6)cc5)no4)ccc3s2)c2ccccc12,BRICS-02774
O=c1[nH]c(=O)n(-c2nc3cc(Nc4nc(-c5ccc(-c6ccccc6)cc5)no4)ccc3s2)c2ccccc12,BRICS-02775
O=c1[nH]c(=O)n(-c2nc3cc(Nc4nc(-c5ccc(-c6ccc(O)cc6)cc5)no4)ccc3s2)c2ccccc12,BRICS-02776
O=C(O)c1ccc(-c2ccc(-c3noc(Nc4ccc5sc(-n6c(=O)[nH]c(=O)c7ccccc76)nc5c4)n3)cc2)cc1,BRICS-02777
O=c1[nH]c(=O)n(-c2ccc(-c3noc(Nc4ccc5sc(-n6c(=O)[nH]c(=O)c7ccccc76)nc5c4)n3)cc2)c2ccccc12,BRICS-02778
O=c1[nH]c(=O)n(-c2nc3cc(Nc4nc(-c5ccc(-n6c(=O)[nH]c7ccccc76)cc5)no4)ccc3s2)c2ccccc12,BRICS-02779
O=C(Nc1ccc(-c2noc(Nc3ccc4sc(-n5c(=O)[nH]c(=O)c6ccccc65)nc4c3)n2)cc1)c1ccco1,BRICS-02780
O=C(Nc1ccccc1)Nc1ccc(-c2noc(Nc3ccc4sc(-n5c(=O)[nH]c(=O)c6ccccc65)nc4c3)n2)cc1,BRICS-02781
O=C(Nc1ccc(-c2noc(Nc3ccc4sc(-n5c(=O)[nH]c(=O)c6ccccc65)nc4c3)n2)cc1)c1ccccc1,BRICS-02782
N#Cc1ccc(NC(=O)Nc2ccc(-c3noc(Nc4ccc5sc(-n6c(=O)[nH]c(=O)c7ccccc76)nc5c4)n3)cc2)cc1,BRICS-02783
O=c1[nH]c(=O)n(-c2nc3cc(Nc4nc(-c5ccc(Nc6ccc(O)cc6)cc5)no4)ccc3s2)c2ccccc12,BRICS-02784
O=C(O)c1ccc(Nc2ccc(-c3noc(Nc4ccc5sc(-n6c(=O)[nH]c(=O)c7ccccc76)nc5c4)n3)cc2)cc1,BRICS-02785
O=c1[nH]c(=O)n(-c2nc3cc(Nc4nc(NS(=O)(=O)c5cc(-c6ccccc6)[nH]n5)no4)ccc3s2)c2ccccc12,BRICS-02786
O=c1[nH]c(=O)n(-c2nc3cc(Nc4nc(NS(=O)(=O)c5cc(-c6ccc(O)cc6)[nH]n5)no4)ccc3s2)c2ccccc12,BRICS-02787
O=C(O)c1ccc(-c2cc(S(=O)(=O)Nc3noc(Nc4ccc5sc(-n6c(=O)[nH]c(=O)c7ccccc76)nc5c4)n3)n[nH]2)cc1,BRICS-02788
O=c1[nH]c(=O)n(-c2nc3cc(Nc4nc(NS(=O)(=O)c5cc(Cc6ccccc6)[nH]n5)no4)ccc3s2)c2ccccc12,BRICS-02789
N#Cc1ccc(Nc2cc(S(=O)(=O)Nc3noc(Nc4ccc5sc(-n6c(=O)[nH]c(=O)c7ccccc76)nc5c4)n3)n[nH]2)cc1,BRICS-02790
O=c1[nH]c(=O)n(-c2nc3cc(Nc4nc(NS(=O)(=O)c5cc(Nc6ccccc6)[nH]n5)no4)ccc3s2)c2ccccc12,BRICS-02791
O=c1[nH]c(=O)n(-c2nc3cc(Nc4nc(Nc5ccc(Cc6ccccc6)cc5)no4)ccc3s2)c2ccccc12,BRICS-02792
O=c1[nH]c(=O)n(Cc2ccc(Nc3noc(Nc4ccc5sc(-n6c(=O)[nH]c(=O)c7ccccc76)nc5c4)n3)cc2)c2ccccc12,BRICS-02793
N#Cc1ccc(Nc2ccc(Nc3noc(Nc4ccc5sc(-n6c(=O)[nH]c(=O)c7ccccc76)nc5c4)n3)cc2)cc1,BRICS-02794
O=c1[nH]c(=O)n(-c2nc3cc(Nc4nc(Nc5ccc(Nc6ccccc6)cc5)no4)ccc3s2)c2ccccc12,BRICS-02795
O=c1[nH]c(=O)n(-c2nc3cc(Nc4nc(Nc5ccc(-c6ccccc6)cc5)no4)ccc3s2)c2ccccc12,BRICS-02796
O=c1[nH]c(=O)n(-c2nc3cc(Nc4nc(Nc5ccc(-c6ccc(O)cc6)cc5)no4)ccc3s2)c2ccccc12,BRICS-02797
O=C(O)c1ccc(-c2ccc(Nc3noc(Nc4ccc5sc(-n6c(=O)[nH]c(=O)c7ccccc76)nc5c4)n3)cc2)cc1,BRICS-02798
O=c1[nH]c(=O)n(-c2ccc(Nc3noc(Nc4ccc5sc(-n6c(=O)[nH]c(=O)c7ccccc76)nc5c4)n3)cc2)c2ccccc12,BRICS-02799
O=c1[nH]c(=O)n(-c2nc3cc(Nc4nc(Nc5ccc(-n6c(=O)[nH]c7ccccc76)cc5)no4)ccc3s2)c2ccccc12,BRICS-02800
O=c1[nH]c(=O)n(-c2nc3cc(Nc4nc(-c5ccc(Cc6ccc(O)cc6)cc5)no4)ccc3s2)c2ccccc12,BRICS-02801
O=C(O)c1ccc(Cc2ccc(-c3noc(Nc4ccc5sc(-n6c(=O)[nH]c(=O)c7ccccc76)nc5c4)n3)cc2)cc1,BRICS-02802
O=c1[nH]c(=O)n(-c2nc3cc(Nc4nc(-c5ccc(Cn6c(=O)[nH]c7ccccc76)cc5)no4)ccc3s2)c2ccccc12,BRICS-02803
O=c1[nH]c(=O)n(-c2nc3cc(Nc4nc(-c5cnc6[nH]c(=O)n(-c7ccccc7)c6c5)no4)ccc3s2)c2ccccc12,BRICS-02804
O=c1[nH]c(=O)n(-c2nc3cc(Nc4nc(-c5cnc6[nH]c(=O)n(-c7ccc(O)cc7)c6c5)no4)ccc3s2)c2ccccc12,BRICS-02805
O=C(O)c1ccc(-n2c(=O)[nH]c3ncc(-c4noc(Nc5ccc6sc(-n7c(=O)[nH]c(=O)c8ccccc87)nc6c5)n4)cc32)cc1,BRICS-02806
O=c1[nH]c(=O)n(-c2nc3cc(Nc4nc(Nc5ccc6sc(-c7ccccc7)nc6c5)no4)ccc3s2)c2ccccc12,BRICS-02807
O=c1[nH]c(=O)n(-c2nc3cc(Nc4nc(Nc5ccc6sc(-c7ccc(O)cc7)nc6c5)no4)ccc3s2)c2ccccc12,BRICS-02808
O=C(O)c1ccc(-c2nc3cc(Nc4noc(Nc5ccc6sc(-n7c(=O)[nH]c(=O)c8ccccc87)nc6c5)n4)ccc3s2)cc1,BRICS-02809
O=c1[nH]c(=O)n(-c2nc3cc(Nc4nc(Nc5ccc6sc(Cc7ccccc7)nc6c5)no4)ccc3s2)c2ccccc12,BRICS-02810
N#Cc1ccc(Nc2nc3cc(Nc4noc(Nc5ccc6sc(-n7c(=O)[nH]c(=O)c8ccccc87)nc6c5)n4)ccc3s2)cc1,BRICS-02811
O=c1[nH]c(=O)n(-c2nc3cc(Nc4nc(Nc5ccc6sc(Nc7ccccc7)nc6c5)no4)ccc3s2)c2ccccc12,BRICS-02812
O=C(NS(=O)(=O)c1cc(-c2noc(Nc3ccc4sc(-n5c(=O)[nH]c(=O)c6ccccc65)nc4c3)n2)[nH]n1)c1ccco1,BRICS-02813
O=C(Nc1ccccc1)NS(=O)(=O)c1cc(-c2noc(Nc3ccc4sc(-n5c(=O)[nH]c(=O)c6ccccc65)nc4c3)n2)[nH]n1,BRICS-02814
O=C(NS(=O)(=O)c1cc(-c2noc(Nc3ccc4sc(-n5c(=O)[nH]c(=O)c6ccccc65)nc4c3)n2)[nH]n1)c1ccccc1,BRICS-02815
O=c1[nH]c(=O)n(-c2nc3cc(Nc4nc(-c5cc(S(=O)(=O)Nc6ccc(O)cc6)n[nH]5)no4)ccc3s2)c2ccccc12,BRICS-02816
O=C(O)c1ccc(NS(=O)(=O)c2cc(-c3noc(Nc4ccc5sc(-n6c(=O)[nH]c(=O)c7ccccc76)nc5c4)n3)[nH]n2)cc1,BRICS-02817
O=c1[nH]c(=O)n(-c2nc3cc(Nc4nc(Cn5c(=O)[nH]c6ncc(Cc7ccccc7)cc65)no4)ccc3s2)c2ccccc12,BRICS-02818
N#Cc1ccc(Nc2cnc3[nH]c(=O)n(Cc4noc(Nc5ccc6sc(-n7c(=O)[nH]c(=O)c8ccccc87)nc6c5)n4)c3c2)cc1,BRICS-02819
O=c1[nH]c(=O)n(-c2nc3cc(Nc4nc(Cn5c(=O)[nH]c6ncc(Nc7ccccc7)cc65)no4)ccc3s2)c2ccccc12,BRICS-02820
O=c1[nH]c(=O)n(-c2nc3cc(Nc4nc(Cn5c(=O)[nH]c6ncc(-c7ccccc7)cc65)no4)ccc3s2)c2ccccc12,BRICS-02821
O=c1[nH]c(=O)n(-c2nc3cc(Nc4nc(Cn5c(=O)[nH]c6ncc(-c7ccc(O)cc7)cc65)no4)ccc3s2)c2ccccc12,BRICS-02822
O=C(O)c1ccc(-c2cnc3[nH]c(=O)n(Cc4noc(Nc5ccc6sc(-n7c(=O)[nH]c(=O)c8ccccc87)nc6c5)n4)c3c2)cc1,BRICS-02823
O=C(Nc1ccc(Nc2ccc3sc(-n4c(=O)[nH]c(=O)c5ccccc54)nc3c2)cc1)c1ccco1,BRICS-02824
O=C(Nc1ccccc1)Nc1ccc(Nc2ccc3sc(-n4c(=O)[nH]c(=O)c5ccccc54)nc3c2)cc1,BRICS-02825
O=C(Nc1ccc(Nc2ccc3sc(-n4c(=O)[nH]c(=O)c5ccccc54)nc3c2)cc1)c1ccccc1,BRICS-02826
N#Cc1ccc(NC(=O)Nc2ccc(Nc3ccc4sc(-n5c(=O)[nH]c(=O)c6ccccc65)nc4c3)cc2)cc1,BRICS-02827
O=c1[nH]c(=O)n(-c2nc3cc(Nc4ccc(Nc5ccc(O)cc5)cc4)ccc3s2)c2ccccc12,BRICS-02828
O=C(O)c1ccc(Nc2ccc(Nc3ccc4sc(-n5c(=O)[nH]c(=O)c6ccccc65)nc4c3)cc2)cc1,BRICS-02829
O=c1[nH]c(=O)n(-c2nc3cc(Nc4ccc(Nc5noc(-c6ccccc6)n5)cc4)ccc3s2)c2ccccc12,BRICS-02830
O=c1[nH]c(=O)n(-c2nc3cc(Nc4ccc(Nc5noc(-c6ccc(O)cc6)n5)cc4)ccc3s2)c2ccccc12,BRICS-02831
O=C(O)c1ccc(-c2nc(Nc3ccc(Nc4ccc5sc(-n6c(=O)[nH]c(=O)c7ccccc76)nc5c4)cc3)no2)cc1,BRICS-02832
O=c1[nH]c(=O)n(-c2nc(Nc3ccc(Nc4ccc5sc(-n6c(=O)[nH]c(=O)c7ccccc76)nc5c4)cc3)no2)c2ccccc12,BRICS-02833
O=c1[nH]c(=O)n(-c2nc3cc(Nc4ccc(Nc5noc(-n6c(=O)[nH]c7ccccc76)n5)cc4)ccc3s2)c2ccccc12,BRICS-02834
N#Cc1ccc(Nc2nc(Nc3ccc(Nc4ccc5sc(-n6c(=O)[nH]c(=O)c7ccccc76)nc5c4)cc3)no2)cc1,BRICS-02835
O=c1[nH]c(=O)n(-c2nc3cc(Nc4ccc(Nc5noc(Nc6ccccc6)n5)cc4)ccc3s2)c2ccccc12,BRICS-02836
O=c1[nH]c(=O)n(-c2nc3cc(Nc4ccc(Nc5noc(Cc6ccccc6)n5)cc4)ccc3s2)c2ccccc12,BRICS-02837
O=c1[nH]c(=O)n(Cc2nc(Nc3ccc(Nc4ccc5sc(-n6c(=O)[nH]c(=O)c7ccccc76)nc5c4)cc3)no2)c2ccccc12,BRICS-02838
O=c1[nH]c(=O)n(-c2nc3cc(Nc4ccc(Nc5ccc(-c6ccccc6)cc5)cc4)ccc3s2)c2ccccc12,BRICS-02839
O=c1[nH]c(=O)n(-c2nc3cc(Nc4ccc(Nc5ccc(-c6ccc(O)cc6)cc5)cc4)ccc3s2)c2ccccc12,BRICS-02840
O=C(O)c1ccc(-c2ccc(Nc3ccc(Nc4ccc5sc(-n6c(=O)[nH]c(=O)c7ccccc76)nc5c4)cc3)cc2)cc1,BRICS-02841
O=c1[nH]c(=O)n(-c2nc3cc(Nc4ccc(Nc5ccc(Cc6ccccc6)cc5)cc4)ccc3s2)c2ccccc12,BRICS-02842
O=c1[nH]c(=O)n(-c2ccc(Nc3ccc(Nc4ccc5sc(-n6c(=O)[nH]c(=O)c7ccccc76)nc5c4)cc3)cc2)c2ccccc12,BRICS-02843
O=c1[nH]c(=O)n(-c2nc3cc(Nc4ccc(Nc5ccc(-n6c(=O)[nH]c7ccccc76)cc5)cc4)ccc3s2)c2ccccc12,BRICS-02844
N#Cc1ccc(Nc2ccc(Nc3ccc(Nc4ccc5sc(-n6c(=O)[nH]c(=O)c7ccccc76)nc5c4)cc3)cc2)cc1,BRICS-02845
O=c1[nH]c(=O)n(-c2nc3cc(Nc4ccc(Nc5ccc(Nc6ccccc6)cc5)cc4)ccc3s2)c2ccccc12,BRICS-02846
O=c1[nH]c(=O)n(-c2nc3cc(Nc4ccc(Nc5ccc(Cc6ccc(O)cc6)cc5)cc4)ccc3s2)c2ccccc12,BRICS-02847
O=C(O)c1ccc(Cc2ccc(Nc3ccc(Nc4ccc5sc(-n6c(=O)[nH]c(=O)c7ccccc76)nc5c4)cc3)cc2)cc1,BRICS-02848
O=c1[nH]c(=O)n(-c2nc3cc(Nc4ccc(Nc5ccc(Cn6c(=O)[nH]c7ccccc76)cc5)cc4)ccc3s2)c2ccccc12,BRICS-02849
O=c1[nH]c(=O)n(-c2nc3cc(Nc4ccc(Nc5cnc6[nH]c(=O)n(Cc7ccccc7)c6c5)cc4)ccc3s2)c2ccccc12,BRICS-02850
O=c1[nH]c(=O)n(-c2nc3cc(Nc4ccc(Nc5cnc6[nH]c(=O)n(Cc7ccc(O)cc7)c6c5)cc4)ccc3s2)c2ccccc12,BRICS-02851
N#Cc1ccc(NS(=O)(=O)c2cc(Nc3ccc(Nc4ccc5sc(-n6c(=O)[nH]c(=O)c7ccccc76)nc5c4)cc3)[nH]n2)cc1,BRICS-02852
O=c1[nH]c(=O)n(-c2nc3cc(Nc4ccc(Nc5cc(S(=O)(=O)Nc6ccccc6)n[nH]5)cc4)ccc3s2)c2ccccc12,BRICS-02853
O=c1[nH]c(=O)n(-c2nc3cc(Nc4ccc(Nc5cnc6[nH]c(=O)n(-c7ccccc7)c6c5)cc4)ccc3s2)c2ccccc12,BRICS-02854
O=c1[nH]c(=O)n(-c2nc3cc(Nc4ccc(Nc5cnc6[nH]c(=O)n(-c7ccc(O)cc7)c6c5)cc4)ccc3s2)c2ccccc12,BRICS-02855
O=c1[nH]c(=O)n(-c2nc3cc(Nc4ccc(Nc5nc(-c6ccccc6)no5)cc4)ccc3s2)c2ccccc12,BRICS-02856
O=c1[nH]c(=O)n(-c2nc3cc(Nc4ccc(Nc5nc(-c6ccc(O)cc6)no5)cc4)ccc3s2)c2ccccc12,BRICS-02857
O=C(O)c1ccc(-c2noc(Nc3ccc(Nc4ccc5sc(-n6c(=O)[nH]c(=O)c7ccccc76)nc5c4)cc3)n2)cc1,BRICS-02858
O=c1[nH]c(=O)n(-c2noc(Nc3ccc(Nc4ccc5sc(-n6c(=O)[nH]c(=O)c7ccccc76)nc5c4)cc3)n2)c2ccccc12,BRICS-02859
O=c1[nH]c(=O)n(-c2nc3cc(Nc4ccc(Nc5nc(-n6c(=O)[nH]c7ccccc76)no5)cc4)ccc3s2)c2ccccc12,BRICS-02860
N#Cc1ccc(Nc2noc(Nc3ccc(Nc4ccc5sc(-n6c(=O)[nH]c(=O)c7ccccc76)nc5c4)cc3)n2)cc1,BRICS-02861
O=c1[nH]c(=O)n(-c2nc3cc(Nc4ccc(Nc5nc(Nc6ccccc6)no5)cc4)ccc3s2)c2ccccc12,BRICS-02862
O=c1[nH]c(=O)n(-c2nc3cc(Nc4ccc(Nc5nc(Cc6ccccc6)no5)cc4)ccc3s2)c2ccccc12,BRICS-02863
O=c1[nH]c(=O)n(Cc2noc(Nc3ccc(Nc4ccc5sc(-n6c(=O)[nH]c(=O)c7ccccc76)nc5c4)cc3)n2)c2ccccc12,BRICS-02864
O=C(NS(=O)(=O)c1cc(Nc2ccc(Nc3ccc4sc(-n5c(=O)[nH]c(=O)c6ccccc65)nc4c3)cc2)[nH]n1)c1ccco1,BRICS-02865
O=c1[nH]c(=O)n(-c2nc3cc(Nc4ccc(Nc5cc(S(=O)(=O)Nc6ccc(O)cc6)n[nH]5)cc4)ccc3s2)c2ccccc12,BRICS-02866
O=C(Nc1ccc2sc(Nc3ccc(Nc4ccc5sc(-n6c(=O)[nH]c(=O)c7ccccc76)nc5c4)cc3)nc2c1)c1ccco1,BRICS-02867
O=c1[nH]c(=O)n(-c2nc3cc(Nc4ccc(Nc5nc6cc(Nc7ccccc7)ccc6s5)cc4)ccc3s2)c2ccccc12,BRICS-02868
O=c1[nH]c(=O)n(-c2nc3cc(Nc4ccc(Nc5nc6cc(Nc7ccc(O)cc7)ccc6s5)cc4)ccc3s2)c2ccccc12,BRICS-02869
O=C(Nc1ccc(Nc2ccc(Nc3ccc4sc(-n5c(=O)[nH]c(=O)c6ccccc65)nc4c3)cc2)cc1)c1ccco1,BRICS-02870
O=C(Nc1ccccc1)Nc1ccc(Nc2ccc(Nc3ccc4sc(-n5c(=O)[nH]c(=O)c6ccccc65)nc4c3)cc2)cc1,BRICS-02871
O=C(Nc1ccc(Nc2ccc(Nc3ccc4sc(-n5c(=O)[nH]c(=O)c6ccccc65)nc4c3)cc2)cc1)c1ccccc1,BRICS-02872
N#Cc1ccc(NC(=O)Nc2ccc(Nc3ccc(Nc4ccc5sc(-n6c(=O)[nH]c(=O)c7ccccc76)nc5c4)cc3)cc2)cc1,BRICS-02873
O=c1[nH]c(=O)n(-c2nc3cc(Nc4ccc(Nc5ccc(Nc6ccc(O)cc6)cc5)cc4)ccc3s2)c2ccccc12,BRICS-02874
O=C(O)c1ccc(Nc2ccc(Nc3ccc(Nc4ccc5sc(-n6c(=O)[nH]c(=O)c7ccccc76)nc5c4)cc3)cc2)cc1,BRICS-02875
O=C(Nc1ccc2sc(Nc3ccc4sc(-n5c(=O)[nH]c(=O)c6ccccc65)nc4c3)nc2c1)c1ccco1,BRICS-02876
O=C(Nc1ccc2sc(Nc3ccc4sc(-n5c(=O)[nH]c(=O)c6ccccc65)nc4c3)nc2c1)c1ccccc1,BRICS-02877
O=c1[nH]c(=O)n(-c2nc3cc(Nc4nc5cc(Nc6ccccc6)ccc5s4)ccc3s2)c2ccccc12,BRICS-02878
O=c1[nH]c(=O)n(-c2nc3cc(Nc4nc5cc(Nc6ccc(O)cc6)ccc5s4)ccc3s2)c2ccccc12,BRICS-02879
O=C(O)c1ccc(Nc2ccc3sc(Nc4ccc5sc(-n6c(=O)[nH]c(=O)c7ccccc76)nc5c4)nc3c2)cc1,BRICS-02880
N#Cc1ccc(Nc2noc(Nc3ccc4sc(Nc5ccc6sc(-n7c(=O)[nH]c(=O)c8ccccc87)nc6c5)nc4c3)n2)cc1,BRICS-02881
O=c1[nH]c(=O)n(-c2nc3cc(Nc4nc5cc(Nc6nc(Nc7ccccc7)no6)ccc5s4)ccc3s2)c2ccccc12,BRICS-02882
O=c1[nH]c(=O)n(-c2nc3cc(Nc4nc5cc(Nc6nc(-c7ccccc7)no6)ccc5s4)ccc3s2)c2ccccc12,BRICS-02883
O=c1[nH]c(=O)n(-c2nc3cc(Nc4nc5cc(Nc6nc(-c7ccc(O)cc7)no6)ccc5s4)ccc3s2)c2ccccc12,BRICS-02884
O=C(O)c1ccc(-c2noc(Nc3ccc4sc(Nc5ccc6sc(-n7c(=O)[nH]c(=O)c8ccccc87)nc6c5)nc4c3)n2)cc1,BRICS-02885
O=c1[nH]c(=O)n(-c2nc3cc(Nc4nc5cc(Nc6nc(Cc7ccccc7)no6)ccc5s4)ccc3s2)c2ccccc12,BRICS-02886
O=c1[nH]c(=O)n(-c2nc3cc(Nc4nc5cc(Nc6ccc(-c7ccccc7)cc6)ccc5s4)ccc3s2)c2ccccc12,BRICS-02887
O=c1[nH]c(=O)n(-c2nc3cc(Nc4nc5cc(Nc6ccc(-c7ccc(O)cc7)cc6)ccc5s4)ccc3s2)c2ccccc12,BRICS-02888
O=c1[nH]c(=O)n(-c2nc3cc(Nc4nc5cc(Nc6ccc(Nc7ccccc7)cc6)ccc5s4)ccc3s2)c2ccccc12,BRICS-02889
O=c1[nH]c(=O)n(-c2nc3cc(Nc4nc5cc(Nc6ccc(Cc7ccccc7)cc6)ccc5s4)ccc3s2)c2ccccc12,BRICS-02890
O=c1[nH]c(=O)n(-c2nc3cc(Nc4nc5cc(Nc6ccc(Cc7ccc(O)cc7)cc6)ccc5s4)ccc3s2)c2ccccc12,BRICS-02891
O=c1[nH]c(=O)n(-c2nc3cc(Nc4nc5cc(Nc6ccc(Nc7ccc(O)cc7)cc6)ccc5s4)ccc3s2)c2ccccc12,BRICS-02892
O=C(Nc1ccc(Nc2ccc3sc(Nc4ccc5sc(-n6c(=O)[nH]c(=O)c7ccccc76)nc5c4)nc3c2)cc1)c1ccco1,BRICS-02893
N#Cc1ccc(Nc2nc(Nc3ccc4sc(Nc5ccc6sc(-n7c(=O)[nH]c(=O)c8ccccc87)nc6c5)nc4c3)no2)cc1,BRICS-02894
O=c1[nH]c(=O)n(-c2nc3cc(Nc4nc5cc(Nc6noc(Nc7ccccc7)n6)ccc5s4)ccc3s2)c2ccccc12,BRICS-02895
O=c1[nH]c(=O)n(-c2nc3cc(Nc4nc5cc(Nc6noc(-c7ccccc7)n6)ccc5s4)ccc3s2)c2ccccc12,BRICS-02896
O=c1[nH]c(=O)n(-c2nc3cc(Nc4nc5cc(Nc6noc(-c7ccc(O)cc7)n6)ccc5s4)ccc3s2)c2ccccc12,BRICS-02897
O=C(O)c1ccc(-c2nc(Nc3ccc4sc(Nc5ccc6sc(-n7c(=O)[nH]c(=O)c8ccccc87)nc6c5)nc4c3)no2)cc1,BRICS-02898
O=c1[nH]c(=O)n(-c2nc3cc(Nc4nc5cc(Nc6noc(Cc7ccccc7)n6)ccc5s4)ccc3s2)c2ccccc12,BRICS-02899
O=c1[nH]c(=O)n(-c2nc3cc(Nc4cnc5[nH]c(=O)n(-c6ccccc6)c5c4)ccc3s2)c2ccccc12,BRICS-02900
O=c1[nH]c(=O)n(-c2nc3cc(Nc4cnc5[nH]c(=O)n(-c6ccc(O)cc6)c5c4)ccc3s2)c2ccccc12,BRICS-02901
O=C(O)c1ccc(-n2c(=O)[nH]c3ncc(Nc4ccc5sc(-n6c(=O)[nH]c(=O)c7ccccc76)nc5c4)cc32)cc1,BRICS-02902
O=C(Nc1ccc(-n2c(=O)[nH]c3ncc(Nc4ccc5sc(-n6c(=O)[nH]c(=O)c7ccccc76)nc5c4)cc32)cc1)c1ccco1,BRICS-02903
O=C(Nc1ccc(-n2c(=O)[nH]c3ncc(Nc4ccc5sc(-n6c(=O)[nH]c(=O)c7ccccc76)nc5c4)cc32)cc1)c1ccccc1,BRICS-02904
O=c1[nH]c(=O)n(-c2nc3cc(Nc4cnc5[nH]c(=O)n(-c6ccc(Nc7ccccc7)cc6)c5c4)ccc3s2)c2ccccc12,BRICS-02905
O=c1[nH]c(=O)n(-c2nc3cc(Nc4cnc5[nH]c(=O)n(-c6ccc(Nc7ccc(O)cc7)cc6)c5c4)ccc3s2)c2ccccc12,BRICS-02906
O=c1[nH]c(=O)n(-c2nc3cc(Nc4cnc5[nH]c(=O)n(-c6ccc(Cc7ccccc7)cc6)c5c4)ccc3s2)c2ccccc12,BRICS-02907
O=c1[nH]c(=O)n(-c2nc3cc(Nc4cnc5[nH]c(=O)n(-c6ccc(Cc7ccc(O)cc7)cc6)c5c4)ccc3s2)c2ccccc12,BRICS-02908
O=c1[nH]c(=O)n(-c2nc3cc(Nc4cnc5[nH]c(=O)n(-c6noc(-c7ccccc7)n6)c5c4)ccc3s2)c2ccccc12,BRICS-02909
O=c1[nH]c(=O)n(-c2nc3cc(Nc4cnc5[nH]c(=O)n(-c6noc(-c7ccc(O)cc7)n6)c5c4)ccc3s2)c2ccccc12,BRICS-02910
O=C(O)c1ccc(-c2nc(-n3c(=O)[nH]c4ncc(Nc5ccc6sc(-n7c(=O)[nH]c(=O)c8ccccc87)nc6c5)cc43)no2)cc1,BRICS-02911
O=c1[nH]c(=O)n(-c2nc3cc(Nc4cnc5[nH]c(=O)n(-c6noc(-n7c(=O)[nH]c8ccccc87)n6)c5c4)ccc3s2)c2ccccc12,BRICS-02912
O=c1[nH]c(=O)n(-c2nc3cc(Nc4cnc5[nH]c(=O)n(-c6noc(Cc7ccccc7)n6)c5c4)ccc3s2)c2ccccc12,BRICS-02913
N#Cc1ccc(Nc2nc(-n3c(=O)[nH]c4ncc(Nc5ccc6sc(-n7c(=O)[nH]c(=O)c8ccccc87)nc6c5)cc43)no2)cc1,BRICS-02914
O=c1[nH]c(=O)n(-c2nc3cc(Nc4cnc5[nH]c(=O)n(-c6noc(Nc7ccccc7)n6)c5c4)ccc3s2)c2ccccc12,BRICS-02915
O=c1[nH]c(=O)n(-c2nc3cc(Nc4cnc5[nH]c(=O)n(-c6nc(-c7ccccc7)no6)c5c4)ccc3s2)c2ccccc12,BRICS-02916
O=c1[nH]c(=O)n(-c2nc3cc(Nc4cnc5[nH]c(=O)n(-c6nc(-c7ccc(O)cc7)no6)c5c4)ccc3s2)c2ccccc12,BRICS-02917
O=C(O)c1ccc(-c2noc(-n3c(=O)[nH]c4ncc(Nc5ccc6sc(-n7c(=O)[nH]c(=O)c8ccccc87)nc6c5)cc43)n2)cc1,BRICS-02918
O=c1[nH]c(=O)n(-c2nc3cc(Nc4cnc5[nH]c(=O)n(-c6nc(-n7c(=O)[nH]c8ccccc87)no6)c5c4)ccc3s2)c2ccccc12,BRICS-02919
O=c1[nH]c(=O)n(-c2nc3cc(Nc4cnc5[nH]c(=O)n(-c6nc(Cc7ccccc7)no6)c5c4)ccc3s2)c2ccccc12,BRICS-02920
N#Cc1ccc(Nc2noc(-n3c(=O)[nH]c4ncc(Nc5ccc6sc(-n7c(=O)[nH]c(=O)c8ccccc87)nc6c5)cc43)n2)cc1,BRICS-02921
O=c1[nH]c(=O)n(-c2nc3cc(Nc4cnc5[nH]c(=O)n(-c6nc(Nc7ccccc7)no6)c5c4)ccc3s2)c2ccccc12,BRICS-02922
O=c1[nH]c(=O)n(-c2nc3cc(Nc4cnc5[nH]c(=O)n(-c6ccc(-c7ccccc7)cc6)c5c4)ccc3s2)c2ccccc12,BRICS-02923
O=c1[nH]c(=O)n(-c2nc3cc(Nc4cnc5[nH]c(=O)n(-c6ccc(-c7ccc(O)cc7)cc6)c5c4)ccc3s2)c2ccccc12,BRICS-02924
O=C(O)c1ccc(-c2ccc(-n3c(=O)[nH]c4ncc(Nc5ccc6sc(-n7c(=O)[nH]c(=O)c8ccccc87)nc6c5)cc43)cc2)cc1,BRICS-02925
N#Cc1ccc(Nc2ccc(-n3c(=O)[nH]c4ncc(Nc5ccc6sc(-n7c(=O)[nH]c(=O)c8ccccc87)nc6c5)cc43)cc2)cc1,BRICS-02926
O=c1[nH]c(=O)n(-c2cnc3[nH]c(=O)n(Cc4ccccc4)c3c2)c2ccccc12,BRICS-02927
O=c1[nH]c(=O)n(-c2cnc3[nH]c(=O)n(Cc4ccc(O)cc4)c3c2)c2ccccc12,BRICS-02928
O=C(O)c1ccc(Cn2c(=O)[nH]c3ncc(-n4c(=O)[nH]c(=O)c5ccccc54)cc32)cc1,BRICS-02929
O=c1[nH]c(=O)n(Cn2c(=O)[nH]c3ncc(-n4c(=O)[nH]c(=O)c5ccccc54)cc32)c2ccccc12,BRICS-02930
O=c1[nH]c(=O)n(-c2cnc3[nH]c(=O)n(Cn4c(=O)[nH]c5ccccc54)c3c2)c2ccccc12,BRICS-02931
O=c1[nH]c(=O)n(-c2cnc3[nH]c(=O)n(Cn4c(=O)[nH]c5ncc(-n6c(=O)[nH]c(=O)c7ccccc76)cc54)c3c2)c2ccccc12,BRICS-02932
O=c1[nH]c(=O)n(-c2cnc3[nH]c(=O)n(Cn4c(=O)[nH]c5ncc(-n6c(=O)[nH]c7ccccc76)cc54)c3c2)c2ccccc12,BRICS-02933
O=c1[nH]c(=O)n(-c2cnc3[nH]c(=O)n(Cn4c(=O)[nH]c5ncc(-c6ccccc6)cc54)c3c2)c2ccccc12,BRICS-02934
O=c1[nH]c(=O)n(-c2cnc3[nH]c(=O)n(Cn4c(=O)[nH]c5ncc(-c6ccc(O)cc6)cc54)c3c2)c2ccccc12,BRICS-02935
O=C(O)c1ccc(-c2cnc3[nH]c(=O)n(Cn4c(=O)[nH]c5ncc(-n6c(=O)[nH]c(=O)c7ccccc76)cc54)c3c2)cc1,BRICS-02936
N#Cc1ccc(Nc2cnc3[nH]c(=O)n(Cn4c(=O)[nH]c5ncc(-n6c(=O)[nH]c(=O)c7ccccc76)cc54)c3c2)cc1,BRICS-02937
O=c1[nH]c(=O)n(-c2cnc3[nH]c(=O)n(Cn4c(=O)[nH]c5ncc(Nc6ccccc6)cc54)c3c2)c2ccccc12,BRICS-02938
O=c1[nH]c(=O)n(-c2cnc3[nH]c(=O)n(Cn4c(=O)[nH]c5ncc(Cc6ccccc6)cc54)c3c2)c2ccccc12,BRICS-02939
O=c1[nH]c(=O)n(Cc2cnc3[nH]c(=O)n(Cn4c(=O)[nH]c5ncc(-n6c(=O)[nH]c(=O)c7ccccc76)cc54)c3c2)c2ccccc12,BRICS-02940
O=c1[nH]c(=O)n(-c2cnc3[nH]c(=O)n(Cn4c(=O)[nH]c5ncc(-c6noc(-c7ccccc7)n6)cc54)c3c2)c2ccccc12,BRICS-02941
O=c1[nH]c(=O)n(-c2cnc3[nH]c(=O)n(Cn4c(=O)[nH]c5ncc(-c6noc(-c7ccc(O)cc7)n6)cc54)c3c2)c2ccccc12,BRICS-02942
O=C(O)c1ccc(-c2nc(-c3cnc4[nH]c(=O)n(Cn5c(=O)[nH]c6ncc(-n7c(=O)[nH]c(=O)c8ccccc87)cc65)c4c3)no2)cc1,BRICS-02943
O=c1[nH]c(=O)n(-c2cnc3[nH]c(=O)n(Cn4c(=O)[nH]c5ncc(-c6noc(-n7c(=O)[nH]c8ccccc87)n6)cc54)c3c2)c2ccccc12,BRICS-02944
O=c1[nH]c(=O)n(-c2cnc3[nH]c(=O)n(Cn4c(=O)[nH]c5ncc(-c6noc(Cc7ccccc7)n6)cc54)c3c2)c2ccccc12,BRICS-02945
N#Cc1ccc(Nc2nc(-c3cnc4[nH]c(=O)n(Cn5c(=O)[nH]c6ncc(-n7c(=O)[nH]c(=O)c8ccccc87)cc65)c4c3)no2)cc1,BRICS-02946
O=c1[nH]c(=O)n(-c2cnc3[nH]c(=O)n(Cn4c(=O)[nH]c5ncc(-c6noc(Nc7ccccc7)n6)cc54)c3c2)c2ccccc12,BRICS-02947
O=c1[nH]c(=O)n(-c2cnc3[nH]c(=O)n(Cn4c(=O)[nH]c5ncc(-c6ccc(Cc7ccccc7)cc6)cc54)c3c2)c2ccccc12,BRICS-02948
O=c1[nH]c(=O)n(-c2cnc3[nH]c(=O)n(Cn4c(=O)[nH]c5ncc(-c6ccc(Cc7ccc(O)cc7)cc6)cc54)c3c2)c2ccccc12,BRICS-02949
O=c1[nH]c(=O)n(-c2cnc3[nH]c(=O)n(Cn4c(=O)[nH]c5ncc(-c6ccc(-c7ccccc7)cc6)cc54)c3c2)c2ccccc12,BRICS-02950
O=c1[nH]c(=O)n(-c2cnc3[nH]c(=O)n(Cn4c(=O)[nH]c5ncc(-c6ccc(-c7ccc(O)cc7)cc6)cc54)c3c2)c2ccccc12,BRICS-02951
O=C(O)c1ccc(-c2ccc(-c3cnc4[nH]c(=O)n(Cn5c(=O)[nH]c6ncc(-n7c(=O)[nH]c(=O)c8ccccc87)cc65)c4c3)cc2)cc1,BRICS-02952
N#Cc1ccc(Nc2ccc(-c3cnc4[nH]c(=O)n(Cn5c(=O)[nH]c6ncc(-n7c(=O)[nH]c(=O)c8ccccc87)cc65)c4c3)cc2)cc1,BRICS-02953
O=c1[nH]c(=O)n(-c2cnc3[nH]c(=O)n(Cn4c(=O)[nH]c5ncc(-c6ccc(Nc7ccccc7)cc6)cc54)c3c2)c2ccccc12,BRICS-02954
O=C(Nc1ccc(-c2cnc3[nH]c(=O)n(Cn4c(=O)[nH]c5ncc(-n6c(=O)[nH]c(=O)c7ccccc76)cc54)c3c2)cc1)c1ccco1,BRICS-02955
O=C(Nc1ccc(-c2cnc3[nH]c(=O)n(Cn4c(=O)[nH]c5ncc(-n6c(=O)[nH]c(=O)c7ccccc76)cc54)c3c2)cc1)c1ccccc1,BRICS-02956
O=c1[nH]c(=O)n(-c2cnc3[nH]c(=O)n(Cn4c(=O)[nH]c5ncc(-c6ccc(Nc7ccc(O)cc7)cc6)cc54)c3c2)c2ccccc12,BRICS-02957
O=c1[nH]c(=O)n(-c2cnc3[nH]c(=O)n(Cn4c(=O)[nH]c5ncc(-c6nc(-c7ccccc7)no6)cc54)c3c2)c2ccccc12,BRICS-02958
O=c1[nH]c(=O)n(-c2cnc3[nH]c(=O)n(Cn4c(=O)[nH]c5ncc(-c6nc(-c7ccc(O)cc7)no6)cc54)c3c2)c2ccccc12,BRICS-02959
O=C(O)c1ccc(-c2noc(-c3cnc4[nH]c(=O)n(Cn5c(=O)[nH]c6ncc(-n7c(=O)[nH]c(=O)c8ccccc87)cc65)c4c3)n2)cc1,BRICS-02960
O=c1[nH]c(=O)n(-c2cnc3[nH]c(=O)n(Cn4c(=O)[nH]c5ncc(-c6nc(-n7c(=O)[nH]c8ccccc87)no6)cc54)c3c2)c2ccccc12,BRICS-02961
O=c1[nH]c(=O)n(-c2cnc3[nH]c(=O)n(Cn4c(=O)[nH]c5ncc(-c6nc(Cc7ccccc7)no6)cc54)c3c2)c2ccccc12,BRICS-02962
N#Cc1ccc(Nc2noc(-c3cnc4[nH]c(=O)n(Cn5c(=O)[nH]c6ncc(-n7c(=O)[nH]c(=O)c8ccccc87)cc65)c4c3)n2)cc1,BRICS-02963
O=c1[nH]c(=O)n(-c2cnc3[nH]c(=O)n(Cn4c(=O)[nH]c5ncc(-c6nc(Nc7ccccc7)no6)cc54)c3c2)c2ccccc12,BRICS-02964
O=c1[nH]c(=O)n(-c2cnc3[nH]c(=O)n(Cc4cnc5[nH]c(=O)n(-c6ccccc6)c5c4)c3c2)c2ccccc12,BRICS-02965
O=c1[nH]c(=O)n(-c2cnc3[nH]c(=O)n(Cc4cnc5[nH]c(=O)n(-c6ccc(O)cc6)c5c4)c3c2)c2ccccc12,BRICS-02966
O=C(O)c1ccc(-n2c(=O)[nH]c3ncc(Cn4c(=O)[nH]c5ncc(-n6c(=O)[nH]c(=O)c7ccccc76)cc54)cc32)cc1,BRICS-02967
O=c1[nH]c(=O)n(-c2cnc3[nH]c(=O)n(Cc4cnc5[nH]c(=O)n(Cc6ccccc6)c5c4)c3c2)c2ccccc12,BRICS-02968
O=c1[nH]c(=O)n(Cn2c(=O)[nH]c3ncc(Cn4c(=O)[nH]c5ncc(-n6c(=O)[nH]c(=O)c7ccccc76)cc54)cc32)c2ccccc12,BRICS-02969
O=c1[nH]c(=O)n(-c2cnc3[nH]c(=O)n(Cc4cnc5[nH]c(=O)n(Cc6ccc(-c7ccccc7)cc6)c5c4)c3c2)c2ccccc12,BRICS-02970
O=c1[nH]c(=O)n(-c2cnc3[nH]c(=O)n(Cc4cnc5[nH]c(=O)n(Cc6ccc(-c7ccc(O)cc7)cc6)c5c4)c3c2)c2ccccc12,BRICS-02971
N#Cc1ccc(Nc2ccc(Cn3c(=O)[nH]c4ncc(Cn5c(=O)[nH]c6ncc(-n7c(=O)[nH]c(=O)c8ccccc87)cc65)cc43)cc2)cc1,BRICS-02972
O=c1[nH]c(=O)n(-c2cnc3[nH]c(=O)n(Cc4cnc5[nH]c(=O)n(Cc6ccc(Nc7ccccc7)cc6)c5c4)c3c2)c2ccccc12,BRICS-02973
O=c1[nH]c(=O)n(-c2cnc3[nH]c(=O)n(Cc4cnc5[nH]c(=O)n(Cc6ccc(Cc7ccccc7)cc6)c5c4)c3c2)c2ccccc12,BRICS-02974
O=c1[nH]c(=O)n(-c2cnc3[nH]c(=O)n(Cc4cnc5[nH]c(=O)n(-c6noc(-c7ccccc7)n6)c5c4)c3c2)c2ccccc12,BRICS-02975
O=c1[nH]c(=O)n(-c2cnc3[nH]c(=O)n(Cc4cnc5[nH]c(=O)n(-c6noc(-c7ccc(O)cc7)n6)c5c4)c3c2)c2ccccc12,BRICS-02976
O=C(O)c1ccc(-c2nc(-n3c(=O)[nH]c4ncc(Cn5c(=O)[nH]c6ncc(-n7c(=O)[nH]c(=O)c8ccccc87)cc65)cc43)no2)cc1,BRICS-02977
O=c1[nH]c(=O)n(-c2cnc3[nH]c(=O)n(Cc4cnc5[nH]c(=O)n(-c6noc(Cc7ccccc7)n6)c5c4)c3c2)c2ccccc12,BRICS-02978
O=c1[nH]c(=O)n(-c2cnc3[nH]c(=O)n(Cc4cnc5[nH]c(=O)n(-c6noc(-n7c(=O)[nH]c8ccccc87)n6)c5c4)c3c2)c2ccccc12,BRICS-02979
N#Cc1ccc(Nc2nc(-n3c(=O)[nH]c4ncc(Cn5c(=O)[nH]c6ncc(-n7c(=O)[nH]c(=O)c8ccccc87)cc65)cc43)no2)cc1,BRICS-02980
O=c1[nH]c(=O)n(-c2cnc3[nH]c(=O)n(Cc4cnc5[nH]c(=O)n(-c6noc(Nc7ccccc7)n6)c5c4)c3c2)c2ccccc12,BRICS-02981
O=c1[nH]c(=O)n(-c2cnc3[nH]c(=O)n(Cc4cnc5[nH]c(=O)n(-c6ccc(Cc7ccccc7)cc6)c5c4)c3c2)c2ccccc12,BRICS-02982
O=c1[nH]c(=O)n(-c2cnc3[nH]c(=O)n(Cc4cnc5[nH]c(=O)n(-c6ccc(Cc7ccc(O)cc7)cc6)c5c4)c3c2)c2ccccc12,BRICS-02983
O=c1[nH]c(=O)n(-c2cnc3[nH]c(=O)n(Cc4cnc5[nH]c(=O)n(-c6ccc(-c7ccccc7)cc6)c5c4)c3c2)c2ccccc12,BRICS-02984
O=c1[nH]c(=O)n(-c2cnc3[nH]c(=O)n(Cc4cnc5[nH]c(=O)n(-c6ccc(-c7ccc(O)cc7)cc6)c5c4)c3c2)c2ccccc12,BRICS-02985
O=C(O)c1ccc(-c2ccc(-n3c(=O)[nH]c4ncc(Cn5c(=O)[nH]c6ncc(-n7c(=O)[nH]c(=O)c8ccccc87)cc65)cc43)cc2)cc1,BRICS-02986
N#Cc1ccc(Nc2ccc(-n3c(=O)[nH]c4ncc(Cn5c(=O)[nH]c6ncc(-n7c(=O)[nH]c(=O)c8ccccc87)cc65)cc43)cc2)cc1,BRICS-02987
O=c1[nH]c(=O)n(-c2cnc3[nH]c(=O)n(Cc4cnc5[nH]c(=O)n(-c6ccc(Nc7ccccc7)cc6)c5c4)c3c2)c2ccccc12,BRICS-02988
O=c1[nH]c(=O)n(-c2cnc3[nH]c(=O)n(Cc4cnc5[nH]c(=O)n(-c6nc(-c7ccccc7)no6)c5c4)c3c2)c2ccccc12,BRICS-02989
O=c1[nH]c(=O)n(-c2cnc3[nH]c(=O)n(Cc4cnc5[nH]c(=O)n(-c6nc(-c7ccc(O)cc7)no6)c5c4)c3c2)c2ccccc12,BRICS-02990
O=C(O)c1ccc(-c2noc(-n3c(=O)[nH]c4ncc(Cn5c(=O)[nH]c6ncc(-n7c(=O)[nH]c(=O)c8ccccc87)cc65)cc43)n2)cc1,BRICS-02991
O=c1[nH]c(=O)n(-c2cnc3[nH]c(=O)n(Cc4cnc5[nH]c(=O)n(-c6nc(Cc7ccccc7)no6)c5c4)c3c2)c2ccccc12,BRICS-02992
O=c1[nH]c(=O)n(-c2cnc3[nH]c(=O)n(Cc4cnc5[nH]c(=O)n(-c6nc(-n7c(=O)[nH]c8ccccc87)no6)c5c4)c3c2)c2ccccc12,BRICS-02993
N#Cc1ccc(Nc2noc(-n3c(=O)[nH]c4ncc(Cn5c(=O)[nH]c6ncc(-n7c(=O)[nH]c(=O)c8ccccc87)cc65)cc43)n2)cc1,BRICS-02994
O=c1[nH]c(=O)n(-c2cnc3[nH]c(=O)n(Cc4cnc5[nH]c(=O)n(-c6nc(Nc7ccccc7)no6)c5c4)c3c2)c2ccccc12,BRICS-02995
O=C(Nc1ccc(-n2c(=O)[nH]c3ncc(Cn4c(=O)[nH]c5ncc(-n6c(=O)[nH]c(=O)c7ccccc76)cc54)cc32)cc1)c1ccco1,BRICS-02996
O=C(Nc1ccc(-n2c(=O)[nH]c3ncc(Cn4c(=O)[nH]c5ncc(-n6c(=O)[nH]c(=O)c7ccccc76)cc54)cc32)cc1)c1ccccc1,BRICS-02997
O=c1[nH]c(=O)n(-c2cnc3[nH]c(=O)n(Cc4cnc5[nH]c(=O)n(-c6ccc(Nc7ccc(O)cc7)cc6)c5c4)c3c2)c2ccccc12,BRICS-02998
O=c1[nH]c(=O)n(-c2ccc(Cn3c(=O)[nH]c4ncc(-n5c(=O)[nH]c(=O)c6ccccc65)cc43)cc2)c2ccccc12,BRICS-02999
O=c1[nH]c(=O)n(-c2cnc3[nH]c(=O)n(Cc4ccc(-n5c(=O)[nH]c6ccccc65)cc4)c3c2)c2ccccc12,BRICS-03000
O=c1[nH]c(=O)n(-c2cnc3[nH]c(=O)n(Cc4ccc(-c5ccccc5)cc4)c3c2)c2ccccc12,BRICS-03001
O=c1[nH]c(=O)n(-c2cnc3[nH]c(=O)n(Cc4ccc(-c5ccc(O)cc5)cc4)c3c2)c2ccccc12,BRICS-03002
O=C(O)c1ccc(-c2ccc(Cn3c(=O)[nH]c4ncc(-n5c(=O)[nH]c(=O)c6ccccc65)cc43)cc2)cc1,BRICS-03003
N#Cc1ccc(Nc2ccc(Cn3c(=O)[nH]c4ncc(-n5c(=O)[nH]c(=O)c6ccccc65)cc43)cc2)cc1,BRICS-03004
O=c1[nH]c(=O)n(-c2cnc3[nH]c(=O)n(Cc4ccc(Nc5ccccc5)cc4)c3c2)c2ccccc12,BRICS-03005
O=c1[nH]c(=O)n(-c2cnc3[nH]c(=O)n(Cc4ccc(Cc5ccccc5)cc4)c3c2)c2ccccc12,BRICS-03006
O=c1[nH]c(=O)n(-c2cnc3[nH]c(=O)n(Cc4ccc(-n5c(=O)[nH]c6ncc(-c7ccccc7)cc65)cc4)c3c2)c2ccccc12,BRICS-03007
O=c1[nH]c(=O)n(-c2cnc3[nH]c(=O)n(Cc4ccc(-n5c(=O)[nH]c6ncc(-c7ccc(O)cc7)cc65)cc4)c3c2)c2ccccc12,BRICS-03008
O=C(O)c1ccc(-c2cnc3[nH]c(=O)n(-c4ccc(Cn5c(=O)[nH]c6ncc(-n7c(=O)[nH]c(=O)c8ccccc87)cc65)cc4)c3c2)cc1,BRICS-03009
O=c1[nH]c(=O)n(-c2cnc3[nH]c(=O)n(Cc4ccc(-n5c(=O)[nH]c6ncc(Cc7ccccc7)cc65)cc4)c3c2)c2ccccc12,BRICS-03010
N#Cc1ccc(Nc2cnc3[nH]c(=O)n(-c4ccc(Cn5c(=O)[nH]c6ncc(-n7c(=O)[nH]c(=O)c8ccccc87)cc65)cc4)c3c2)cc1,BRICS-03011
O=c1[nH]c(=O)n(-c2cnc3[nH]c(=O)n(Cc4ccc(-n5c(=O)[nH]c6ncc(Nc7ccccc7)cc65)cc4)c3c2)c2ccccc12,BRICS-03012
O=c1[nH]c(=O)n(-c2cnc3[nH]c(=O)n(Cc4ccc(-c5cnc6[nH]c(=O)n(-c7ccccc7)c6c5)cc4)c3c2)c2ccccc12,BRICS-03013
O=c1[nH]c(=O)n(-c2cnc3[nH]c(=O)n(Cc4ccc(-c5cnc6[nH]c(=O)n(-c7ccc(O)cc7)c6c5)cc4)c3c2)c2ccccc12,BRICS-03014
O=C(O)c1ccc(-n2c(=O)[nH]c3ncc(-c4ccc(Cn5c(=O)[nH]c6ncc(-n7c(=O)[nH]c(=O)c8ccccc87)cc65)cc4)cc32)cc1,BRICS-03015
O=c1[nH]c(=O)n(-c2cnc3[nH]c(=O)n(Cc4ccc(-c5cnc6[nH]c(=O)n(Cc7ccccc7)c6c5)cc4)c3c2)c2ccccc12,BRICS-03016
O=c1[nH]c(=O)n(-c2cnc3[nH]c(=O)n(Cc4ccc(-c5nc6cc(Nc7ccccc7)ccc6s5)cc4)c3c2)c2ccccc12,BRICS-03017
O=c1[nH]c(=O)n(-c2cnc3[nH]c(=O)n(Cc4ccc(-c5nc6cc(Nc7ccc(O)cc7)ccc6s5)cc4)c3c2)c2ccccc12,BRICS-03018
O=C(Nc1ccc2sc(-c3ccc(Cn4c(=O)[nH]c5ncc(-n6c(=O)[nH]c(=O)c7ccccc76)cc54)cc3)nc2c1)c1ccco1,BRICS-03019
O=C(Nc1ccc2sc(-c3ccc(Cn4c(=O)[nH]c5ncc(-n6c(=O)[nH]c(=O)c7ccccc76)cc54)cc3)nc2c1)c1ccccc1,BRICS-03020
O=c1[nH]c(=O)n(-c2cnc3[nH]c(=O)n(Cc4ccc(-c5ccc(-c6ccccc6)cc5)cc4)c3c2)c2ccccc12,BRICS-03021
O=c1[nH]c(=O)n(-c2cnc3[nH]c(=O)n(Cc4ccc(-c5ccc(-c6ccc(O)cc6)cc5)cc4)c3c2)c2ccccc12,BRICS-03022
O=C(O)c1ccc(-c2ccc(-c3ccc(Cn4c(=O)[nH]c5ncc(-n6c(=O)[nH]c(=O)c7ccccc76)cc54)cc3)cc2)cc1,BRICS-03023
O=c1[nH]c(=O)n(-c2cnc3[nH]c(=O)n(Cc4ccc(-c5ccc(Cc6ccccc6)cc5)cc4)c3c2)c2ccccc12,BRICS-03024
O=c1[nH]c(=O)n(-c2ccc(-c3ccc(Cn4c(=O)[nH]c5ncc(-n6c(=O)[nH]c(=O)c7ccccc76)cc54)cc3)cc2)c2ccccc12,BRICS-03025
O=c1[nH]c(=O)n(-c2cnc3[nH]c(=O)n(Cc4ccc(-c5ccc(-n6c(=O)[nH]c7ccccc76)cc5)cc4)c3c2)c2ccccc12,BRICS-03026
N#Cc1ccc(Nc2ccc(-c3ccc(Cn4c(=O)[nH]c5ncc(-n6c(=O)[nH]c(=O)c7ccccc76)cc54)cc3)cc2)cc1,BRICS-03027
O=c1[nH]c(=O)n(-c2cnc3[nH]c(=O)n(Cc4ccc(-c5ccc(Nc6ccccc6)cc5)cc4)c3c2)c2ccccc12,BRICS-03028
O=c1[nH]c(=O)n(-c2cnc3[nH]c(=O)n(Cc4ccc(-c5nc(-c6ccccc6)no5)cc4)c3c2)c2ccccc12,BRICS-03029
O=c1[nH]c(=O)n(-c2cnc3[nH]c(=O)n(Cc4ccc(-c5nc(-c6ccc(O)cc6)no5)cc4)c3c2)c2ccccc12,BRICS-03030
O=C(O)c1ccc(-c2noc(-c3ccc(Cn4c(=O)[nH]c5ncc(-n6c(=O)[nH]c(=O)c7ccccc76)cc54)cc3)n2)cc1,BRICS-03031
N#Cc1ccc(Nc2noc(-c3ccc(Cn4c(=O)[nH]c5ncc(-n6c(=O)[nH]c(=O)c7ccccc76)cc54)cc3)n2)cc1,BRICS-03032
O=c1[nH]c(=O)n(-c2cnc3[nH]c(=O)n(Cc4ccc(-c5nc(Nc6ccccc6)no5)cc4)c3c2)c2ccccc12,BRICS-03033
O=c1[nH]c(=O)n(-c2cnc3[nH]c(=O)n(Cc4ccc(-c5nc(Cc6ccccc6)no5)cc4)c3c2)c2ccccc12,BRICS-03034
O=c1[nH]c(=O)n(Cc2noc(-c3ccc(Cn4c(=O)[nH]c5ncc(-n6c(=O)[nH]c(=O)c7ccccc76)cc54)cc3)n2)c2ccccc12,BRICS-03035
O=c1[nH]c(=O)n(-c2cnc3[nH]c(=O)n(Cc4ccc(-c5nc(-n6c(=O)[nH]c(=O)c7ccccc76)no5)cc4)c3c2)c2ccccc12,BRICS-03036
O=c1[nH]c(=O)n(-c2cnc3[nH]c(=O)n(Cc4ccc(-c5nc(-n6c(=O)[nH]c7ccccc76)no5)cc4)c3c2)c2ccccc12,BRICS-03037
O=c1[nH]c(=O)n(-c2cnc3[nH]c(=O)n(Cc4ccc(-c5noc(-c6ccccc6)n5)cc4)c3c2)c2ccccc12,BRICS-03038
O=c1[nH]c(=O)n(-c2cnc3[nH]c(=O)n(Cc4ccc(-c5noc(-c6ccc(O)cc6)n5)cc4)c3c2)c2ccccc12,BRICS-03039
O=C(O)c1ccc(-c2nc(-c3ccc(Cn4c(=O)[nH]c5ncc(-n6c(=O)[nH]c(=O)c7ccccc76)cc54)cc3)no2)cc1,BRICS-03040
N#Cc1ccc(Nc2nc(-c3ccc(Cn4c(=O)[nH]c5ncc(-n6c(=O)[nH]c(=O)c7ccccc76)cc54)cc3)no2)cc1,BRICS-03041
O=c1[nH]c(=O)n(-c2cnc3[nH]c(=O)n(Cc4ccc(-c5noc(Nc6ccccc6)n5)cc4)c3c2)c2ccccc12,BRICS-03042
O=c1[nH]c(=O)n(-c2cnc3[nH]c(=O)n(Cc4ccc(-c5noc(Cc6ccccc6)n5)cc4)c3c2)c2ccccc12,BRICS-03043
O=c1[nH]c(=O)n(Cc2nc(-c3ccc(Cn4c(=O)[nH]c5ncc(-n6c(=O)[nH]c(=O)c7ccccc76)cc54)cc3)no2)c2ccccc12,BRICS-03044
O=c1[nH]c(=O)n(-c2cnc3[nH]c(=O)n(Cc4ccc(-c5noc(-n6c(=O)[nH]c(=O)c7ccccc76)n5)cc4)c3c2)c2ccccc12,BRICS-03045
O=c1[nH]c(=O)n(-c2cnc3[nH]c(=O)n(Cc4ccc(-c5noc(-n6c(=O)[nH]c7ccccc76)n5)cc4)c3c2)c2ccccc12,BRICS-03046
O=c1[nH]c(=O)n(-c2cnc3[nH]c(=O)n(Cc4ccc(NS(=O)(=O)c5cc(-c6ccccc6)[nH]n5)cc4)c3c2)c2ccccc12,BRICS-03047
O=c1[nH]c(=O)n(-c2cnc3[nH]c(=O)n(Cc4ccc(NS(=O)(=O)c5cc(-c6ccc(O)cc6)[nH]n5)cc4)c3c2)c2ccccc12,BRICS-03048
N#Cc1ccc(Nc2cc(S(=O)(=O)Nc3ccc(Cn4c(=O)[nH]c5ncc(-n6c(=O)[nH]c(=O)c7ccccc76)cc54)cc3)n[nH]2)cc1,BRICS-03049
O=c1[nH]c(=O)n(-c2cnc3[nH]c(=O)n(Cc4ccc(NS(=O)(=O)c5cc(Nc6ccccc6)[nH]n5)cc4)c3c2)c2ccccc12,BRICS-03050
O=c1[nH]c(=O)n(-c2cnc3[nH]c(=O)n(Cc4ccc(NS(=O)(=O)c5cc(Cc6ccccc6)[nH]n5)cc4)c3c2)c2ccccc12,BRICS-03051
O=c1[nH]c(=O)n(-c2cnc3[nH]c(=O)n(Cc4ccc(-c5ccc(Nc6ccc(O)cc6)cc5)cc4)c3c2)c2ccccc12,BRICS-03052
O=C(O)c1ccc(Nc2ccc(-c3ccc(Cn4c(=O)[nH]c5ncc(-n6c(=O)[nH]c(=O)c7ccccc76)cc54)cc3)cc2)cc1,BRICS-03053
O=C(Nc1ccc(-c2ccc(Cn3c(=O)[nH]c4ncc(-n5c(=O)[nH]c(=O)c6ccccc65)cc43)cc2)cc1)c1ccco1,BRICS-03054
O=C(Nc1ccccc1)Nc1ccc(-c2ccc(Cn3c(=O)[nH]c4ncc(-n5c(=O)[nH]c(=O)c6ccccc65)cc43)cc2)cc1,BRICS-03055
O=C(Nc1ccc(-c2ccc(Cn3c(=O)[nH]c4ncc(-n5c(=O)[nH]c(=O)c6ccccc65)cc43)cc2)cc1)c1ccccc1,BRICS-03056
N#Cc1ccc(NC(=O)Nc2ccc(-c3ccc(Cn4c(=O)[nH]c5ncc(-n6c(=O)[nH]c(=O)c7ccccc76)cc54)cc3)cc2)cc1,BRICS-03057
O=c1[nH]c(=O)n(-c2cnc3[nH]c(=O)n(Cc4ccc(-c5ccc(Cc6ccc(O)cc6)cc5)cc4)c3c2)c2ccccc12,BRICS-03058
O=C(O)c1ccc(Cc2ccc(-c3ccc(Cn4c(=O)[nH]c5ncc(-n6c(=O)[nH]c(=O)c7ccccc76)cc54)cc3)cc2)cc1,BRICS-03059
O=c1[nH]c(=O)n(-c2cnc3[nH]c(=O)n(Cc4ccc(-c5ccc(Cn6c(=O)[nH]c7ccccc76)cc5)cc4)c3c2)c2ccccc12,BRICS-03060
O=c1[nH]c(=O)n(-c2cnc3[nH]c(=O)n(Cc4ccc(Nc5ccc6sc(-c7ccccc7)nc6c5)cc4)c3c2)c2ccccc12,BRICS-03061
O=c1[nH]c(=O)n(-c2cnc3[nH]c(=O)n(Cc4ccc(Nc5ccc6sc(-c7ccc(O)cc7)nc6c5)cc4)c3c2)c2ccccc12,BRICS-03062
N#Cc1ccc(Nc2nc3cc(Nc4ccc(Cn5c(=O)[nH]c6ncc(-n7c(=O)[nH]c(=O)c8ccccc87)cc65)cc4)ccc3s2)cc1,BRICS-03063
O=c1[nH]c(=O)n(-c2cnc3[nH]c(=O)n(Cc4ccc(Nc5ccc6sc(Nc7ccccc7)nc6c5)cc4)c3c2)c2ccccc12,BRICS-03064
O=c1[nH]c(=O)n(-c2cnc3[nH]c(=O)n(Cc4ccc(Nc5ccc6sc(Cc7ccccc7)nc6c5)cc4)c3c2)c2ccccc12,BRICS-03065
O=c1[nH]c(=O)n(-c2cnc3[nH]c(=O)n(Cc4ccc(-c5cc(S(=O)(=O)Nc6ccccc6)n[nH]5)cc4)c3c2)c2ccccc12,BRICS-03066
O=c1[nH]c(=O)n(-c2cnc3[nH]c(=O)n(Cc4ccc(-c5cc(S(=O)(=O)Nc6ccc(O)cc6)n[nH]5)cc4)c3c2)c2ccccc12,BRICS-03067
O=C(NS(=O)(=O)c1cc(-c2ccc(Cn3c(=O)[nH]c4ncc(-n5c(=O)[nH]c(=O)c6ccccc65)cc43)cc2)[nH]n1)c1ccco1,BRICS-03068
O=C(Nc1ccccc1)NS(=O)(=O)c1cc(-c2ccc(Cn3c(=O)[nH]c4ncc(-n5c(=O)[nH]c(=O)c6ccccc65)cc43)cc2)[nH]n1,BRICS-03069
O=C(NS(=O)(=O)c1cc(-c2ccc(Cn3c(=O)[nH]c4ncc(-n5c(=O)[nH]c(=O)c6ccccc65)cc43)cc2)[nH]n1)c1ccccc1,BRICS-03070
N#Cc1ccc(NS(=O)(=O)c2cc(-c3ccc(Cn4c(=O)[nH]c5ncc(-n6c(=O)[nH]c(=O)c7ccccc76)cc54)cc3)[nH]n2)cc1,BRICS-03071
O=c1[nH]c(=O)n(-c2cnc3[nH]c(=O)n(Cc4ccc(-c5cnc6[nH]c(=O)n(Cc7ccc(O)cc7)c6c5)cc4)c3c2)c2ccccc12,BRICS-03072
O=c1[nH]c(=O)n(-c2cnc3[nH]c(=O)n(Cc4ccc(Nc5ccc(O)cc5)cc4)c3c2)c2ccccc12,BRICS-03073
O=C(O)c1ccc(Nc2ccc(Cn3c(=O)[nH]c4ncc(-n5c(=O)[nH]c(=O)c6ccccc65)cc43)cc2)cc1,BRICS-03074
O=C(Nc1ccc(Cn2c(=O)[nH]c3ncc(-n4c(=O)[nH]c(=O)c5ccccc54)cc32)cc1)c1ccco1,BRICS-03075
O=C(Nc1ccccc1)Nc1ccc(Cn2c(=O)[nH]c3ncc(-n4c(=O)[nH]c(=O)c5ccccc54)cc32)cc1,BRICS-03076
O=C(Nc1ccc(Cn2c(=O)[nH]c3ncc(-n4c(=O)[nH]c(=O)c5ccccc54)cc32)cc1)c1ccccc1,BRICS-03077
N#Cc1ccc(NC(=O)Nc2ccc(Cn3c(=O)[nH]c4ncc(-n5c(=O)[nH]c(=O)c6ccccc65)cc43)cc2)cc1,BRICS-03078
O=c1[nH]c(=O)n(-c2cnc3[nH]c(=O)n(Cc4ccc(Nc5ccc(Cc6ccccc6)cc5)cc4)c3c2)c2ccccc12,BRICS-03079
N#Cc1ccc(Nc2ccc(Nc3ccc(Cn4c(=O)[nH]c5ncc(-n6c(=O)[nH]c(=O)c7ccccc76)cc54)cc3)cc2)cc1,BRICS-03080
O=c1[nH]c(=O)n(-c2cnc3[nH]c(=O)n(Cc4ccc(Nc5ccc(Nc6ccccc6)cc5)cc4)c3c2)c2ccccc12,BRICS-03081
O=c1[nH]c(=O)n(-c2cnc3[nH]c(=O)n(Cc4ccc(Nc5ccc(-c6ccccc6)cc5)cc4)c3c2)c2ccccc12,BRICS-03082
O=c1[nH]c(=O)n(-c2cnc3[nH]c(=O)n(Cc4ccc(Nc5ccc(-c6ccc(O)cc6)cc5)cc4)c3c2)c2ccccc12,BRICS-03083
O=C(O)c1ccc(-c2ccc(Nc3ccc(Cn4c(=O)[nH]c5ncc(-n6c(=O)[nH]c(=O)c7ccccc76)cc54)cc3)cc2)cc1,BRICS-03084
O=c1[nH]c(=O)n(-c2ccc(Nc3ccc(Cn4c(=O)[nH]c5ncc(-n6c(=O)[nH]c(=O)c7ccccc76)cc54)cc3)cc2)c2ccccc12,BRICS-03085
O=c1[nH]c(=O)n(-c2cnc3[nH]c(=O)n(Cc4ccc(Nc5ccc(-n6c(=O)[nH]c7ccccc76)cc5)cc4)c3c2)c2ccccc12,BRICS-03086
N#Cc1ccc(NS(=O)(=O)c2cc(Nc3ccc(Cn4c(=O)[nH]c5ncc(-n6c(=O)[nH]c(=O)c7ccccc76)cc54)cc3)[nH]n2)cc1,BRICS-03087
O=c1[nH]c(=O)n(-c2cnc3[nH]c(=O)n(Cc4ccc(Nc5cc(S(=O)(=O)Nc6ccccc6)n[nH]5)cc4)c3c2)c2ccccc12,BRICS-03088
O=c1[nH]c(=O)n(-c2cnc3[nH]c(=O)n(Cc4ccc(Nc5nc(Cc6ccccc6)no5)cc4)c3c2)c2ccccc12,BRICS-03089
O=c1[nH]c(=O)n(Cc2noc(Nc3ccc(Cn4c(=O)[nH]c5ncc(-n6c(=O)[nH]c(=O)c7ccccc76)cc54)cc3)n2)c2ccccc12,BRICS-03090
O=c1[nH]c(=O)n(-c2cnc3[nH]c(=O)n(Cc4ccc(Nc5nc(-c6ccccc6)no5)cc4)c3c2)c2ccccc12,BRICS-03091
O=c1[nH]c(=O)n(-c2cnc3[nH]c(=O)n(Cc4ccc(Nc5nc(-c6ccc(O)cc6)no5)cc4)c3c2)c2ccccc12,BRICS-03092
O=C(O)c1ccc(-c2noc(Nc3ccc(Cn4c(=O)[nH]c5ncc(-n6c(=O)[nH]c(=O)c7ccccc76)cc54)cc3)n2)cc1,BRICS-03093
N#Cc1ccc(Nc2noc(Nc3ccc(Cn4c(=O)[nH]c5ncc(-n6c(=O)[nH]c(=O)c7ccccc76)cc54)cc3)n2)cc1,BRICS-03094
O=c1[nH]c(=O)n(-c2cnc3[nH]c(=O)n(Cc4ccc(Nc5nc(Nc6ccccc6)no5)cc4)c3c2)c2ccccc12,BRICS-03095
O=c1[nH]c(=O)n(-c2cnc3[nH]c(=O)n(Cc4ccc(Nc5nc(-n6c(=O)[nH]c(=O)c7ccccc76)no5)cc4)c3c2)c2ccccc12,BRICS-03096
O=c1[nH]c(=O)n(-c2cnc3[nH]c(=O)n(Cc4ccc(Nc5nc(-n6c(=O)[nH]c7ccccc76)no5)cc4)c3c2)c2ccccc12,BRICS-03097
O=c1[nH]c(=O)n(-c2cnc3[nH]c(=O)n(Cc4ccc(Nc5nc6cc(Nc7ccccc7)ccc6s5)cc4)c3c2)c2ccccc12,BRICS-03098
O=c1[nH]c(=O)n(-c2cnc3[nH]c(=O)n(Cc4ccc(Nc5nc6cc(Nc7ccc(O)cc7)ccc6s5)cc4)c3c2)c2ccccc12,BRICS-03099
O=C(Nc1ccc2sc(Nc3ccc(Cn4c(=O)[nH]c5ncc(-n6c(=O)[nH]c(=O)c7ccccc76)cc54)cc3)nc2c1)c1ccco1,BRICS-03100
O=c1[nH]c(=O)n(-c2cnc3[nH]c(=O)n(Cc4ccc(Nc5ccc(Nc6ccc(O)cc6)cc5)cc4)c3c2)c2ccccc12,BRICS-03101
O=C(O)c1ccc(Nc2ccc(Nc3ccc(Cn4c(=O)[nH]c5ncc(-n6c(=O)[nH]c(=O)c7ccccc76)cc54)cc3)cc2)cc1,BRICS-03102
O=C(Nc1ccc(Nc2ccc(Cn3c(=O)[nH]c4ncc(-n5c(=O)[nH]c(=O)c6ccccc65)cc43)cc2)cc1)c1ccco1,BRICS-03103
O=C(Nc1ccccc1)Nc1ccc(Nc2ccc(Cn3c(=O)[nH]c4ncc(-n5c(=O)[nH]c(=O)c6ccccc65)cc43)cc2)cc1,BRICS-03104
O=C(Nc1ccc(Nc2ccc(Cn3c(=O)[nH]c4ncc(-n5c(=O)[nH]c(=O)c6ccccc65)cc43)cc2)cc1)c1ccccc1,BRICS-03105
N#Cc1ccc(NC(=O)Nc2ccc(Nc3ccc(Cn4c(=O)[nH]c5ncc(-n6c(=O)[nH]c(=O)c7ccccc76)cc54)cc3)cc2)cc1,BRICS-03106
O=c1[nH]c(=O)n(-c2cnc3[nH]c(=O)n(Cc4ccc(Nc5ccc(Cc6ccc(O)cc6)cc5)cc4)c3c2)c2ccccc12,BRICS-03107
O=C(O)c1ccc(Cc2ccc(Nc3ccc(Cn4c(=O)[nH]c5ncc(-n6c(=O)[nH]c(=O)c7ccccc76)cc54)cc3)cc2)cc1,BRICS-03108
O=c1[nH]c(=O)n(-c2cnc3[nH]c(=O)n(Cc4ccc(Nc5ccc(Cn6c(=O)[nH]c7ccccc76)cc5)cc4)c3c2)c2ccccc12,BRICS-03109
O=c1[nH]c(=O)n(-c2cnc3[nH]c(=O)n(Cc4ccc(Nc5cc(S(=O)(=O)Nc6ccc(O)cc6)n[nH]5)cc4)c3c2)c2ccccc12,BRICS-03110
O=C(NS(=O)(=O)c1cc(Nc2ccc(Cn3c(=O)[nH]c4ncc(-n5c(=O)[nH]c(=O)c6ccccc65)cc43)cc2)[nH]n1)c1ccco1,BRICS-03111
O=C(NS(=O)(=O)c1cc(Nc2ccc(Cn3c(=O)[nH]c4ncc(-n5c(=O)[nH]c(=O)c6ccccc65)cc43)cc2)[nH]n1)c1ccccc1,BRICS-03112
O=c1[nH]c(=O)n(-c2cnc3[nH]c(=O)n(Cc4ccc(Nc5noc(Cc6ccccc6)n5)cc4)c3c2)c2ccccc12,BRICS-03113
O=c1[nH]c(=O)n(Cc2nc(Nc3ccc(Cn4c(=O)[nH]c5ncc(-n6c(=O)[nH]c(=O)c7ccccc76)cc54)cc3)no2)c2ccccc12,BRICS-03114
O=c1[nH]c(=O)n(-c2cnc3[nH]c(=O)n(Cc4ccc(Nc5noc(-c6ccccc6)n5)cc4)c3c2)c2ccccc12,BRICS-03115
O=c1[nH]c(=O)n(-c2cnc3[nH]c(=O)n(Cc4ccc(Nc5noc(-c6ccc(O)cc6)n5)cc4)c3c2)c2ccccc12,BRICS-03116
O=C(O)c1ccc(-c2nc(Nc3ccc(Cn4c(=O)[nH]c5ncc(-n6c(=O)[nH]c(=O)c7ccccc76)cc54)cc3)no2)cc1,BRICS-03117
N#Cc1ccc(Nc2nc(Nc3ccc(Cn4c(=O)[nH]c5ncc(-n6c(=O)[nH]c(=O)c7ccccc76)cc54)cc3)no2)cc1,BRICS-03118
O=c1[nH]c(=O)n(-c2cnc3[nH]c(=O)n(Cc4ccc(Nc5noc(Nc6ccccc6)n5)cc4)c3c2)c2ccccc12,BRICS-03119
O=c1[nH]c(=O)n(-c2cnc3[nH]c(=O)n(Cc4ccc(Nc5noc(-n6c(=O)[nH]c(=O)c7ccccc76)n5)cc4)c3c2)c2ccccc12,BRICS-03120
O=c1[nH]c(=O)n(-c2cnc3[nH]c(=O)n(Cc4ccc(Nc5noc(-n6c(=O)[nH]c7ccccc76)n5)cc4)c3c2)c2ccccc12,BRICS-03121
O=c1[nH]c(=O)n(-c2cnc3[nH]c(=O)n(Cc4ccc(Nc5cnc6[nH]c(=O)n(Cc7ccccc7)c6c5)cc4)c3c2)c2ccccc12,BRICS-03122
O=c1[nH]c(=O)n(-c2cnc3[nH]c(=O)n(Cc4ccc(Nc5cnc6[nH]c(=O)n(Cc7ccc(O)cc7)c6c5)cc4)c3c2)c2ccccc12,BRICS-03123
O=c1[nH]c(=O)n(-c2cnc3[nH]c(=O)n(Cc4ccc(Nc5cnc6[nH]c(=O)n(-c7ccccc7)c6c5)cc4)c3c2)c2ccccc12,BRICS-03124
O=c1[nH]c(=O)n(-c2cnc3[nH]c(=O)n(Cc4ccc(Nc5cnc6[nH]c(=O)n(-c7ccc(O)cc7)c6c5)cc4)c3c2)c2ccccc12,BRICS-03125
N#Cc1ccc(NS(=O)(=O)c2cc(Cn3c(=O)[nH]c4ncc(-n5c(=O)[nH]c(=O)c6ccccc65)cc43)[nH]n2)cc1,BRICS-03126
O=c1[nH]c(=O)n(-c2cnc3[nH]c(=O)n(Cc4cc(S(=O)(=O)Nc5ccccc5)n[nH]4)c3c2)c2ccccc12,BRICS-03127
O=c1[nH]c(=O)n(-c2cnc3[nH]c(=O)n(Cc4cc(S(=O)(=O)Nc5ccc(Cc6ccccc6)cc5)n[nH]4)c3c2)c2ccccc12,BRICS-03128
O=c1[nH]c(=O)n(-c2cnc3[nH]c(=O)n(Cc4cc(S(=O)(=O)Nc5ccc(-c6ccccc6)cc5)n[nH]4)c3c2)c2ccccc12,BRICS-03129
O=c1[nH]c(=O)n(-c2cnc3[nH]c(=O)n(Cc4cc(S(=O)(=O)Nc5ccc(-c6ccc(O)cc6)cc5)n[nH]4)c3c2)c2ccccc12,BRICS-03130
N#Cc1ccc(Nc2ccc(NS(=O)(=O)c3cc(Cn4c(=O)[nH]c5ncc(-n6c(=O)[nH]c(=O)c7ccccc76)cc54)[nH]n3)cc2)cc1,BRICS-03131
O=c1[nH]c(=O)n(-c2cnc3[nH]c(=O)n(Cc4cc(S(=O)(=O)Nc5ccc(Nc6ccccc6)cc5)n[nH]4)c3c2)c2ccccc12,BRICS-03132
O=c1[nH]c(=O)n(-c2cnc3[nH]c(=O)n(Cc4noc(-n5c(=O)[nH]c(=O)c6ccccc65)n4)c3c2)c2ccccc12,BRICS-03133
O=c1[nH]c(=O)n(-c2cnc3[nH]c(=O)n(Cc4noc(-n5c(=O)[nH]c6ccccc65)n4)c3c2)c2ccccc12,BRICS-03134
N#Cc1ccc(Nc2nc(Cn3c(=O)[nH]c4ncc(-n5c(=O)[nH]c(=O)c6ccccc65)cc43)no2)cc1,BRICS-03135
O=c1[nH]c(=O)n(-c2cnc3[nH]c(=O)n(Cc4noc(Nc5ccccc5)n4)c3c2)c2ccccc12,BRICS-03136
O=c1[nH]c(=O)n(-c2cnc3[nH]c(=O)n(Cc4noc(Cc5ccccc5)n4)c3c2)c2ccccc12,BRICS-03137
O=c1[nH]c(=O)n(Cc2nc(Cn3c(=O)[nH]c4ncc(-n5c(=O)[nH]c(=O)c6ccccc65)cc43)no2)c2ccccc12,BRICS-03138
O=c1[nH]c(=O)n(-c2cnc3[nH]c(=O)n(Cc4noc(-c5ccccc5)n4)c3c2)c2ccccc12,BRICS-03139
O=c1[nH]c(=O)n(-c2cnc3[nH]c(=O)n(Cc4noc(-c5ccc(O)cc5)n4)c3c2)c2ccccc12,BRICS-03140
O=C(O)c1ccc(-c2nc(Cn3c(=O)[nH]c4ncc(-n5c(=O)[nH]c(=O)c6ccccc65)cc43)no2)cc1,BRICS-03141
O=c1[nH]c(=O)n(-c2cnc3[nH]c(=O)n(Cc4noc(Cc5ccc(-c6ccccc6)cc5)n4)c3c2)c2ccccc12,BRICS-03142
O=c1[nH]c(=O)n(-c2cnc3[nH]c(=O)n(Cc4noc(Cc5ccc(-c6ccc(O)cc6)cc5)n4)c3c2)c2ccccc12,BRICS-03143
O=C(O)c1ccc(-c2ccc(Cc3nc(Cn4c(=O)[nH]c5ncc(-n6c(=O)[nH]c(=O)c7ccccc76)cc54)no3)cc2)cc1,BRICS-03144
O=c1[nH]c(=O)n(-c2cnc3[nH]c(=O)n(Cc4noc(Cc5ccc(Cc6ccccc6)cc5)n4)c3c2)c2ccccc12,BRICS-03145
O=c1[nH]c(=O)n(Cc2ccc(Cc3nc(Cn4c(=O)[nH]c5ncc(-n6c(=O)[nH]c(=O)c7ccccc76)cc54)no3)cc2)c2ccccc12,BRICS-03146
O=c1[nH]c(=O)n(-c2ccc(Cc3nc(Cn4c(=O)[nH]c5ncc(-n6c(=O)[nH]c(=O)c7ccccc76)cc54)no3)cc2)c2ccccc12,BRICS-03147
O=c1[nH]c(=O)n(-c2cnc3[nH]c(=O)n(Cc4noc(Cc5ccc(-n6c(=O)[nH]c7ccccc76)cc5)n4)c3c2)c2ccccc12,BRICS-03148
N#Cc1ccc(Nc2ccc(Cc3nc(Cn4c(=O)[nH]c5ncc(-n6c(=O)[nH]c(=O)c7ccccc76)cc54)no3)cc2)cc1,BRICS-03149
O=c1[nH]c(=O)n(-c2cnc3[nH]c(=O)n(Cc4noc(Cc5ccc(Nc6ccccc6)cc5)n4)c3c2)c2ccccc12,BRICS-03150
